PaymentTransaction,AuditLog
TXN0000000,LOG0000000
TXN0000000,LOG0000001
TXN0000000,LOG0000002
TXN0000008,LOG0000003
TXN0000019,LOG0000004
TXN0000002,LOG0000005
TXN0000002,LOG0000006
TXN0000001,LOG0000007
TXN0000001,LOG0000008
TXN0000002,LOG0000009
TXN0000002,LOG0000010
TXN0000000,LOG0000011
TXN0000094,LOG0000012
TXN0000099,LOG0000013
TXN0000000,LOG0000014
TXN0000004,LOG0000015
TXN0000000,LOG0000016
TXN0000000,LOG0000017
TXN0000053,LOG0000018
TXN0000001,LOG0000019
TXN0000006,LOG0000020
TXN0000018,LOG0000021
TXN0000019,LOG0000022
TXN0000000,LOG0000023
TXN0000000,LOG0000024
TXN0000000,LOG0000025
TXN0000002,LOG0000026
TXN0000020,LOG0000027
TXN0000000,LOG0000028
TXN0000000,LOG0000029
TXN0000000,LOG0000030
TXN0000000,LOG0000031
TXN0000008,LOG0000032
TXN0000000,LOG0000033
TXN0000004,LOG0000034
TXN0000001,LOG0000035
TXN0000000,LOG0000036
TXN0000000,LOG0000037
TXN0000000,LOG0000038
TXN0000382,LOG0000039
TXN0000013,LOG0000040
TXN0000001,LOG0000041
TXN0000030,LOG0000042
TXN0000000,LOG0000043
TXN0000001,LOG0000044
TXN0001999,LOG0000045
TXN0000001,LOG0000046
TXN0000002,LOG0000047
TXN0000000,LOG0000048
TXN0000001,LOG0000049
TXN0000007,LOG0000050
TXN0000005,LOG0000051
TXN0000000,LOG0000052
TXN0000000,LOG0000053
TXN0000000,LOG0000054
TXN0001999,LOG0000055
TXN0000000,LOG0000056
TXN0001999,LOG0000057
TXN0000030,LOG0000058
TXN0000000,LOG0000059
TXN0000000,LOG0000060
TXN0000000,LOG0000061
TXN0000002,LOG0000062
TXN0000000,LOG0000063
TXN0000000,LOG0000064
TXN0000000,LOG0000065
TXN0000000,LOG0000066
TXN0000003,LOG0000067
TXN0000008,LOG0000068
TXN0000033,LOG0000069
TXN0000000,LOG0000070
TXN0000001,LOG0000071
TXN0000000,LOG0000072
TXN0000006,LOG0000073
TXN0000016,LOG0000074
TXN0000000,LOG0000075
TXN0000003,LOG0000076
TXN0000001,LOG0000077
TXN0000000,LOG0000078
TXN0000000,LOG0000079
TXN0000000,LOG0000080
TXN0000000,LOG0000081
TXN0000000,LOG0000082
TXN0000010,LOG0000083
TXN0000001,LOG0000084
TXN0000001,LOG0000085
TXN0000001,LOG0000086
TXN0000001,LOG0000087
TXN0000000,LOG0000088
TXN0000005,LOG0000089
TXN0000000,LOG0000090
TXN0000004,LOG0000091
TXN0000000,LOG0000092
TXN0000080,LOG0000093
TXN0000001,LOG0000094
TXN0000004,LOG0000095
TXN0000000,LOG0000096
TXN0000004,LOG0000097
TXN0000000,LOG0000098
TXN0000000,LOG0000099
TXN0000007,LOG0000100
TXN0000010,LOG0000101
TXN0000000,LOG0000102
TXN0000034,LOG0000103
TXN0000001,LOG0000104
TXN0000351,LOG0000105
TXN0000000,LOG0000106
TXN0000000,LOG0000107
TXN0000061,LOG0000108
TXN0000033,LOG0000109
TXN0000022,LOG0000110
TXN0000002,LOG0000111
TXN0000666,LOG0000112
TXN0000003,LOG0000113
TXN0001999,LOG0000114
TXN0000001,LOG0000115
TXN0000003,LOG0000116
TXN0000002,LOG0000117
TXN0000000,LOG0000118
TXN0000000,LOG0000119
TXN0000006,LOG0000120
TXN0000001,LOG0000121
TXN0000000,LOG0000122
TXN0000012,LOG0000123
TXN0000000,LOG0000124
TXN0000000,LOG0000125
TXN0000001,LOG0000126
TXN0000003,LOG0000127
TXN0000000,LOG0000128
TXN0000000,LOG0000129
TXN0000000,LOG0000130
TXN0000585,LOG0000131
TXN0000001,LOG0000132
TXN0000003,LOG0000133
TXN0000000,LOG0000134
TXN0000001,LOG0000135
TXN0000015,LOG0000136
TXN0000003,LOG0000137
TXN0000027,LOG0000138
TXN0000011,LOG0000139
TXN0000000,LOG0000140
TXN0000118,LOG0000141
TXN0000032,LOG0000142
TXN0000039,LOG0000143
TXN0000001,LOG0000144
TXN0000014,LOG0000145
TXN0000000,LOG0000146
TXN0000000,LOG0000147
TXN0000000,LOG0000148
TXN0000000,LOG0000149
TXN0000000,LOG0000150
TXN0000001,LOG0000151
TXN0000035,LOG0000152
TXN0000003,LOG0000153
TXN0000000,LOG0000154
TXN0000001,LOG0000155
TXN0000000,LOG0000156
TXN0000004,LOG0000157
TXN0000000,LOG0000158
TXN0000352,LOG0000159
TXN0000001,LOG0000160
TXN0000141,LOG0000161
TXN0000001,LOG0000162
TXN0000002,LOG0000163
TXN0000320,LOG0000164
TXN0000001,LOG0000165
TXN0000015,LOG0000166
TXN0000000,LOG0000167
TXN0000001,LOG0000168
TXN0001414,LOG0000169
TXN0000047,LOG0000170
TXN0000026,LOG0000171
TXN0000002,LOG0000172
TXN0000000,LOG0000173
TXN0000000,LOG0000174
TXN0000028,LOG0000175
TXN0000005,LOG0000176
TXN0000343,LOG0000177
TXN0000000,LOG0000178
TXN0000000,LOG0000179
TXN0000001,LOG0000180
TXN0000005,LOG0000181
TXN0001594,LOG0000182
TXN0000001,LOG0000183
TXN0000006,LOG0000184
TXN0000000,LOG0000185
TXN0000001,LOG0000186
TXN0000002,LOG0000187
TXN0000000,LOG0000188
TXN0000000,LOG0000189
TXN0000001,LOG0000190
TXN0000006,LOG0000191
TXN0000767,LOG0000192
TXN0000007,LOG0000193
TXN0000028,LOG0000194
TXN0000001,LOG0000195
TXN0000005,LOG0000196
TXN0000000,LOG0000197
TXN0000004,LOG0000198
TXN0000000,LOG0000199
TXN0000000,LOG0000200
TXN0000012,LOG0000201
TXN0000000,LOG0000202
TXN0000000,LOG0000203
TXN0000000,LOG0000204
TXN0000009,LOG0000205
TXN0000000,LOG0000206
TXN0000000,LOG0000207
TXN0000015,LOG0000208
TXN0000000,LOG0000209
TXN0000000,LOG0000210
TXN0000000,LOG0000211
TXN0000001,LOG0000212
TXN0000001,LOG0000213
TXN0000040,LOG0000214
TXN0000136,LOG0000215
TXN0000000,LOG0000216
TXN0000001,LOG0000217
TXN0000000,LOG0000218
TXN0000024,LOG0000219
TXN0000001,LOG0000220
TXN0000022,LOG0000221
TXN0000032,LOG0000222
TXN0000000,LOG0000223
TXN0000014,LOG0000224
TXN0000001,LOG0000225
TXN0000003,LOG0000226
TXN0000001,LOG0000227
TXN0000001,LOG0000228
TXN0000000,LOG0000229
TXN0000001,LOG0000230
TXN0001999,LOG0000231
TXN0000006,LOG0000232
TXN0000000,LOG0000233
TXN0000001,LOG0000234
TXN0000001,LOG0000235
TXN0000001,LOG0000236
TXN0000000,LOG0000237
TXN0000002,LOG0000238
TXN0000000,LOG0000239
TXN0000003,LOG0000240
TXN0000065,LOG0000241
TXN0000000,LOG0000242
TXN0000001,LOG0000243
TXN0000002,LOG0000244
TXN0000007,LOG0000245
TXN0000000,LOG0000246
TXN0000015,LOG0000247
TXN0000039,LOG0000248
TXN0000007,LOG0000249
TXN0000000,LOG0000250
TXN0000031,LOG0000251
TXN0000003,LOG0000252
TXN0000002,LOG0000253
TXN0000042,LOG0000254
TXN0000000,LOG0000255
TXN0000031,LOG0000256
TXN0000000,LOG0000257
TXN0000000,LOG0000258
TXN0000000,LOG0000259
TXN0000000,LOG0000260
TXN0000008,LOG0000261
TXN0000000,LOG0000262
TXN0000001,LOG0000263
TXN0000006,LOG0000264
TXN0000002,LOG0000265
TXN0001999,LOG0000266
TXN0000114,LOG0000267
TXN0000001,LOG0000268
TXN0000002,LOG0000269
TXN0000000,LOG0000270
TXN0000000,LOG0000271
TXN0000001,LOG0000272
TXN0000014,LOG0000273
TXN0000000,LOG0000274
TXN0000003,LOG0000275
TXN0000002,LOG0000276
TXN0000009,LOG0000277
TXN0000004,LOG0000278
TXN0000002,LOG0000279
TXN0000000,LOG0000280
TXN0000000,LOG0000281
TXN0000025,LOG0000282
TXN0000000,LOG0000283
TXN0000000,LOG0000284
TXN0000000,LOG0000285
TXN0000000,LOG0000286
TXN0000000,LOG0000287
TXN0000000,LOG0000288
TXN0000008,LOG0000289
TXN0000078,LOG0000290
TXN0000001,LOG0000291
TXN0000000,LOG0000292
TXN0000000,LOG0000293
TXN0000000,LOG0000294
TXN0000000,LOG0000295
TXN0000000,LOG0000296
TXN0000000,LOG0000297
TXN0000001,LOG0000298
TXN0000001,LOG0000299
TXN0000000,LOG0000300
TXN0000006,LOG0000301
TXN0000000,LOG0000302
TXN0000001,LOG0000303
TXN0000001,LOG0000304
TXN0000004,LOG0000305
TXN0000000,LOG0000306
TXN0000001,LOG0000307
TXN0000001,LOG0000308
TXN0000000,LOG0000309
TXN0000013,LOG0000310
TXN0000000,LOG0000311
TXN0000079,LOG0000312
TXN0000000,LOG0000313
TXN0000000,LOG0000314
TXN0000077,LOG0000315
TXN0000000,LOG0000316
TXN0000061,LOG0000317
TXN0000004,LOG0000318
TXN0000000,LOG0000319
TXN0000008,LOG0000320
TXN0000049,LOG0000321
TXN0000000,LOG0000322
TXN0000003,LOG0000323
TXN0000000,LOG0000324
TXN0000000,LOG0000325
TXN0000009,LOG0000326
TXN0000007,LOG0000327
TXN0000001,LOG0000328
TXN0000000,LOG0000329
TXN0000002,LOG0000330
TXN0000001,LOG0000331
TXN0000000,LOG0000332
TXN0000001,LOG0000333
TXN0000000,LOG0000334
TXN0000007,LOG0000335
TXN0000001,LOG0000336
TXN0000005,LOG0000337
TXN0000024,LOG0000338
TXN0000000,LOG0000339
TXN0000009,LOG0000340
TXN0000004,LOG0000341
TXN0000039,LOG0000342
TXN0000000,LOG0000343
TXN0000012,LOG0000344
TXN0000079,LOG0000345
TXN0000006,LOG0000346
TXN0000000,LOG0000347
TXN0000140,LOG0000348
TXN0000000,LOG0000349
TXN0000000,LOG0000350
TXN0000000,LOG0000351
TXN0000004,LOG0000352
TXN0001999,LOG0000353
TXN0000000,LOG0000354
TXN0000000,LOG0000355
TXN0001999,LOG0000356
TXN0000000,LOG0000357
TXN0000001,LOG0000358
TXN0000002,LOG0000359
TXN0000000,LOG0000360
TXN0000602,LOG0000361
TXN0000129,LOG0000362
TXN0000004,LOG0000363
TXN0000000,LOG0000364
TXN0000113,LOG0000365
TXN0000000,LOG0000366
TXN0000001,LOG0000367
TXN0000000,LOG0000368
TXN0000000,LOG0000369
TXN0000016,LOG0000370
TXN0000000,LOG0000371
TXN0000000,LOG0000372
TXN0000003,LOG0000373
TXN0000008,LOG0000374
TXN0000009,LOG0000375
TXN0000047,LOG0000376
TXN0000002,LOG0000377
TXN0000001,LOG0000378
TXN0000002,LOG0000379
TXN0000001,LOG0000380
TXN0000001,LOG0000381
TXN0000000,LOG0000382
TXN0000000,LOG0000383
TXN0000000,LOG0000384
TXN0000316,LOG0000385
TXN0000022,LOG0000386
TXN0000065,LOG0000387
TXN0000000,LOG0000388
TXN0000000,LOG0000389
TXN0000000,LOG0000390
TXN0000026,LOG0000391
TXN0000007,LOG0000392
TXN0000001,LOG0000393
TXN0000000,LOG0000394
TXN0000001,LOG0000395
TXN0000000,LOG0000396
TXN0000003,LOG0000397
TXN0000021,LOG0000398
TXN0000002,LOG0000399
TXN0000001,LOG0000400
TXN0000000,LOG0000401
TXN0000003,LOG0000402
TXN0000019,LOG0000403
TXN0000000,LOG0000404
TXN0000001,LOG0000405
TXN0000000,LOG0000406
TXN0000039,LOG0000407
TXN0000000,LOG0000408
TXN0000000,LOG0000409
TXN0000000,LOG0000410
TXN0000000,LOG0000411
TXN0000002,LOG0000412
TXN0000039,LOG0000413
TXN0000000,LOG0000414
TXN0000002,LOG0000415
TXN0000001,LOG0000416
TXN0000003,LOG0000417
TXN0000006,LOG0000418
TXN0000000,LOG0000419
TXN0000010,LOG0000420
TXN0000022,LOG0000421
TXN0000004,LOG0000422
TXN0000000,LOG0000423
TXN0000004,LOG0000424
TXN0000001,LOG0000425
TXN0000004,LOG0000426
TXN0000002,LOG0000427
TXN0000119,LOG0000428
TXN0000003,LOG0000429
TXN0000000,LOG0000430
TXN0000003,LOG0000431
TXN0000000,LOG0000432
TXN0000000,LOG0000433
TXN0000000,LOG0000434
TXN0000000,LOG0000435
TXN0000001,LOG0000436
TXN0000000,LOG0000437
TXN0000001,LOG0000438
TXN0000000,LOG0000439
TXN0000000,LOG0000440
TXN0000000,LOG0000441
TXN0000001,LOG0000442
TXN0000003,LOG0000443
TXN0000000,LOG0000444
TXN0000020,LOG0000445
TXN0000002,LOG0000446
TXN0000009,LOG0000447
TXN0000004,LOG0000448
TXN0000000,LOG0000449
TXN0000126,LOG0000450
TXN0000000,LOG0000451
TXN0000001,LOG0000452
TXN0000001,LOG0000453
TXN0000109,LOG0000454
TXN0000002,LOG0000455
TXN0000013,LOG0000456
TXN0000033,LOG0000457
TXN0000060,LOG0000458
TXN0000000,LOG0000459
TXN0000003,LOG0000460
TXN0000000,LOG0000461
TXN0000008,LOG0000462
TXN0000070,LOG0000463
TXN0000000,LOG0000464
TXN0000016,LOG0000465
TXN0000011,LOG0000466
TXN0000000,LOG0000467
TXN0000000,LOG0000468
TXN0000002,LOG0000469
TXN0000000,LOG0000470
TXN0000008,LOG0000471
TXN0000003,LOG0000472
TXN0000001,LOG0000473
TXN0000004,LOG0000474
TXN0000001,LOG0000475
TXN0000000,LOG0000476
TXN0000001,LOG0000477
TXN0000051,LOG0000478
TXN0000000,LOG0000479
TXN0000000,LOG0000480
TXN0000000,LOG0000481
TXN0000004,LOG0000482
TXN0000008,LOG0000483
TXN0000002,LOG0000484
TXN0000010,LOG0000485
TXN0001999,LOG0000486
TXN0000026,LOG0000487
TXN0000002,LOG0000488
TXN0000006,LOG0000489
TXN0000005,LOG0000490
TXN0000036,LOG0000491
TXN0000000,LOG0000492
TXN0000008,LOG0000493
TXN0000000,LOG0000494
TXN0000001,LOG0000495
TXN0000012,LOG0000496
TXN0000000,LOG0000497
TXN0000011,LOG0000498
TXN0000007,LOG0000499
TXN0000001,LOG0000500
TXN0000000,LOG0000501
TXN0000014,LOG0000502
TXN0000000,LOG0000503
TXN0000000,LOG0000504
TXN0000000,LOG0000505
TXN0000429,LOG0000506
TXN0000001,LOG0000507
TXN0000058,LOG0000508
TXN0000000,LOG0000509
TXN0000011,LOG0000510
TXN0000001,LOG0000511
TXN0000000,LOG0000512
TXN0000001,LOG0000513
TXN0000000,LOG0000514
TXN0000001,LOG0000515
TXN0000000,LOG0000516
TXN0000002,LOG0000517
TXN0000005,LOG0000518
TXN0000005,LOG0000519
TXN0000010,LOG0000520
TXN0000001,LOG0000521
TXN0000004,LOG0000522
TXN0000188,LOG0000523
TXN0000000,LOG0000524
TXN0000000,LOG0000525
TXN0000004,LOG0000526
TXN0000004,LOG0000527
TXN0000000,LOG0000528
TXN0000000,LOG0000529
TXN0000031,LOG0000530
TXN0000004,LOG0000531
TXN0000025,LOG0000532
TXN0000000,LOG0000533
TXN0000000,LOG0000534
TXN0000000,LOG0000535
TXN0000002,LOG0000536
TXN0000000,LOG0000537
TXN0000002,LOG0000538
TXN0000000,LOG0000539
TXN0000000,LOG0000540
TXN0000008,LOG0000541
TXN0000000,LOG0000542
TXN0000018,LOG0000543
TXN0000000,LOG0000544
TXN0000008,LOG0000545
TXN0000005,LOG0000546
TXN0000006,LOG0000547
TXN0000005,LOG0000548
TXN0000000,LOG0000549
TXN0000002,LOG0000550
TXN0000007,LOG0000551
TXN0000000,LOG0000552
TXN0000671,LOG0000553
TXN0000004,LOG0000554
TXN0000014,LOG0000555
TXN0000003,LOG0000556
TXN0000000,LOG0000557
TXN0000055,LOG0000558
TXN0000001,LOG0000559
TXN0000054,LOG0000560
TXN0000043,LOG0000561
TXN0000000,LOG0000562
TXN0000002,LOG0000563
TXN0000000,LOG0000564
TXN0000005,LOG0000565
TXN0000002,LOG0000566
TXN0000008,LOG0000567
TXN0000007,LOG0000568
TXN0000000,LOG0000569
TXN0000011,LOG0000570
TXN0000006,LOG0000571
TXN0000000,LOG0000572
TXN0000728,LOG0000573
TXN0000000,LOG0000574
TXN0000000,LOG0000575
TXN0000000,LOG0000576
TXN0000001,LOG0000577
TXN0000001,LOG0000578
TXN0000000,LOG0000579
TXN0000014,LOG0000580
TXN0000003,LOG0000581
TXN0000047,LOG0000582
TXN0000000,LOG0000583
TXN0000000,LOG0000584
TXN0000000,LOG0000585
TXN0000000,LOG0000586
TXN0000000,LOG0000587
TXN0000006,LOG0000588
TXN0000001,LOG0000589
TXN0000013,LOG0000590
TXN0000000,LOG0000591
TXN0000001,LOG0000592
TXN0000007,LOG0000593
TXN0000000,LOG0000594
TXN0000000,LOG0000595
TXN0000005,LOG0000596
TXN0000004,LOG0000597
TXN0000000,LOG0000598
TXN0000000,LOG0000599
TXN0000007,LOG0000600
TXN0000016,LOG0000601
TXN0000000,LOG0000602
TXN0000000,LOG0000603
TXN0000000,LOG0000604
TXN0000001,LOG0000605
TXN0000038,LOG0000606
TXN0000001,LOG0000607
TXN0000004,LOG0000608
TXN0000001,LOG0000609
TXN0000000,LOG0000610
TXN0000015,LOG0000611
TXN0000000,LOG0000612
TXN0000005,LOG0000613
TXN0000001,LOG0000614
TXN0000000,LOG0000615
TXN0000003,LOG0000616
TXN0000072,LOG0000617
TXN0000000,LOG0000618
TXN0000000,LOG0000619
TXN0000006,LOG0000620
TXN0000000,LOG0000621
TXN0000004,LOG0000622
TXN0000002,LOG0000623
TXN0000005,LOG0000624
TXN0000003,LOG0000625
TXN0000000,LOG0000626
TXN0000000,LOG0000627
TXN0000135,LOG0000628
TXN0000000,LOG0000629
TXN0000000,LOG0000630
TXN0000000,LOG0000631
TXN0000000,LOG0000632
TXN0000011,LOG0000633
TXN0000113,LOG0000634
TXN0000000,LOG0000635
TXN0000000,LOG0000636
TXN0000000,LOG0000637
TXN0000000,LOG0000638
TXN0000000,LOG0000639
TXN0000001,LOG0000640
TXN0000021,LOG0000641
TXN0000013,LOG0000642
TXN0000000,LOG0000643
TXN0000000,LOG0000644
TXN0000001,LOG0000645
TXN0000000,LOG0000646
TXN0000000,LOG0000647
TXN0000000,LOG0000648
TXN0000000,LOG0000649
TXN0000003,LOG0000650
TXN0000000,LOG0000651
TXN0000000,LOG0000652
TXN0000000,LOG0000653
TXN0000000,LOG0000654
TXN0000000,LOG0000655
TXN0000005,LOG0000656
TXN0000043,LOG0000657
TXN0000018,LOG0000658
TXN0000002,LOG0000659
TXN0000000,LOG0000660
TXN0000000,LOG0000661
TXN0000005,LOG0000662
TXN0000000,LOG0000663
TXN0000003,LOG0000664
TXN0001999,LOG0000665
TXN0000000,LOG0000666
TXN0001681,LOG0000667
TXN0000000,LOG0000668
TXN0000278,LOG0000669
TXN0000011,LOG0000670
TXN0000000,LOG0000671
TXN0000000,LOG0000672
TXN0000000,LOG0000673
TXN0000002,LOG0000674
TXN0000007,LOG0000675
TXN0000000,LOG0000676
TXN0000002,LOG0000677
TXN0000000,LOG0000678
TXN0000000,LOG0000679
TXN0000006,LOG0000680
TXN0000006,LOG0000681
TXN0000001,LOG0000682
TXN0000000,LOG0000683
TXN0001999,LOG0000684
TXN0000096,LOG0000685
TXN0000000,LOG0000686
TXN0000007,LOG0000687
TXN0000003,LOG0000688
TXN0000000,LOG0000689
TXN0000004,LOG0000690
TXN0000001,LOG0000691
TXN0000006,LOG0000692
TXN0000001,LOG0000693
TXN0000001,LOG0000694
TXN0000044,LOG0000695
TXN0000003,LOG0000696
TXN0000011,LOG0000697
TXN0000014,LOG0000698
TXN0000000,LOG0000699
TXN0000027,LOG0000700
TXN0000000,LOG0000701
TXN0000007,LOG0000702
TXN0000000,LOG0000703
TXN0000000,LOG0000704
TXN0000000,LOG0000705
TXN0001145,LOG0000706
TXN0000000,LOG0000707
TXN0000001,LOG0000708
TXN0000000,LOG0000709
TXN0000000,LOG0000710
TXN0001999,LOG0000711
TXN0000000,LOG0000712
TXN0000030,LOG0000713
TXN0000000,LOG0000714
TXN0000000,LOG0000715
TXN0000004,LOG0000716
TXN0000001,LOG0000717
TXN0000042,LOG0000718
TXN0000015,LOG0000719
TXN0000002,LOG0000720
TXN0000120,LOG0000721
TXN0000023,LOG0000722
TXN0000000,LOG0000723
TXN0000008,LOG0000724
TXN0000000,LOG0000725
TXN0000000,LOG0000726
TXN0000000,LOG0000727
TXN0000001,LOG0000728
TXN0000895,LOG0000729
TXN0000190,LOG0000730
TXN0000001,LOG0000731
TXN0000003,LOG0000732
TXN0000000,LOG0000733
TXN0000002,LOG0000734
TXN0000000,LOG0000735
TXN0000000,LOG0000736
TXN0000020,LOG0000737
TXN0000000,LOG0000738
TXN0000000,LOG0000739
TXN0000484,LOG0000740
TXN0000002,LOG0000741
TXN0000006,LOG0000742
TXN0000000,LOG0000743
TXN0000018,LOG0000744
TXN0000012,LOG0000745
TXN0000000,LOG0000746
TXN0000000,LOG0000747
TXN0000001,LOG0000748
TXN0000001,LOG0000749
TXN0000000,LOG0000750
TXN0000001,LOG0000751
TXN0000000,LOG0000752
TXN0000000,LOG0000753
TXN0000000,LOG0000754
TXN0000001,LOG0000755
TXN0000110,LOG0000756
TXN0000003,LOG0000757
TXN0000000,LOG0000758
TXN0000000,LOG0000759
TXN0000002,LOG0000760
TXN0000005,LOG0000761
TXN0000000,LOG0000762
TXN0000000,LOG0000763
TXN0000001,LOG0000764
TXN0000007,LOG0000765
TXN0000007,LOG0000766
TXN0000001,LOG0000767
TXN0000000,LOG0000768
TXN0000001,LOG0000769
TXN0000002,LOG0000770
TXN0000001,LOG0000771
TXN0000000,LOG0000772
TXN0000055,LOG0000773
TXN0000000,LOG0000774
TXN0000000,LOG0000775
TXN0000001,LOG0000776
TXN0000002,LOG0000777
TXN0000000,LOG0000778
TXN0000001,LOG0000779
TXN0000000,LOG0000780
TXN0000026,LOG0000781
TXN0000001,LOG0000782
TXN0000013,LOG0000783
TXN0000002,LOG0000784
TXN0000005,LOG0000785
TXN0000002,LOG0000786
TXN0000006,LOG0000787
TXN0000001,LOG0000788
TXN0000000,LOG0000789
TXN0000003,LOG0000790
TXN0000000,LOG0000791
TXN0000000,LOG0000792
TXN0000455,LOG0000793
TXN0000000,LOG0000794
TXN0000000,LOG0000795
TXN0000014,LOG0000796
TXN0001999,LOG0000797
TXN0000000,LOG0000798
TXN0000001,LOG0000799
TXN0000001,LOG0000800
TXN0000000,LOG0000801
TXN0000000,LOG0000802
TXN0000001,LOG0000803
TXN0000027,LOG0000804
TXN0000027,LOG0000805
TXN0000000,LOG0000806
TXN0000003,LOG0000807
TXN0000254,LOG0000808
TXN0000000,LOG0000809
TXN0000000,LOG0000810
TXN0000000,LOG0000811
TXN0000009,LOG0000812
TXN0000001,LOG0000813
TXN0000003,LOG0000814
TXN0000001,LOG0000815
TXN0000001,LOG0000816
TXN0000000,LOG0000817
TXN0000019,LOG0000818
TXN0000000,LOG0000819
TXN0000000,LOG0000820
TXN0000137,LOG0000821
TXN0000011,LOG0000822
TXN0000016,LOG0000823
TXN0000009,LOG0000824
TXN0000503,LOG0000825
TXN0000000,LOG0000826
TXN0000003,LOG0000827
TXN0000002,LOG0000828
TXN0000001,LOG0000829
TXN0000000,LOG0000830
TXN0000014,LOG0000831
TXN0000005,LOG0000832
TXN0000000,LOG0000833
TXN0000044,LOG0000834
TXN0000000,LOG0000835
TXN0000000,LOG0000836
TXN0000000,LOG0000837
TXN0000000,LOG0000838
TXN0000002,LOG0000839
TXN0000000,LOG0000840
TXN0000000,LOG0000841
TXN0000000,LOG0000842
TXN0000000,LOG0000843
TXN0000009,LOG0000844
TXN0000026,LOG0000845
TXN0000195,LOG0000846
TXN0000131,LOG0000847
TXN0000014,LOG0000848
TXN0000001,LOG0000849
TXN0000005,LOG0000850
TXN0000003,LOG0000851
TXN0000000,LOG0000852
TXN0000001,LOG0000853
TXN0001999,LOG0000854
TXN0000000,LOG0000855
TXN0000000,LOG0000856
TXN0000006,LOG0000857
TXN0000014,LOG0000858
TXN0001328,LOG0000859
TXN0000113,LOG0000860
TXN0000001,LOG0000861
TXN0000000,LOG0000862
TXN0000003,LOG0000863
TXN0000002,LOG0000864
TXN0000003,LOG0000865
TXN0001999,LOG0000866
TXN0000003,LOG0000867
TXN0000000,LOG0000868
TXN0000000,LOG0000869
TXN0000003,LOG0000870
TXN0000002,LOG0000871
TXN0000052,LOG0000872
TXN0000000,LOG0000873
TXN0000000,LOG0000874
TXN0000001,LOG0000875
TXN0000000,LOG0000876
TXN0000004,LOG0000877
TXN0000000,LOG0000878
TXN0000002,LOG0000879
TXN0000000,LOG0000880
TXN0000036,LOG0000881
TXN0000000,LOG0000882
TXN0000006,LOG0000883
TXN0000000,LOG0000884
TXN0000013,LOG0000885
TXN0000015,LOG0000886
TXN0000008,LOG0000887
TXN0000009,LOG0000888
TXN0000004,LOG0000889
TXN0000012,LOG0000890
TXN0000000,LOG0000891
TXN0000000,LOG0000892
TXN0000050,LOG0000893
TXN0000000,LOG0000894
TXN0000001,LOG0000895
TXN0000000,LOG0000896
TXN0000011,LOG0000897
TXN0000000,LOG0000898
TXN0000000,LOG0000899
TXN0000000,LOG0000900
TXN0000003,LOG0000901
TXN0000014,LOG0000902
TXN0000016,LOG0000903
TXN0000002,LOG0000904
TXN0001999,LOG0000905
TXN0000001,LOG0000906
TXN0000000,LOG0000907
TXN0000000,LOG0000908
TXN0000000,LOG0000909
TXN0000036,LOG0000910
TXN0000002,LOG0000911
TXN0000002,LOG0000912
TXN0000001,LOG0000913
TXN0000107,LOG0000914
TXN0000066,LOG0000915
TXN0000000,LOG0000916
TXN0000001,LOG0000917
TXN0000056,LOG0000918
TXN0000734,LOG0000919
TXN0000000,LOG0000920
TXN0001999,LOG0000921
TXN0000000,LOG0000922
TXN0000000,LOG0000923
TXN0000003,LOG0000924
TXN0000000,LOG0000925
TXN0000127,LOG0000926
TXN0000000,LOG0000927
TXN0000000,LOG0000928
TXN0000001,LOG0000929
TXN0000084,LOG0000930
TXN0000012,LOG0000931
TXN0000012,LOG0000932
TXN0000006,LOG0000933
TXN0000020,LOG0000934
TXN0000001,LOG0000935
TXN0000005,LOG0000936
TXN0000004,LOG0000937
TXN0000004,LOG0000938
TXN0000001,LOG0000939
TXN0000000,LOG0000940
TXN0000002,LOG0000941
TXN0000000,LOG0000942
TXN0000000,LOG0000943
TXN0000000,LOG0000944
TXN0000000,LOG0000945
TXN0000000,LOG0000946
TXN0000001,LOG0000947
TXN0000001,LOG0000948
TXN0000001,LOG0000949
TXN0001999,LOG0000950
TXN0000003,LOG0000951
TXN0000024,LOG0000952
TXN0000000,LOG0000953
TXN0000006,LOG0000954
TXN0000000,LOG0000955
TXN0000000,LOG0000956
TXN0000001,LOG0000957
TXN0000000,LOG0000958
TXN0000008,LOG0000959
TXN0000000,LOG0000960
TXN0000001,LOG0000961
TXN0000000,LOG0000962
TXN0000005,LOG0000963
TXN0000002,LOG0000964
TXN0000489,LOG0000965
TXN0000023,LOG0000966
TXN0000002,LOG0000967
TXN0000003,LOG0000968
TXN0000000,LOG0000969
TXN0000002,LOG0000970
TXN0000000,LOG0000971
TXN0000030,LOG0000972
TXN0000002,LOG0000973
TXN0000000,LOG0000974
TXN0000001,LOG0000975
TXN0000000,LOG0000976
TXN0000091,LOG0000977
TXN0000013,LOG0000978
TXN0000000,LOG0000979
TXN0000004,LOG0000980
TXN0000041,LOG0000981
TXN0000000,LOG0000982
TXN0000000,LOG0000983
TXN0000001,LOG0000984
TXN0000000,LOG0000985
TXN0000000,LOG0000986
TXN0000002,LOG0000987
TXN0000001,LOG0000988
TXN0000000,LOG0000989
TXN0000098,LOG0000990
TXN0000003,LOG0000991
TXN0000006,LOG0000992
TXN0000008,LOG0000993
TXN0000000,LOG0000994
TXN0000001,LOG0000995
TXN0000003,LOG0000996
TXN0000001,LOG0000997
TXN0000075,LOG0000998
TXN0000003,LOG0000999
TXN0000001,LOG0001000
TXN0000000,LOG0001001
TXN0000000,LOG0001002
TXN0000022,LOG0001003
TXN0000000,LOG0001004
TXN0000003,LOG0001005
TXN0000000,LOG0001006
TXN0000000,LOG0001007
TXN0000000,LOG0001008
TXN0000002,LOG0001009
TXN0000000,LOG0001010
TXN0000008,LOG0001011
TXN0000004,LOG0001012
TXN0000000,LOG0001013
TXN0000000,LOG0001014
TXN0000001,LOG0001015
TXN0000004,LOG0001016
TXN0000000,LOG0001017
TXN0000000,LOG0001018
TXN0000801,LOG0001019
TXN0000001,LOG0001020
TXN0000000,LOG0001021
TXN0000000,LOG0001022
TXN0000001,LOG0001023
TXN0000000,LOG0001024
TXN0000000,LOG0001025
TXN0000031,LOG0001026
TXN0000000,LOG0001027
TXN0000002,LOG0001028
TXN0000000,LOG0001029
TXN0000000,LOG0001030
TXN0000003,LOG0001031
TXN0000000,LOG0001032
TXN0000001,LOG0001033
TXN0000000,LOG0001034
TXN0000000,LOG0001035
TXN0000011,LOG0001036
TXN0000000,LOG0001037
TXN0000000,LOG0001038
TXN0000013,LOG0001039
TXN0000000,LOG0001040
TXN0000007,LOG0001041
TXN0000010,LOG0001042
TXN0000001,LOG0001043
TXN0000000,LOG0001044
TXN0000000,LOG0001045
TXN0000005,LOG0001046
TXN0000000,LOG0001047
TXN0000000,LOG0001048
TXN0000031,LOG0001049
TXN0000000,LOG0001050
TXN0000003,LOG0001051
TXN0000003,LOG0001052
TXN0000003,LOG0001053
TXN0001999,LOG0001054
TXN0000002,LOG0001055
TXN0000003,LOG0001056
TXN0000002,LOG0001057
TXN0000000,LOG0001058
TXN0000000,LOG0001059
TXN0000000,LOG0001060
TXN0000002,LOG0001061
TXN0000000,LOG0001062
TXN0000001,LOG0001063
TXN0000000,LOG0001064
TXN0000000,LOG0001065
TXN0000001,LOG0001066
TXN0000765,LOG0001067
TXN0000000,LOG0001068
TXN0000004,LOG0001069
TXN0000000,LOG0001070
TXN0000000,LOG0001071
TXN0000001,LOG0001072
TXN0000004,LOG0001073
TXN0000000,LOG0001074
TXN0000000,LOG0001075
TXN0000014,LOG0001076
TXN0000000,LOG0001077
TXN0000003,LOG0001078
TXN0000002,LOG0001079
TXN0000000,LOG0001080
TXN0000000,LOG0001081
TXN0000000,LOG0001082
TXN0000001,LOG0001083
TXN0000001,LOG0001084
TXN0000001,LOG0001085
TXN0001999,LOG0001086
TXN0000206,LOG0001087
TXN0000003,LOG0001088
TXN0000020,LOG0001089
TXN0000002,LOG0001090
TXN0000000,LOG0001091
TXN0000090,LOG0001092
TXN0000004,LOG0001093
TXN0000001,LOG0001094
TXN0000027,LOG0001095
TXN0000004,LOG0001096
TXN0000000,LOG0001097
TXN0000001,LOG0001098
TXN0000000,LOG0001099
TXN0000001,LOG0001100
TXN0001999,LOG0001101
TXN0000281,LOG0001102
TXN0000000,LOG0001103
TXN0000046,LOG0001104
TXN0000787,LOG0001105
TXN0000000,LOG0001106
TXN0000000,LOG0001107
TXN0000032,LOG0001108
TXN0000003,LOG0001109
TXN0000000,LOG0001110
TXN0000000,LOG0001111
TXN0000000,LOG0001112
TXN0000016,LOG0001113
TXN0000000,LOG0001114
TXN0000000,LOG0001115
TXN0000015,LOG0001116
TXN0000003,LOG0001117
TXN0000000,LOG0001118
TXN0000129,LOG0001119
TXN0000000,LOG0001120
TXN0000000,LOG0001121
TXN0000001,LOG0001122
TXN0000000,LOG0001123
TXN0000000,LOG0001124
TXN0000002,LOG0001125
TXN0000000,LOG0001126
TXN0000001,LOG0001127
TXN0000000,LOG0001128
TXN0000423,LOG0001129
TXN0000052,LOG0001130
TXN0000452,LOG0001131
TXN0001999,LOG0001132
TXN0000002,LOG0001133
TXN0000002,LOG0001134
TXN0000830,LOG0001135
TXN0000007,LOG0001136
TXN0000031,LOG0001137
TXN0001999,LOG0001138
TXN0000000,LOG0001139
TXN0000019,LOG0001140
TXN0000000,LOG0001141
TXN0000011,LOG0001142
TXN0000007,LOG0001143
TXN0000008,LOG0001144
TXN0000000,LOG0001145
TXN0000002,LOG0001146
TXN0000001,LOG0001147
TXN0000000,LOG0001148
TXN0000003,LOG0001149
TXN0000077,LOG0001150
TXN0000014,LOG0001151
TXN0000000,LOG0001152
TXN0000000,LOG0001153
TXN0000003,LOG0001154
TXN0000000,LOG0001155
TXN0000001,LOG0001156
TXN0000004,LOG0001157
TXN0000000,LOG0001158
TXN0000018,LOG0001159
TXN0000000,LOG0001160
TXN0000000,LOG0001161
TXN0000056,LOG0001162
TXN0000000,LOG0001163
TXN0000000,LOG0001164
TXN0000015,LOG0001165
TXN0000000,LOG0001166
TXN0000002,LOG0001167
TXN0000000,LOG0001168
TXN0000008,LOG0001169
TXN0000000,LOG0001170
TXN0000000,LOG0001171
TXN0000000,LOG0001172
TXN0000000,LOG0001173
TXN0000000,LOG0001174
TXN0000000,LOG0001175
TXN0000000,LOG0001176
TXN0000021,LOG0001177
TXN0000003,LOG0001178
TXN0000002,LOG0001179
TXN0000000,LOG0001180
TXN0000001,LOG0001181
TXN0000000,LOG0001182
TXN0000006,LOG0001183
TXN0000009,LOG0001184
TXN0000006,LOG0001185
TXN0000000,LOG0001186
TXN0000001,LOG0001187
TXN0001999,LOG0001188
TXN0000002,LOG0001189
TXN0000025,LOG0001190
TXN0000000,LOG0001191
TXN0000000,LOG0001192
TXN0000012,LOG0001193
TXN0000000,LOG0001194
TXN0000000,LOG0001195
TXN0000000,LOG0001196
TXN0000000,LOG0001197
TXN0000000,LOG0001198
TXN0000002,LOG0001199
TXN0000000,LOG0001200
TXN0000092,LOG0001201
TXN0000000,LOG0001202
TXN0000448,LOG0001203
TXN0000001,LOG0001204
TXN0000000,LOG0001205
TXN0000000,LOG0001206
TXN0000005,LOG0001207
TXN0000000,LOG0001208
TXN0000000,LOG0001209
TXN0000000,LOG0001210
TXN0000002,LOG0001211
TXN0000000,LOG0001212
TXN0000000,LOG0001213
TXN0000002,LOG0001214
TXN0000005,LOG0001215
TXN0000000,LOG0001216
TXN0000017,LOG0001217
TXN0000009,LOG0001218
TXN0000002,LOG0001219
TXN0000001,LOG0001220
TXN0000000,LOG0001221
TXN0000000,LOG0001222
TXN0000000,LOG0001223
TXN0000206,LOG0001224
TXN0000001,LOG0001225
TXN0000008,LOG0001226
TXN0000000,LOG0001227
TXN0000119,LOG0001228
TXN0000028,LOG0001229
TXN0000000,LOG0001230
TXN0000001,LOG0001231
TXN0000001,LOG0001232
TXN0000000,LOG0001233
TXN0000005,LOG0001234
TXN0000001,LOG0001235
TXN0000002,LOG0001236
TXN0000053,LOG0001237
TXN0000001,LOG0001238
TXN0000018,LOG0001239
TXN0000000,LOG0001240
TXN0000000,LOG0001241
TXN0000000,LOG0001242
TXN0000002,LOG0001243
TXN0000000,LOG0001244
TXN0000002,LOG0001245
TXN0000006,LOG0001246
TXN0000020,LOG0001247
TXN0000823,LOG0001248
TXN0000004,LOG0001249
TXN0000001,LOG0001250
TXN0000005,LOG0001251
TXN0000000,LOG0001252
TXN0000000,LOG0001253
TXN0000001,LOG0001254
TXN0000005,LOG0001255
TXN0000012,LOG0001256
TXN0000000,LOG0001257
TXN0000000,LOG0001258
TXN0000000,LOG0001259
TXN0000004,LOG0001260
TXN0001161,LOG0001261
TXN0000007,LOG0001262
TXN0000016,LOG0001263
TXN0000099,LOG0001264
TXN0000004,LOG0001265
TXN0000005,LOG0001266
TXN0000000,LOG0001267
TXN0000000,LOG0001268
TXN0000001,LOG0001269
TXN0000003,LOG0001270
TXN0000005,LOG0001271
TXN0000000,LOG0001272
TXN0000007,LOG0001273
TXN0000000,LOG0001274
TXN0000004,LOG0001275
TXN0000000,LOG0001276
TXN0000013,LOG0001277
TXN0000008,LOG0001278
TXN0000000,LOG0001279
TXN0000003,LOG0001280
TXN0000004,LOG0001281
TXN0000000,LOG0001282
TXN0000000,LOG0001283
TXN0000003,LOG0001284
TXN0000000,LOG0001285
TXN0000011,LOG0001286
TXN0000067,LOG0001287
TXN0000000,LOG0001288
TXN0000000,LOG0001289
TXN0001999,LOG0001290
TXN0000000,LOG0001291
TXN0000015,LOG0001292
TXN0000007,LOG0001293
TXN0000003,LOG0001294
TXN0000023,LOG0001295
TXN0000000,LOG0001296
TXN0000002,LOG0001297
TXN0000005,LOG0001298
TXN0000001,LOG0001299
TXN0000012,LOG0001300
TXN0000001,LOG0001301
TXN0001999,LOG0001302
TXN0000000,LOG0001303
TXN0000054,LOG0001304
TXN0000000,LOG0001305
TXN0000000,LOG0001306
TXN0000001,LOG0001307
TXN0000012,LOG0001308
TXN0000000,LOG0001309
TXN0000031,LOG0001310
TXN0000078,LOG0001311
TXN0001999,LOG0001312
TXN0000000,LOG0001313
TXN0000000,LOG0001314
TXN0000000,LOG0001315
TXN0000002,LOG0001316
TXN0000000,LOG0001317
TXN0000016,LOG0001318
TXN0000001,LOG0001319
TXN0000005,LOG0001320
TXN0000000,LOG0001321
TXN0000000,LOG0001322
TXN0000000,LOG0001323
TXN0000001,LOG0001324
TXN0000007,LOG0001325
TXN0000001,LOG0001326
TXN0000000,LOG0001327
TXN0000028,LOG0001328
TXN0000136,LOG0001329
TXN0000050,LOG0001330
TXN0000000,LOG0001331
TXN0000000,LOG0001332
TXN0000047,LOG0001333
TXN0000000,LOG0001334
TXN0000069,LOG0001335
TXN0000001,LOG0001336
TXN0000001,LOG0001337
TXN0000006,LOG0001338
TXN0000000,LOG0001339
TXN0000003,LOG0001340
TXN0000000,LOG0001341
TXN0000063,LOG0001342
TXN0000001,LOG0001343
TXN0000018,LOG0001344
TXN0000001,LOG0001345
TXN0000013,LOG0001346
TXN0000000,LOG0001347
TXN0000000,LOG0001348
TXN0000024,LOG0001349
TXN0000000,LOG0001350
TXN0001999,LOG0001351
TXN0000665,LOG0001352
TXN0000000,LOG0001353
TXN0000052,LOG0001354
TXN0000008,LOG0001355
TXN0000051,LOG0001356
TXN0000000,LOG0001357
TXN0000590,LOG0001358
TXN0000000,LOG0001359
TXN0000017,LOG0001360
TXN0000000,LOG0001361
TXN0000000,LOG0001362
TXN0000001,LOG0001363
TXN0000001,LOG0001364
TXN0000001,LOG0001365
TXN0000001,LOG0001366
TXN0000000,LOG0001367
TXN0000068,LOG0001368
TXN0000008,LOG0001369
TXN0000000,LOG0001370
TXN0000001,LOG0001371
TXN0000000,LOG0001372
TXN0000000,LOG0001373
TXN0000000,LOG0001374
TXN0000000,LOG0001375
TXN0000007,LOG0001376
TXN0000024,LOG0001377
TXN0000000,LOG0001378
TXN0001999,LOG0001379
TXN0000140,LOG0001380
TXN0000001,LOG0001381
TXN0000006,LOG0001382
TXN0000000,LOG0001383
TXN0000002,LOG0001384
TXN0000001,LOG0001385
TXN0000000,LOG0001386
TXN0000007,LOG0001387
TXN0000000,LOG0001388
TXN0000000,LOG0001389
TXN0000001,LOG0001390
TXN0000247,LOG0001391
TXN0000004,LOG0001392
TXN0000001,LOG0001393
TXN0000047,LOG0001394
TXN0000001,LOG0001395
TXN0000000,LOG0001396
TXN0000007,LOG0001397
TXN0000007,LOG0001398
TXN0000007,LOG0001399
TXN0000004,LOG0001400
TXN0000004,LOG0001401
TXN0000001,LOG0001402
TXN0000001,LOG0001403
TXN0000002,LOG0001404
TXN0000014,LOG0001405
TXN0000000,LOG0001406
TXN0000010,LOG0001407
TXN0000000,LOG0001408
TXN0000009,LOG0001409
TXN0000013,LOG0001410
TXN0000004,LOG0001411
TXN0000000,LOG0001412
TXN0000017,LOG0001413
TXN0000000,LOG0001414
TXN0000000,LOG0001415
TXN0000050,LOG0001416
TXN0000001,LOG0001417
TXN0000002,LOG0001418
TXN0000000,LOG0001419
TXN0000000,LOG0001420
TXN0000039,LOG0001421
TXN0000189,LOG0001422
TXN0000269,LOG0001423
TXN0000000,LOG0001424
TXN0000091,LOG0001425
TXN0000000,LOG0001426
TXN0000001,LOG0001427
TXN0000000,LOG0001428
TXN0000000,LOG0001429
TXN0000002,LOG0001430
TXN0000006,LOG0001431
TXN0000001,LOG0001432
TXN0000000,LOG0001433
TXN0000031,LOG0001434
TXN0000000,LOG0001435
TXN0000001,LOG0001436
TXN0000000,LOG0001437
TXN0000000,LOG0001438
TXN0000001,LOG0001439
TXN0000002,LOG0001440
TXN0000001,LOG0001441
TXN0000003,LOG0001442
TXN0000000,LOG0001443
TXN0000000,LOG0001444
TXN0000003,LOG0001445
TXN0000000,LOG0001446
TXN0000000,LOG0001447
TXN0000000,LOG0001448
TXN0000003,LOG0001449
TXN0000002,LOG0001450
TXN0000004,LOG0001451
TXN0000000,LOG0001452
TXN0000000,LOG0001453
TXN0000003,LOG0001454
TXN0000023,LOG0001455
TXN0000004,LOG0001456
TXN0000001,LOG0001457
TXN0000003,LOG0001458
TXN0000054,LOG0001459
TXN0000000,LOG0001460
TXN0000000,LOG0001461
TXN0000026,LOG0001462
TXN0000003,LOG0001463
TXN0000036,LOG0001464
TXN0000001,LOG0001465
TXN0000008,LOG0001466
TXN0000000,LOG0001467
TXN0000000,LOG0001468
TXN0000000,LOG0001469
TXN0000000,LOG0001470
TXN0000003,LOG0001471
TXN0000001,LOG0001472
TXN0000000,LOG0001473
TXN0000015,LOG0001474
TXN0000000,LOG0001475
TXN0000002,LOG0001476
TXN0000000,LOG0001477
TXN0000003,LOG0001478
TXN0000000,LOG0001479
TXN0000000,LOG0001480
TXN0000000,LOG0001481
TXN0000000,LOG0001482
TXN0000000,LOG0001483
TXN0000000,LOG0001484
TXN0000000,LOG0001485
TXN0000001,LOG0001486
TXN0000018,LOG0001487
TXN0000003,LOG0001488
TXN0000000,LOG0001489
TXN0000001,LOG0001490
TXN0000000,LOG0001491
TXN0000001,LOG0001492
TXN0000001,LOG0001493
TXN0000000,LOG0001494
TXN0000006,LOG0001495
TXN0000003,LOG0001496
TXN0000037,LOG0001497
TXN0000001,LOG0001498
TXN0000000,LOG0001499
TXN0000000,LOG0001500
TXN0000084,LOG0001501
TXN0000003,LOG0001502
TXN0000063,LOG0001503
TXN0000003,LOG0001504
TXN0000003,LOG0001505
TXN0000000,LOG0001506
TXN0000000,LOG0001507
TXN0000022,LOG0001508
TXN0000003,LOG0001509
TXN0000110,LOG0001510
TXN0000002,LOG0001511
TXN0000005,LOG0001512
TXN0000000,LOG0001513
TXN0000000,LOG0001514
TXN0000000,LOG0001515
TXN0000000,LOG0001516
TXN0000070,LOG0001517
TXN0000000,LOG0001518
TXN0000001,LOG0001519
TXN0000000,LOG0001520
TXN0000000,LOG0001521
TXN0000001,LOG0001522
TXN0000000,LOG0001523
TXN0000003,LOG0001524
TXN0000000,LOG0001525
TXN0000000,LOG0001526
TXN0000000,LOG0001527
TXN0000001,LOG0001528
TXN0000000,LOG0001529
TXN0000014,LOG0001530
TXN0000328,LOG0001531
TXN0000007,LOG0001532
TXN0000655,LOG0001533
TXN0000199,LOG0001534
TXN0000000,LOG0001535
TXN0000001,LOG0001536
TXN0000010,LOG0001537
TXN0000027,LOG0001538
TXN0000000,LOG0001539
TXN0000000,LOG0001540
TXN0000013,LOG0001541
TXN0000002,LOG0001542
TXN0000041,LOG0001543
TXN0000003,LOG0001544
TXN0000009,LOG0001545
TXN0000002,LOG0001546
TXN0000000,LOG0001547
TXN0000002,LOG0001548
TXN0000000,LOG0001549
TXN0000000,LOG0001550
TXN0000013,LOG0001551
TXN0000006,LOG0001552
TXN0000002,LOG0001553
TXN0000000,LOG0001554
TXN0000002,LOG0001555
TXN0000000,LOG0001556
TXN0000000,LOG0001557
TXN0000001,LOG0001558
TXN0000001,LOG0001559
TXN0000000,LOG0001560
TXN0000002,LOG0001561
TXN0000002,LOG0001562
TXN0000000,LOG0001563
TXN0000042,LOG0001564
TXN0000007,LOG0001565
TXN0000990,LOG0001566
TXN0000033,LOG0001567
TXN0000000,LOG0001568
TXN0000001,LOG0001569
TXN0000001,LOG0001570
TXN0000000,LOG0001571
TXN0000002,LOG0001572
TXN0000000,LOG0001573
TXN0000001,LOG0001574
TXN0000001,LOG0001575
TXN0000012,LOG0001576
TXN0000000,LOG0001577
TXN0000003,LOG0001578
TXN0000000,LOG0001579
TXN0001655,LOG0001580
TXN0000001,LOG0001581
TXN0000011,LOG0001582
TXN0000000,LOG0001583
TXN0000562,LOG0001584
TXN0000011,LOG0001585
TXN0000009,LOG0001586
TXN0000000,LOG0001587
TXN0000000,LOG0001588
TXN0000003,LOG0001589
TXN0000000,LOG0001590
TXN0000000,LOG0001591
TXN0000020,LOG0001592
TXN0000001,LOG0001593
TXN0000133,LOG0001594
TXN0000001,LOG0001595
TXN0000000,LOG0001596
TXN0000000,LOG0001597
TXN0000003,LOG0001598
TXN0000006,LOG0001599
TXN0000037,LOG0001600
TXN0000000,LOG0001601
TXN0000306,LOG0001602
TXN0000001,LOG0001603
TXN0000006,LOG0001604
TXN0000000,LOG0001605
TXN0000003,LOG0001606
TXN0000064,LOG0001607
TXN0000007,LOG0001608
TXN0000001,LOG0001609
TXN0000000,LOG0001610
TXN0000001,LOG0001611
TXN0000002,LOG0001612
TXN0000000,LOG0001613
TXN0000001,LOG0001614
TXN0000000,LOG0001615
TXN0000000,LOG0001616
TXN0000000,LOG0001617
TXN0000005,LOG0001618
TXN0000000,LOG0001619
TXN0000197,LOG0001620
TXN0000002,LOG0001621
TXN0000000,LOG0001622
TXN0000164,LOG0001623
TXN0001999,LOG0001624
TXN0000001,LOG0001625
TXN0000004,LOG0001626
TXN0000008,LOG0001627
TXN0000001,LOG0001628
TXN0000000,LOG0001629
TXN0000000,LOG0001630
TXN0000021,LOG0001631
TXN0000001,LOG0001632
TXN0000000,LOG0001633
TXN0000134,LOG0001634
TXN0000023,LOG0001635
TXN0000004,LOG0001636
TXN0000000,LOG0001637
TXN0000000,LOG0001638
TXN0000053,LOG0001639
TXN0000001,LOG0001640
TXN0000000,LOG0001641
TXN0000001,LOG0001642
TXN0000000,LOG0001643
TXN0000000,LOG0001644
TXN0000002,LOG0001645
TXN0000000,LOG0001646
TXN0000006,LOG0001647
TXN0000001,LOG0001648
TXN0000000,LOG0001649
TXN0000002,LOG0001650
TXN0000001,LOG0001651
TXN0000001,LOG0001652
TXN0000000,LOG0001653
TXN0000000,LOG0001654
TXN0000002,LOG0001655
TXN0000001,LOG0001656
TXN0000000,LOG0001657
TXN0000016,LOG0001658
TXN0000008,LOG0001659
TXN0000011,LOG0001660
TXN0000000,LOG0001661
TXN0000001,LOG0001662
TXN0000001,LOG0001663
TXN0000002,LOG0001664
TXN0000002,LOG0001665
TXN0000005,LOG0001666
TXN0000001,LOG0001667
TXN0000000,LOG0001668
TXN0000000,LOG0001669
TXN0000001,LOG0001670
TXN0000003,LOG0001671
TXN0000006,LOG0001672
TXN0000000,LOG0001673
TXN0000000,LOG0001674
TXN0000000,LOG0001675
TXN0000097,LOG0001676
TXN0000001,LOG0001677
TXN0000000,LOG0001678
TXN0000275,LOG0001679
TXN0000001,LOG0001680
TXN0000001,LOG0001681
TXN0000011,LOG0001682
TXN0000000,LOG0001683
TXN0000211,LOG0001684
TXN0000002,LOG0001685
TXN0000003,LOG0001686
TXN0000000,LOG0001687
TXN0000000,LOG0001688
TXN0000003,LOG0001689
TXN0000003,LOG0001690
TXN0000001,LOG0001691
TXN0000000,LOG0001692
TXN0000000,LOG0001693
TXN0000011,LOG0001694
TXN0000579,LOG0001695
TXN0000003,LOG0001696
TXN0000002,LOG0001697
TXN0000006,LOG0001698
TXN0000000,LOG0001699
TXN0000000,LOG0001700
TXN0000027,LOG0001701
TXN0000000,LOG0001702
TXN0000000,LOG0001703
TXN0000000,LOG0001704
TXN0000116,LOG0001705
TXN0000005,LOG0001706
TXN0000000,LOG0001707
TXN0000002,LOG0001708
TXN0000000,LOG0001709
TXN0000004,LOG0001710
TXN0000023,LOG0001711
TXN0000001,LOG0001712
TXN0000007,LOG0001713
TXN0000018,LOG0001714
TXN0000003,LOG0001715
TXN0000012,LOG0001716
TXN0000000,LOG0001717
TXN0000000,LOG0001718
TXN0000002,LOG0001719
TXN0000187,LOG0001720
TXN0000019,LOG0001721
TXN0000000,LOG0001722
TXN0000001,LOG0001723
TXN0000000,LOG0001724
TXN0000005,LOG0001725
TXN0000004,LOG0001726
TXN0001999,LOG0001727
TXN0000010,LOG0001728
TXN0000012,LOG0001729
TXN0000005,LOG0001730
TXN0000000,LOG0001731
TXN0000108,LOG0001732
TXN0000158,LOG0001733
TXN0000000,LOG0001734
TXN0000001,LOG0001735
TXN0001018,LOG0001736
TXN0000003,LOG0001737
TXN0000150,LOG0001738
TXN0001999,LOG0001739
TXN0000006,LOG0001740
TXN0000044,LOG0001741
TXN0000001,LOG0001742
TXN0000026,LOG0001743
TXN0000001,LOG0001744
TXN0000030,LOG0001745
TXN0000319,LOG0001746
TXN0000050,LOG0001747
TXN0000000,LOG0001748
TXN0000000,LOG0001749
TXN0000000,LOG0001750
TXN0000004,LOG0001751
TXN0000001,LOG0001752
TXN0000000,LOG0001753
TXN0000073,LOG0001754
TXN0000005,LOG0001755
TXN0000043,LOG0001756
TXN0000000,LOG0001757
TXN0000072,LOG0001758
TXN0000008,LOG0001759
TXN0000002,LOG0001760
TXN0000000,LOG0001761
TXN0000000,LOG0001762
TXN0000012,LOG0001763
TXN0000000,LOG0001764
TXN0000000,LOG0001765
TXN0000001,LOG0001766
TXN0000000,LOG0001767
TXN0000000,LOG0001768
TXN0000001,LOG0001769
TXN0000003,LOG0001770
TXN0000048,LOG0001771
TXN0000040,LOG0001772
TXN0000000,LOG0001773
TXN0000002,LOG0001774
TXN0000026,LOG0001775
TXN0000079,LOG0001776
TXN0000000,LOG0001777
TXN0000056,LOG0001778
TXN0000000,LOG0001779
TXN0000002,LOG0001780
TXN0000000,LOG0001781
TXN0000001,LOG0001782
TXN0000002,LOG0001783
TXN0000041,LOG0001784
TXN0000010,LOG0001785
TXN0000000,LOG0001786
TXN0000000,LOG0001787
TXN0000004,LOG0001788
TXN0000000,LOG0001789
TXN0000005,LOG0001790
TXN0000002,LOG0001791
TXN0000000,LOG0001792
TXN0000003,LOG0001793
TXN0000004,LOG0001794
TXN0000317,LOG0001795
TXN0000000,LOG0001796
TXN0000000,LOG0001797
TXN0000001,LOG0001798
TXN0000000,LOG0001799
TXN0000196,LOG0001800
TXN0000022,LOG0001801
TXN0000000,LOG0001802
TXN0000000,LOG0001803
TXN0000000,LOG0001804
TXN0000005,LOG0001805
TXN0000012,LOG0001806
TXN0000001,LOG0001807
TXN0000000,LOG0001808
TXN0000000,LOG0001809
TXN0000002,LOG0001810
TXN0000000,LOG0001811
TXN0000000,LOG0001812
TXN0000000,LOG0001813
TXN0000000,LOG0001814
TXN0000000,LOG0001815
TXN0000030,LOG0001816
TXN0000000,LOG0001817
TXN0000002,LOG0001818
TXN0000002,LOG0001819
TXN0000000,LOG0001820
TXN0000007,LOG0001821
TXN0000073,LOG0001822
TXN0000001,LOG0001823
TXN0000000,LOG0001824
TXN0000027,LOG0001825
TXN0000000,LOG0001826
TXN0000007,LOG0001827
TXN0000020,LOG0001828
TXN0000022,LOG0001829
TXN0000008,LOG0001830
TXN0000000,LOG0001831
TXN0000000,LOG0001832
TXN0000000,LOG0001833
TXN0000004,LOG0001834
TXN0000006,LOG0001835
TXN0000027,LOG0001836
TXN0000004,LOG0001837
TXN0000001,LOG0001838
TXN0000000,LOG0001839
TXN0000003,LOG0001840
TXN0000033,LOG0001841
TXN0000000,LOG0001842
TXN0000000,LOG0001843
TXN0000003,LOG0001844
TXN0000000,LOG0001845
TXN0000000,LOG0001846
TXN0000001,LOG0001847
TXN0000008,LOG0001848
TXN0000007,LOG0001849
TXN0000000,LOG0001850
TXN0000007,LOG0001851
TXN0000004,LOG0001852
TXN0000001,LOG0001853
TXN0000004,LOG0001854
TXN0000047,LOG0001855
TXN0000000,LOG0001856
TXN0000005,LOG0001857
TXN0000001,LOG0001858
TXN0000029,LOG0001859
TXN0000000,LOG0001860
TXN0000000,LOG0001861
TXN0000000,LOG0001862
TXN0000000,LOG0001863
TXN0000031,LOG0001864
TXN0000000,LOG0001865
TXN0000125,LOG0001866
TXN0000000,LOG0001867
TXN0000001,LOG0001868
TXN0000003,LOG0001869
TXN0000002,LOG0001870
TXN0000001,LOG0001871
TXN0000001,LOG0001872
TXN0000003,LOG0001873
TXN0000005,LOG0001874
TXN0000000,LOG0001875
TXN0000001,LOG0001876
TXN0000001,LOG0001877
TXN0000141,LOG0001878
TXN0000000,LOG0001879
TXN0000003,LOG0001880
TXN0000002,LOG0001881
TXN0000019,LOG0001882
TXN0000000,LOG0001883
TXN0000000,LOG0001884
TXN0000000,LOG0001885
TXN0000000,LOG0001886
TXN0000000,LOG0001887
TXN0000022,LOG0001888
TXN0000014,LOG0001889
TXN0000000,LOG0001890
TXN0000014,LOG0001891
TXN0000002,LOG0001892
TXN0000000,LOG0001893
TXN0000004,LOG0001894
TXN0000141,LOG0001895
TXN0000000,LOG0001896
TXN0000074,LOG0001897
TXN0000013,LOG0001898
TXN0000002,LOG0001899
TXN0000000,LOG0001900
TXN0000003,LOG0001901
TXN0000025,LOG0001902
TXN0000000,LOG0001903
TXN0000000,LOG0001904
TXN0000028,LOG0001905
TXN0000002,LOG0001906
TXN0000001,LOG0001907
TXN0000000,LOG0001908
TXN0000003,LOG0001909
TXN0000000,LOG0001910
TXN0000002,LOG0001911
TXN0000003,LOG0001912
TXN0000024,LOG0001913
TXN0000000,LOG0001914
TXN0000019,LOG0001915
TXN0000004,LOG0001916
TXN0000000,LOG0001917
TXN0000017,LOG0001918
TXN0000019,LOG0001919
TXN0000007,LOG0001920
TXN0000002,LOG0001921
TXN0000000,LOG0001922
TXN0000025,LOG0001923
TXN0000001,LOG0001924
TXN0000116,LOG0001925
TXN0000000,LOG0001926
TXN0000000,LOG0001927
TXN0000006,LOG0001928
TXN0000000,LOG0001929
TXN0000003,LOG0001930
TXN0000144,LOG0001931
TXN0000001,LOG0001932
TXN0000190,LOG0001933
TXN0000003,LOG0001934
TXN0000002,LOG0001935
TXN0000000,LOG0001936
TXN0000000,LOG0001937
TXN0000006,LOG0001938
TXN0000000,LOG0001939
TXN0000000,LOG0001940
TXN0000003,LOG0001941
TXN0000159,LOG0001942
TXN0000000,LOG0001943
TXN0000000,LOG0001944
TXN0000003,LOG0001945
TXN0000029,LOG0001946
TXN0000002,LOG0001947
TXN0000013,LOG0001948
TXN0000000,LOG0001949
TXN0000000,LOG0001950
TXN0000010,LOG0001951
TXN0000001,LOG0001952
TXN0000022,LOG0001953
TXN0000002,LOG0001954
TXN0000000,LOG0001955
TXN0000001,LOG0001956
TXN0000000,LOG0001957
TXN0000001,LOG0001958
TXN0000001,LOG0001959
TXN0000006,LOG0001960
TXN0000000,LOG0001961
TXN0000005,LOG0001962
TXN0000000,LOG0001963
TXN0000003,LOG0001964
TXN0000007,LOG0001965
TXN0000000,LOG0001966
TXN0000000,LOG0001967
TXN0000011,LOG0001968
TXN0000027,LOG0001969
TXN0000005,LOG0001970
TXN0000003,LOG0001971
TXN0000000,LOG0001972
TXN0000001,LOG0001973
TXN0000001,LOG0001974
TXN0000002,LOG0001975
TXN0000002,LOG0001976
TXN0000001,LOG0001977
TXN0000004,LOG0001978
TXN0000000,LOG0001979
TXN0000001,LOG0001980
TXN0000004,LOG0001981
TXN0000001,LOG0001982
TXN0000006,LOG0001983
TXN0000008,LOG0001984
TXN0000000,LOG0001985
TXN0000000,LOG0001986
TXN0000003,LOG0001987
TXN0001242,LOG0001988
TXN0000103,LOG0001989
TXN0000021,LOG0001990
TXN0000000,LOG0001991
TXN0000136,LOG0001992
TXN0000000,LOG0001993
TXN0000000,LOG0001994
TXN0000021,LOG0001995
TXN0000000,LOG0001996
TXN0000001,LOG0001997
TXN0000001,LOG0001998
TXN0000001,LOG0001999
TXN0000014,LOG0002000
TXN0000000,LOG0002001
TXN0000004,LOG0002002
TXN0000008,LOG0002003
TXN0000005,LOG0002004
TXN0000000,LOG0002005
TXN0000009,LOG0002006
TXN0000001,LOG0002007
TXN0000000,LOG0002008
TXN0000002,LOG0002009
TXN0000001,LOG0002010
TXN0000001,LOG0002011
TXN0000002,LOG0002012
TXN0000006,LOG0002013
TXN0000000,LOG0002014
TXN0000000,LOG0002015
TXN0000002,LOG0002016
TXN0000000,LOG0002017
TXN0000019,LOG0002018
TXN0000000,LOG0002019
TXN0000040,LOG0002020
TXN0000000,LOG0002021
TXN0000000,LOG0002022
TXN0000000,LOG0002023
TXN0000033,LOG0002024
TXN0000002,LOG0002025
TXN0000000,LOG0002026
TXN0000005,LOG0002027
TXN0000000,LOG0002028
TXN0000001,LOG0002029
TXN0000014,LOG0002030
TXN0000001,LOG0002031
TXN0000000,LOG0002032
TXN0000000,LOG0002033
TXN0000205,LOG0002034
TXN0000000,LOG0002035
TXN0000014,LOG0002036
TXN0000353,LOG0002037
TXN0000000,LOG0002038
TXN0000202,LOG0002039
TXN0000000,LOG0002040
TXN0000000,LOG0002041
TXN0000166,LOG0002042
TXN0000002,LOG0002043
TXN0000000,LOG0002044
TXN0000000,LOG0002045
TXN0000000,LOG0002046
TXN0000006,LOG0002047
TXN0001999,LOG0002048
TXN0000000,LOG0002049
TXN0000002,LOG0002050
TXN0000006,LOG0002051
TXN0000002,LOG0002052
TXN0000002,LOG0002053
TXN0000000,LOG0002054
TXN0000076,LOG0002055
TXN0000000,LOG0002056
TXN0000000,LOG0002057
TXN0000000,LOG0002058
TXN0000000,LOG0002059
TXN0000002,LOG0002060
TXN0000000,LOG0002061
TXN0000005,LOG0002062
TXN0000002,LOG0002063
TXN0000000,LOG0002064
TXN0000000,LOG0002065
TXN0000000,LOG0002066
TXN0000067,LOG0002067
TXN0000011,LOG0002068
TXN0000040,LOG0002069
TXN0000040,LOG0002070
TXN0000001,LOG0002071
TXN0000402,LOG0002072
TXN0000017,LOG0002073
TXN0000003,LOG0002074
TXN0000003,LOG0002075
TXN0000020,LOG0002076
TXN0000004,LOG0002077
TXN0000000,LOG0002078
TXN0000019,LOG0002079
TXN0000001,LOG0002080
TXN0000000,LOG0002081
TXN0000017,LOG0002082
TXN0000000,LOG0002083
TXN0000000,LOG0002084
TXN0000002,LOG0002085
TXN0000000,LOG0002086
TXN0000018,LOG0002087
TXN0000000,LOG0002088
TXN0000003,LOG0002089
TXN0000005,LOG0002090
TXN0000003,LOG0002091
TXN0000000,LOG0002092
TXN0000000,LOG0002093
TXN0000001,LOG0002094
TXN0000001,LOG0002095
TXN0000000,LOG0002096
TXN0000034,LOG0002097
TXN0000000,LOG0002098
TXN0001814,LOG0002099
TXN0000000,LOG0002100
TXN0000000,LOG0002101
TXN0000033,LOG0002102
TXN0000011,LOG0002103
TXN0000002,LOG0002104
TXN0000014,LOG0002105
TXN0000000,LOG0002106
TXN0000002,LOG0002107
TXN0000000,LOG0002108
TXN0000000,LOG0002109
TXN0000225,LOG0002110
TXN0000036,LOG0002111
TXN0000007,LOG0002112
TXN0000003,LOG0002113
TXN0000000,LOG0002114
TXN0000000,LOG0002115
TXN0000000,LOG0002116
TXN0000002,LOG0002117
TXN0000000,LOG0002118
TXN0000000,LOG0002119
TXN0000009,LOG0002120
TXN0000007,LOG0002121
TXN0000000,LOG0002122
TXN0000023,LOG0002123
TXN0000004,LOG0002124
TXN0000000,LOG0002125
TXN0000006,LOG0002126
TXN0000011,LOG0002127
TXN0000000,LOG0002128
TXN0000000,LOG0002129
TXN0000001,LOG0002130
TXN0000006,LOG0002131
TXN0000001,LOG0002132
TXN0000008,LOG0002133
TXN0000000,LOG0002134
TXN0000000,LOG0002135
TXN0000003,LOG0002136
TXN0000001,LOG0002137
TXN0000000,LOG0002138
TXN0000002,LOG0002139
TXN0000000,LOG0002140
TXN0000002,LOG0002141
TXN0000031,LOG0002142
TXN0000025,LOG0002143
TXN0000004,LOG0002144
TXN0000000,LOG0002145
TXN0000004,LOG0002146
TXN0000000,LOG0002147
TXN0000013,LOG0002148
TXN0000000,LOG0002149
TXN0000001,LOG0002150
TXN0000005,LOG0002151
TXN0000007,LOG0002152
TXN0000010,LOG0002153
TXN0000000,LOG0002154
TXN0000054,LOG0002155
TXN0000002,LOG0002156
TXN0000001,LOG0002157
TXN0000007,LOG0002158
TXN0000000,LOG0002159
TXN0000001,LOG0002160
TXN0000000,LOG0002161
TXN0000000,LOG0002162
TXN0000000,LOG0002163
TXN0000001,LOG0002164
TXN0000002,LOG0002165
TXN0000004,LOG0002166
TXN0000013,LOG0002167
TXN0000011,LOG0002168
TXN0000000,LOG0002169
TXN0000006,LOG0002170
TXN0000001,LOG0002171
TXN0000000,LOG0002172
TXN0000017,LOG0002173
TXN0000000,LOG0002174
TXN0000000,LOG0002175
TXN0000051,LOG0002176
TXN0000004,LOG0002177
TXN0000002,LOG0002178
TXN0000002,LOG0002179
TXN0000001,LOG0002180
TXN0000001,LOG0002181
TXN0000157,LOG0002182
TXN0000002,LOG0002183
TXN0000001,LOG0002184
TXN0000001,LOG0002185
TXN0000001,LOG0002186
TXN0000034,LOG0002187
TXN0000000,LOG0002188
TXN0000012,LOG0002189
TXN0000000,LOG0002190
TXN0000000,LOG0002191
TXN0000006,LOG0002192
TXN0000000,LOG0002193
TXN0000010,LOG0002194
TXN0000005,LOG0002195
TXN0000002,LOG0002196
TXN0000001,LOG0002197
TXN0000001,LOG0002198
TXN0000000,LOG0002199
TXN0000005,LOG0002200
TXN0000001,LOG0002201
TXN0000000,LOG0002202
TXN0000000,LOG0002203
TXN0000000,LOG0002204
TXN0000049,LOG0002205
TXN0000003,LOG0002206
TXN0000000,LOG0002207
TXN0000000,LOG0002208
TXN0000004,LOG0002209
TXN0000002,LOG0002210
TXN0000001,LOG0002211
TXN0000785,LOG0002212
TXN0000004,LOG0002213
TXN0000016,LOG0002214
TXN0000054,LOG0002215
TXN0000003,LOG0002216
TXN0000000,LOG0002217
TXN0000003,LOG0002218
TXN0000000,LOG0002219
TXN0000000,LOG0002220
TXN0000003,LOG0002221
TXN0000000,LOG0002222
TXN0000000,LOG0002223
TXN0000000,LOG0002224
TXN0000002,LOG0002225
TXN0000000,LOG0002226
TXN0000000,LOG0002227
TXN0000019,LOG0002228
TXN0000000,LOG0002229
TXN0000000,LOG0002230
TXN0000010,LOG0002231
TXN0000366,LOG0002232
TXN0000003,LOG0002233
TXN0000000,LOG0002234
TXN0000000,LOG0002235
TXN0000000,LOG0002236
TXN0000005,LOG0002237
TXN0000000,LOG0002238
TXN0000000,LOG0002239
TXN0000008,LOG0002240
TXN0000015,LOG0002241
TXN0000470,LOG0002242
TXN0000161,LOG0002243
TXN0000000,LOG0002244
TXN0000044,LOG0002245
TXN0001999,LOG0002246
TXN0000001,LOG0002247
TXN0000003,LOG0002248
TXN0000007,LOG0002249
TXN0000000,LOG0002250
TXN0000053,LOG0002251
TXN0000001,LOG0002252
TXN0000043,LOG0002253
TXN0000000,LOG0002254
TXN0000000,LOG0002255
TXN0001596,LOG0002256
TXN0000001,LOG0002257
TXN0000009,LOG0002258
TXN0000004,LOG0002259
TXN0000000,LOG0002260
TXN0000001,LOG0002261
TXN0000213,LOG0002262
TXN0000010,LOG0002263
TXN0000000,LOG0002264
TXN0000000,LOG0002265
TXN0000000,LOG0002266
TXN0000040,LOG0002267
TXN0000002,LOG0002268
TXN0000001,LOG0002269
TXN0000019,LOG0002270
TXN0000001,LOG0002271
TXN0000579,LOG0002272
TXN0000002,LOG0002273
TXN0000000,LOG0002274
TXN0000005,LOG0002275
TXN0000007,LOG0002276
TXN0000000,LOG0002277
TXN0000200,LOG0002278
TXN0000192,LOG0002279
TXN0000000,LOG0002280
TXN0000000,LOG0002281
TXN0000189,LOG0002282
TXN0000001,LOG0002283
TXN0000001,LOG0002284
TXN0000002,LOG0002285
TXN0000013,LOG0002286
TXN0000000,LOG0002287
TXN0000002,LOG0002288
TXN0000002,LOG0002289
TXN0000005,LOG0002290
TXN0000004,LOG0002291
TXN0000002,LOG0002292
TXN0000002,LOG0002293
TXN0000010,LOG0002294
TXN0000457,LOG0002295
TXN0000000,LOG0002296
TXN0001218,LOG0002297
TXN0000034,LOG0002298
TXN0000000,LOG0002299
TXN0000000,LOG0002300
TXN0000000,LOG0002301
TXN0000022,LOG0002302
TXN0000000,LOG0002303
TXN0000003,LOG0002304
TXN0000001,LOG0002305
TXN0000000,LOG0002306
TXN0000000,LOG0002307
TXN0000017,LOG0002308
TXN0000136,LOG0002309
TXN0000058,LOG0002310
TXN0000000,LOG0002311
TXN0000000,LOG0002312
TXN0000394,LOG0002313
TXN0000006,LOG0002314
TXN0001999,LOG0002315
TXN0000000,LOG0002316
TXN0000000,LOG0002317
TXN0000000,LOG0002318
TXN0000084,LOG0002319
TXN0000000,LOG0002320
TXN0000005,LOG0002321
TXN0000000,LOG0002322
TXN0000001,LOG0002323
TXN0000022,LOG0002324
TXN0000062,LOG0002325
TXN0000001,LOG0002326
TXN0000005,LOG0002327
TXN0000007,LOG0002328
TXN0000000,LOG0002329
TXN0000002,LOG0002330
TXN0000000,LOG0002331
TXN0000000,LOG0002332
TXN0000030,LOG0002333
TXN0000000,LOG0002334
TXN0000000,LOG0002335
TXN0000000,LOG0002336
TXN0000004,LOG0002337
TXN0000000,LOG0002338
TXN0000000,LOG0002339
TXN0000002,LOG0002340
TXN0000006,LOG0002341
TXN0000018,LOG0002342
TXN0000000,LOG0002343
TXN0000004,LOG0002344
TXN0000000,LOG0002345
TXN0000001,LOG0002346
TXN0000009,LOG0002347
TXN0001999,LOG0002348
TXN0000000,LOG0002349
TXN0000002,LOG0002350
TXN0000000,LOG0002351
TXN0000014,LOG0002352
TXN0000000,LOG0002353
TXN0000136,LOG0002354
TXN0000001,LOG0002355
TXN0000000,LOG0002356
TXN0000000,LOG0002357
TXN0001999,LOG0002358
TXN0000064,LOG0002359
TXN0000007,LOG0002360
TXN0000003,LOG0002361
TXN0000416,LOG0002362
TXN0000000,LOG0002363
TXN0000002,LOG0002364
TXN0000007,LOG0002365
TXN0000000,LOG0002366
TXN0000000,LOG0002367
TXN0000008,LOG0002368
TXN0000013,LOG0002369
TXN0000047,LOG0002370
TXN0000000,LOG0002371
TXN0000001,LOG0002372
TXN0000002,LOG0002373
TXN0000016,LOG0002374
TXN0000193,LOG0002375
TXN0000025,LOG0002376
TXN0000000,LOG0002377
TXN0000000,LOG0002378
TXN0000000,LOG0002379
TXN0000000,LOG0002380
TXN0000000,LOG0002381
TXN0000000,LOG0002382
TXN0000000,LOG0002383
TXN0000012,LOG0002384
TXN0000001,LOG0002385
TXN0000000,LOG0002386
TXN0000063,LOG0002387
TXN0000007,LOG0002388
TXN0000000,LOG0002389
TXN0000008,LOG0002390
TXN0000008,LOG0002391
TXN0000019,LOG0002392
TXN0000007,LOG0002393
TXN0000000,LOG0002394
TXN0000001,LOG0002395
TXN0000006,LOG0002396
TXN0000002,LOG0002397
TXN0000000,LOG0002398
TXN0000007,LOG0002399
TXN0000002,LOG0002400
TXN0000000,LOG0002401
TXN0000224,LOG0002402
TXN0000032,LOG0002403
TXN0000018,LOG0002404
TXN0000000,LOG0002405
TXN0000094,LOG0002406
TXN0000000,LOG0002407
TXN0000000,LOG0002408
TXN0001999,LOG0002409
TXN0000000,LOG0002410
TXN0000001,LOG0002411
TXN0000043,LOG0002412
TXN0000000,LOG0002413
TXN0000000,LOG0002414
TXN0000017,LOG0002415
TXN0000043,LOG0002416
TXN0000000,LOG0002417
TXN0000064,LOG0002418
TXN0000001,LOG0002419
TXN0000001,LOG0002420
TXN0000977,LOG0002421
TXN0000004,LOG0002422
TXN0000008,LOG0002423
TXN0000000,LOG0002424
TXN0000000,LOG0002425
TXN0000000,LOG0002426
TXN0000004,LOG0002427
TXN0000017,LOG0002428
TXN0000002,LOG0002429
TXN0000001,LOG0002430
TXN0000000,LOG0002431
TXN0000000,LOG0002432
TXN0000000,LOG0002433
TXN0000003,LOG0002434
TXN0000115,LOG0002435
TXN0000000,LOG0002436
TXN0000002,LOG0002437
TXN0000000,LOG0002438
TXN0000000,LOG0002439
TXN0000018,LOG0002440
TXN0000000,LOG0002441
TXN0000000,LOG0002442
TXN0000033,LOG0002443
TXN0000000,LOG0002444
TXN0000004,LOG0002445
TXN0000002,LOG0002446
TXN0000008,LOG0002447
TXN0000000,LOG0002448
TXN0000000,LOG0002449
TXN0000032,LOG0002450
TXN0000006,LOG0002451
TXN0001105,LOG0002452
TXN0000002,LOG0002453
TXN0000021,LOG0002454
TXN0000002,LOG0002455
TXN0000001,LOG0002456
TXN0000000,LOG0002457
TXN0000006,LOG0002458
TXN0000069,LOG0002459
TXN0000000,LOG0002460
TXN0000001,LOG0002461
TXN0000086,LOG0002462
TXN0000001,LOG0002463
TXN0000002,LOG0002464
TXN0000001,LOG0002465
TXN0000000,LOG0002466
TXN0000000,LOG0002467
TXN0000001,LOG0002468
TXN0000045,LOG0002469
TXN0000016,LOG0002470
TXN0000001,LOG0002471
TXN0000001,LOG0002472
TXN0000000,LOG0002473
TXN0000000,LOG0002474
TXN0000000,LOG0002475
TXN0000013,LOG0002476
TXN0000001,LOG0002477
TXN0000532,LOG0002478
TXN0000000,LOG0002479
TXN0000000,LOG0002480
TXN0000000,LOG0002481
TXN0000000,LOG0002482
TXN0000625,LOG0002483
TXN0000000,LOG0002484
TXN0000000,LOG0002485
TXN0000000,LOG0002486
TXN0000182,LOG0002487
TXN0000063,LOG0002488
TXN0000001,LOG0002489
TXN0000002,LOG0002490
TXN0000007,LOG0002491
TXN0000000,LOG0002492
TXN0000000,LOG0002493
TXN0000000,LOG0002494
TXN0000000,LOG0002495
TXN0000000,LOG0002496
TXN0000001,LOG0002497
TXN0000000,LOG0002498
TXN0000000,LOG0002499
