PaymentTransaction,RiskAssessment
TXN0000000,RA000000
TXN0000001,RA000001
TXN0000000,RA000002
TXN0000002,RA000003
TXN0000021,RA000004
TXN0000003,RA000005
TXN0000000,RA000006
TXN0001999,RA000007
TXN0000595,RA000008
TXN0000003,RA000009
TXN0000003,RA000010
TXN0000002,RA000011
TXN0000000,RA000012
TXN0000002,RA000013
TXN0000002,RA000014
TXN0000007,RA000015
TXN0000001,RA000016
TXN0000000,RA000017
TXN0001999,RA000018
TXN0000000,RA000019
TXN0000003,RA000020
TXN0000000,RA000021
TXN0000063,RA000022
TXN0000001,RA000023
TXN0000005,RA000024
TXN0000000,RA000025
TXN0000024,RA000026
TXN0000000,RA000027
TXN0000001,RA000028
TXN0000025,RA000029
TXN0000003,RA000030
TXN0000001,RA000031
TXN0000000,RA000032
TXN0000000,RA000033
TXN0000008,RA000034
TXN0000064,RA000035
TXN0000103,RA000036
TXN0000000,RA000037
TXN0000005,RA000038
TXN0000004,RA000039
TXN0000077,RA000040
TXN0000016,RA000041
TXN0000002,RA000042
TXN0000000,RA000043
TXN0000001,RA000044
TXN0000000,RA000045
TXN0000000,RA000046
TXN0000002,RA000047
TXN0000003,RA000048
TXN0000001,RA000049
TXN0000005,RA000050
TXN0000073,RA000051
TXN0000000,RA000052
TXN0000001,RA000053
TXN0000000,RA000054
TXN0000002,RA000055
TXN0000002,RA000056
TXN0000003,RA000057
TXN0001999,RA000058
TXN0000000,RA000059
TXN0000000,RA000060
TXN0000009,RA000061
TXN0000000,RA000062
TXN0000008,RA000063
TXN0000087,RA000064
TXN0000001,RA000065
TXN0000004,RA000066
TXN0000003,RA000067
TXN0000000,RA000068
TXN0000000,RA000069
TXN0000000,RA000070
TXN0000002,RA000071
TXN0000025,RA000072
TXN0000003,RA000073
TXN0000005,RA000074
TXN0000000,RA000075
TXN0000000,RA000076
TXN0000000,RA000077
TXN0000000,RA000078
TXN0000077,RA000079
TXN0000017,RA000080
TXN0000005,RA000081
TXN0000121,RA000082
TXN0000004,RA000083
TXN0000018,RA000084
TXN0000010,RA000085
TXN0000000,RA000086
TXN0000000,RA000087
TXN0000003,RA000088
TXN0000000,RA000089
TXN0000005,RA000090
TXN0000001,RA000091
TXN0000000,RA000092
TXN0000002,RA000093
TXN0000001,RA000094
TXN0000006,RA000095
TXN0000339,RA000096
TXN0000000,RA000097
TXN0000009,RA000098
TXN0000017,RA000099
TXN0000001,RA000100
TXN0000013,RA000101
TXN0000002,RA000102
TXN0000026,RA000103
TXN0000003,RA000104
TXN0000000,RA000105
TXN0000000,RA000106
TXN0000009,RA000107
TXN0000000,RA000108
TXN0000000,RA000109
TXN0000015,RA000110
TXN0000349,RA000111
TXN0000001,RA000112
TXN0000001,RA000113
TXN0000095,RA000114
TXN0000020,RA000115
TXN0000001,RA000116
TXN0000001,RA000117
TXN0000191,RA000118
TXN0000001,RA000119
TXN0000008,RA000120
TXN0000006,RA000121
TXN0000000,RA000122
TXN0000001,RA000123
TXN0000000,RA000124
TXN0000005,RA000125
TXN0000000,RA000126
TXN0000000,RA000127
TXN0000003,RA000128
TXN0000003,RA000129
TXN0001885,RA000130
TXN0000000,RA000131
TXN0000002,RA000132
TXN0000003,RA000133
TXN0000000,RA000134
TXN0000219,RA000135
TXN0000010,RA000136
TXN0000002,RA000137
TXN0000002,RA000138
TXN0000005,RA000139
TXN0000000,RA000140
TXN0000000,RA000141
TXN0000019,RA000142
TXN0000000,RA000143
TXN0000004,RA000144
TXN0000005,RA000145
TXN0000000,RA000146
TXN0000014,RA000147
TXN0000000,RA000148
TXN0000000,RA000149
TXN0000026,RA000150
TXN0000000,RA000151
TXN0000000,RA000152
TXN0000002,RA000153
TXN0000003,RA000154
TXN0000001,RA000155
TXN0000003,RA000156
TXN0000000,RA000157
TXN0000000,RA000158
TXN0000002,RA000159
TXN0000001,RA000160
TXN0000002,RA000161
TXN0000000,RA000162
TXN0000002,RA000163
TXN0000000,RA000164
TXN0000052,RA000165
TXN0000000,RA000166
TXN0000000,RA000167
TXN0000033,RA000168
TXN0000000,RA000169
TXN0000000,RA000170
TXN0000003,RA000171
TXN0000000,RA000172
TXN0000001,RA000173
TXN0000484,RA000174
TXN0000003,RA000175
TXN0000000,RA000176
TXN0000008,RA000177
TXN0000003,RA000178
TXN0000000,RA000179
TXN0000001,RA000180
TXN0000000,RA000181
TXN0000004,RA000182
TXN0000001,RA000183
TXN0001999,RA000184
TXN0000000,RA000185
TXN0000001,RA000186
TXN0000000,RA000187
TXN0000000,RA000188
TXN0000000,RA000189
TXN0000000,RA000190
TXN0000000,RA000191
TXN0000089,RA000192
TXN0000002,RA000193
TXN0000000,RA000194
TXN0000000,RA000195
TXN0000001,RA000196
TXN0000000,RA000197
TXN0000000,RA000198
TXN0000000,RA000199
TXN0000003,RA000200
TXN0000000,RA000201
TXN0000021,RA000202
TXN0001541,RA000203
TXN0000030,RA000204
TXN0000003,RA000205
TXN0000001,RA000206
TXN0000006,RA000207
TXN0000001,RA000208
TXN0000000,RA000209
TXN0000000,RA000210
TXN0000000,RA000211
TXN0001999,RA000212
TXN0000000,RA000213
TXN0000000,RA000214
TXN0000001,RA000215
TXN0001999,RA000216
TXN0000079,RA000217
TXN0000001,RA000218
TXN0000007,RA000219
TXN0000001,RA000220
TXN0000173,RA000221
TXN0000024,RA000222
TXN0000001,RA000223
TXN0000001,RA000224
TXN0000005,RA000225
TXN0000001,RA000226
TXN0000000,RA000227
TXN0000004,RA000228
TXN0000015,RA000229
TXN0000157,RA000230
TXN0000000,RA000231
TXN0000004,RA000232
TXN0000001,RA000233
TXN0000001,RA000234
TXN0000022,RA000235
TXN0000069,RA000236
TXN0000000,RA000237
TXN0000001,RA000238
TXN0000000,RA000239
TXN0000000,RA000240
TXN0000002,RA000241
TXN0000000,RA000242
TXN0000002,RA000243
TXN0000016,RA000244
TXN0000001,RA000245
TXN0000002,RA000246
TXN0000001,RA000247
TXN0001999,RA000248
TXN0000000,RA000249
TXN0000001,RA000250
TXN0000003,RA000251
TXN0000004,RA000252
TXN0000029,RA000253
TXN0000000,RA000254
TXN0000017,RA000255
TXN0000000,RA000256
TXN0000003,RA000257
TXN0000000,RA000258
TXN0000014,RA000259
TXN0000000,RA000260
TXN0000000,RA000261
TXN0000000,RA000262
TXN0000000,RA000263
TXN0000079,RA000264
TXN0000089,RA000265
TXN0000142,RA000266
TXN0000000,RA000267
TXN0000023,RA000268
TXN0000001,RA000269
TXN0000001,RA000270
TXN0000007,RA000271
TXN0000000,RA000272
TXN0000000,RA000273
TXN0000133,RA000274
TXN0000000,RA000275
TXN0000000,RA000276
TXN0000000,RA000277
TXN0000002,RA000278
TXN0000002,RA000279
TXN0000000,RA000280
TXN0000038,RA000281
TXN0000067,RA000282
TXN0000000,RA000283
TXN0000003,RA000284
TXN0000001,RA000285
TXN0000004,RA000286
TXN0000195,RA000287
TXN0000000,RA000288
TXN0000088,RA000289
TXN0000020,RA000290
TXN0000000,RA000291
TXN0000010,RA000292
TXN0000000,RA000293
TXN0000069,RA000294
TXN0000002,RA000295
TXN0000008,RA000296
TXN0001999,RA000297
TXN0000000,RA000298
TXN0000001,RA000299
TXN0000001,RA000300
TXN0000069,RA000301
TXN0000003,RA000302
TXN0000008,RA000303
TXN0000185,RA000304
TXN0000002,RA000305
TXN0000126,RA000306
TXN0000027,RA000307
TXN0000000,RA000308
TXN0000000,RA000309
TXN0000001,RA000310
TXN0000000,RA000311
TXN0000001,RA000312
TXN0000000,RA000313
TXN0001150,RA000314
TXN0001999,RA000315
TXN0000000,RA000316
TXN0000000,RA000317
TXN0000000,RA000318
TXN0000007,RA000319
TXN0000001,RA000320
TXN0000017,RA000321
TXN0000003,RA000322
TXN0000012,RA000323
TXN0001199,RA000324
TXN0000002,RA000325
TXN0001999,RA000326
TXN0000009,RA000327
TXN0000000,RA000328
TXN0000000,RA000329
TXN0000032,RA000330
TXN0000041,RA000331
TXN0000000,RA000332
TXN0000034,RA000333
TXN0000000,RA000334
TXN0000047,RA000335
TXN0000000,RA000336
TXN0000352,RA000337
TXN0000001,RA000338
TXN0000001,RA000339
TXN0001999,RA000340
TXN0000003,RA000341
TXN0000004,RA000342
TXN0000000,RA000343
TXN0000000,RA000344
TXN0000000,RA000345
TXN0000006,RA000346
TXN0000000,RA000347
TXN0000004,RA000348
TXN0000002,RA000349
TXN0000000,RA000350
TXN0000083,RA000351
TXN0000003,RA000352
TXN0000001,RA000353
TXN0000001,RA000354
TXN0000411,RA000355
TXN0000000,RA000356
TXN0000000,RA000357
TXN0000002,RA000358
TXN0000001,RA000359
TXN0000000,RA000360
TXN0000001,RA000361
TXN0000005,RA000362
TXN0000000,RA000363
TXN0000000,RA000364
TXN0000000,RA000365
TXN0001999,RA000366
TXN0000003,RA000367
TXN0000088,RA000368
TXN0000001,RA000369
TXN0000000,RA000370
TXN0000000,RA000371
TXN0000001,RA000372
TXN0000003,RA000373
TXN0000003,RA000374
TXN0000000,RA000375
TXN0000011,RA000376
TXN0000004,RA000377
TXN0000023,RA000378
TXN0000003,RA000379
TXN0000000,RA000380
TXN0000000,RA000381
TXN0000000,RA000382
TXN0000003,RA000383
TXN0000000,RA000384
TXN0000000,RA000385
TXN0000000,RA000386
TXN0000000,RA000387
TXN0000001,RA000388
TXN0000002,RA000389
TXN0000018,RA000390
TXN0000010,RA000391
TXN0000005,RA000392
TXN0000081,RA000393
TXN0000003,RA000394
TXN0001999,RA000395
TXN0000378,RA000396
TXN0000001,RA000397
TXN0000000,RA000398
TXN0000000,RA000399
TXN0000016,RA000400
TXN0000000,RA000401
TXN0000003,RA000402
TXN0000005,RA000403
TXN0000000,RA000404
TXN0000000,RA000405
TXN0000000,RA000406
TXN0000000,RA000407
TXN0000018,RA000408
TXN0000000,RA000409
TXN0001999,RA000410
TXN0000000,RA000411
TXN0000001,RA000412
TXN0000008,RA000413
TXN0000001,RA000414
TXN0000001,RA000415
TXN0000000,RA000416
TXN0000000,RA000417
TXN0000000,RA000418
TXN0000000,RA000419
TXN0000044,RA000420
TXN0000456,RA000421
TXN0000000,RA000422
TXN0000002,RA000423
TXN0000001,RA000424
TXN0000009,RA000425
TXN0000000,RA000426
TXN0000004,RA000427
TXN0000001,RA000428
TXN0000043,RA000429
TXN0000007,RA000430
TXN0000000,RA000431
TXN0000001,RA000432
TXN0000008,RA000433
TXN0000002,RA000434
TXN0000008,RA000435
TXN0001999,RA000436
TXN0000004,RA000437
TXN0000004,RA000438
TXN0000021,RA000439
TXN0001999,RA000440
TXN0000058,RA000441
TXN0000038,RA000442
TXN0000001,RA000443
TXN0000000,RA000444
TXN0000000,RA000445
TXN0000001,RA000446
TXN0000000,RA000447
TXN0000000,RA000448
TXN0000001,RA000449
TXN0000000,RA000450
TXN0000001,RA000451
TXN0000000,RA000452
TXN0000001,RA000453
TXN0000002,RA000454
TXN0000001,RA000455
TXN0000001,RA000456
TXN0001999,RA000457
TXN0000000,RA000458
TXN0000002,RA000459
TXN0000000,RA000460
TXN0000016,RA000461
TXN0000000,RA000462
TXN0000000,RA000463
TXN0000000,RA000464
TXN0000013,RA000465
TXN0000000,RA000466
TXN0000000,RA000467
TXN0000000,RA000468
TXN0000001,RA000469
TXN0000001,RA000470
TXN0000000,RA000471
TXN0000005,RA000472
TXN0000000,RA000473
TXN0000000,RA000474
TXN0000088,RA000475
TXN0000000,RA000476
TXN0000003,RA000477
TXN0000000,RA000478
TXN0000000,RA000479
TXN0000000,RA000480
TXN0000025,RA000481
TXN0000000,RA000482
TXN0000000,RA000483
TXN0000004,RA000484
TXN0000000,RA000485
TXN0000001,RA000486
TXN0000010,RA000487
TXN0000035,RA000488
TXN0000001,RA000489
TXN0000002,RA000490
TXN0000000,RA000491
TXN0000004,RA000492
TXN0000041,RA000493
TXN0000073,RA000494
TXN0000009,RA000495
TXN0000000,RA000496
TXN0000000,RA000497
TXN0000000,RA000498
TXN0000003,RA000499
TXN0000000,RA000500
TXN0000000,RA000501
TXN0000066,RA000502
TXN0000000,RA000503
TXN0000041,RA000504
TXN0000006,RA000505
TXN0000000,RA000506
TXN0000002,RA000507
TXN0000007,RA000508
TXN0000000,RA000509
TXN0000003,RA000510
TXN0000008,RA000511
TXN0000000,RA000512
TXN0000003,RA000513
TXN0000004,RA000514
TXN0000001,RA000515
TXN0000000,RA000516
TXN0000000,RA000517
TXN0000000,RA000518
TXN0000001,RA000519
TXN0000025,RA000520
TXN0000000,RA000521
TXN0000020,RA000522
TXN0000000,RA000523
TXN0000004,RA000524
TXN0000082,RA000525
TXN0000001,RA000526
TXN0000007,RA000527
TXN0000000,RA000528
TXN0000002,RA000529
TXN0000000,RA000530
TXN0000001,RA000531
TXN0000000,RA000532
TXN0000001,RA000533
TXN0000007,RA000534
TXN0000000,RA000535
TXN0000001,RA000536
TXN0000001,RA000537
TXN0000005,RA000538
TXN0000002,RA000539
TXN0000000,RA000540
TXN0000045,RA000541
TXN0000121,RA000542
TXN0000000,RA000543
TXN0000027,RA000544
TXN0000003,RA000545
TXN0000000,RA000546
TXN0000003,RA000547
TXN0000001,RA000548
TXN0000004,RA000549
TXN0001999,RA000550
TXN0000001,RA000551
TXN0000001,RA000552
TXN0000000,RA000553
TXN0000003,RA000554
TXN0000006,RA000555
TXN0000000,RA000556
TXN0000002,RA000557
TXN0000000,RA000558
TXN0000010,RA000559
TXN0000001,RA000560
TXN0000004,RA000561
TXN0000000,RA000562
TXN0000007,RA000563
TXN0000002,RA000564
TXN0000001,RA000565
TXN0000004,RA000566
TXN0000006,RA000567
TXN0000001,RA000568
TXN0000000,RA000569
TXN0000001,RA000570
TXN0000002,RA000571
TXN0000000,RA000572
TXN0000000,RA000573
TXN0000000,RA000574
TXN0000000,RA000575
TXN0000000,RA000576
TXN0000078,RA000577
TXN0000000,RA000578
TXN0000000,RA000579
TXN0001722,RA000580
TXN0000001,RA000581
TXN0000000,RA000582
TXN0000000,RA000583
TXN0000012,RA000584
TXN0000000,RA000585
TXN0000000,RA000586
TXN0000000,RA000587
TXN0000000,RA000588
TXN0000000,RA000589
TXN0000000,RA000590
TXN0000016,RA000591
TXN0000000,RA000592
TXN0000002,RA000593
TXN0000022,RA000594
TXN0001484,RA000595
TXN0000000,RA000596
TXN0000003,RA000597
TXN0000013,RA000598
TXN0000000,RA000599
TXN0000025,RA000600
TXN0000000,RA000601
TXN0000648,RA000602
TXN0000000,RA000603
TXN0000000,RA000604
TXN0000002,RA000605
TXN0000000,RA000606
TXN0000001,RA000607
TXN0000000,RA000608
TXN0000037,RA000609
TXN0000002,RA000610
TXN0000258,RA000611
TXN0000007,RA000612
TXN0000002,RA000613
TXN0000001,RA000614
TXN0000207,RA000615
TXN0000024,RA000616
TXN0000000,RA000617
TXN0000002,RA000618
TXN0000004,RA000619
TXN0000002,RA000620
TXN0000057,RA000621
TXN0000000,RA000622
TXN0000000,RA000623
TXN0000000,RA000624
TXN0000002,RA000625
TXN0000000,RA000626
TXN0000078,RA000627
TXN0000005,RA000628
TXN0000022,RA000629
TXN0000001,RA000630
TXN0000000,RA000631
TXN0000567,RA000632
TXN0000000,RA000633
TXN0000002,RA000634
TXN0000000,RA000635
TXN0000004,RA000636
TXN0000045,RA000637
TXN0000000,RA000638
TXN0000153,RA000639
TXN0000020,RA000640
TXN0000101,RA000641
TXN0000000,RA000642
TXN0000342,RA000643
TXN0000000,RA000644
TXN0000001,RA000645
TXN0000000,RA000646
TXN0000087,RA000647
TXN0000016,RA000648
TXN0000007,RA000649
TXN0000000,RA000650
TXN0000048,RA000651
TXN0000000,RA000652
TXN0000000,RA000653
TXN0000000,RA000654
TXN0000000,RA000655
TXN0000002,RA000656
TXN0000000,RA000657
TXN0000000,RA000658
TXN0000000,RA000659
TXN0000005,RA000660
TXN0000067,RA000661
TXN0000014,RA000662
TXN0000000,RA000663
TXN0000037,RA000664
TXN0000002,RA000665
TXN0000000,RA000666
TXN0000002,RA000667
TXN0000153,RA000668
TXN0000000,RA000669
TXN0000000,RA000670
TXN0000034,RA000671
TXN0000000,RA000672
TXN0000000,RA000673
TXN0000000,RA000674
TXN0000000,RA000675
TXN0000000,RA000676
TXN0000016,RA000677
TXN0000005,RA000678
TXN0000000,RA000679
TXN0000029,RA000680
TXN0000001,RA000681
TXN0000005,RA000682
TXN0000001,RA000683
TXN0000010,RA000684
TXN0000001,RA000685
TXN0000007,RA000686
TXN0000000,RA000687
TXN0000000,RA000688
TXN0000000,RA000689
TXN0000000,RA000690
TXN0000015,RA000691
TXN0000005,RA000692
TXN0000000,RA000693
TXN0000000,RA000694
TXN0000000,RA000695
TXN0000000,RA000696
TXN0000001,RA000697
TXN0000000,RA000698
TXN0000007,RA000699
TXN0000000,RA000700
TXN0000000,RA000701
TXN0000000,RA000702
TXN0000017,RA000703
TXN0000005,RA000704
TXN0000000,RA000705
TXN0001999,RA000706
TXN0000000,RA000707
TXN0000001,RA000708
TXN0000156,RA000709
TXN0000003,RA000710
TXN0000000,RA000711
TXN0000001,RA000712
TXN0000002,RA000713
TXN0000009,RA000714
TXN0000001,RA000715
TXN0000000,RA000716
TXN0000172,RA000717
TXN0000001,RA000718
TXN0000000,RA000719
TXN0000001,RA000720
TXN0000009,RA000721
TXN0000000,RA000722
TXN0000059,RA000723
TXN0000016,RA000724
TXN0000000,RA000725
TXN0000001,RA000726
TXN0000000,RA000727
TXN0000470,RA000728
TXN0000001,RA000729
TXN0000000,RA000730
TXN0000042,RA000731
TXN0000000,RA000732
TXN0000000,RA000733
TXN0000008,RA000734
TXN0000028,RA000735
TXN0000000,RA000736
TXN0000073,RA000737
TXN0000316,RA000738
TXN0000020,RA000739
TXN0000001,RA000740
TXN0000000,RA000741
TXN0000006,RA000742
TXN0000000,RA000743
TXN0000001,RA000744
TXN0000005,RA000745
TXN0000016,RA000746
TXN0000008,RA000747
TXN0001999,RA000748
TXN0000013,RA000749
TXN0000000,RA000750
TXN0000000,RA000751
TXN0000007,RA000752
TXN0000000,RA000753
TXN0000001,RA000754
TXN0000008,RA000755
TXN0000002,RA000756
TXN0001999,RA000757
TXN0001999,RA000758
TXN0000001,RA000759
TXN0000000,RA000760
TXN0000000,RA000761
TXN0000003,RA000762
TXN0000000,RA000763
TXN0000002,RA000764
TXN0000008,RA000765
TXN0000012,RA000766
TXN0001999,RA000767
TXN0000000,RA000768
TXN0000007,RA000769
TXN0000016,RA000770
TXN0000000,RA000771
TXN0000000,RA000772
TXN0000000,RA000773
TXN0000000,RA000774
TXN0000004,RA000775
TXN0000005,RA000776
TXN0000000,RA000777
TXN0000000,RA000778
TXN0000006,RA000779
TXN0000007,RA000780
TXN0000001,RA000781
TXN0000000,RA000782
TXN0000000,RA000783
TXN0000008,RA000784
TXN0000003,RA000785
TXN0000009,RA000786
TXN0000000,RA000787
TXN0000000,RA000788
TXN0000003,RA000789
TXN0000000,RA000790
TXN0001999,RA000791
TXN0000000,RA000792
TXN0000001,RA000793
TXN0000002,RA000794
TXN0000135,RA000795
TXN0000001,RA000796
TXN0000000,RA000797
TXN0000004,RA000798
TXN0000077,RA000799
TXN0000004,RA000800
TXN0000000,RA000801
TXN0000000,RA000802
TXN0000001,RA000803
TXN0000020,RA000804
TXN0000007,RA000805
TXN0000003,RA000806
TXN0000096,RA000807
TXN0000000,RA000808
TXN0000000,RA000809
TXN0000003,RA000810
TXN0000005,RA000811
TXN0000008,RA000812
TXN0000005,RA000813
TXN0000016,RA000814
TXN0000001,RA000815
TXN0000016,RA000816
TXN0000000,RA000817
TXN0000002,RA000818
TXN0000003,RA000819
TXN0000000,RA000820
TXN0000000,RA000821
TXN0000004,RA000822
TXN0000005,RA000823
TXN0000001,RA000824
TXN0000000,RA000825
TXN0000001,RA000826
TXN0000005,RA000827
TXN0000116,RA000828
TXN0000003,RA000829
TXN0000273,RA000830
TXN0000008,RA000831
TXN0000002,RA000832
TXN0000000,RA000833
TXN0000000,RA000834
TXN0000001,RA000835
TXN0000000,RA000836
TXN0000009,RA000837
TXN0000005,RA000838
TXN0000000,RA000839
TXN0000008,RA000840
TXN0000001,RA000841
TXN0000009,RA000842
TXN0000072,RA000843
TXN0001999,RA000844
TXN0000014,RA000845
TXN0000002,RA000846
TXN0000000,RA000847
TXN0000001,RA000848
TXN0000000,RA000849
TXN0000046,RA000850
TXN0000000,RA000851
TXN0000001,RA000852
TXN0000006,RA000853
TXN0000005,RA000854
TXN0000022,RA000855
TXN0000000,RA000856
TXN0000000,RA000857
TXN0000148,RA000858
TXN0000000,RA000859
TXN0000000,RA000860
TXN0000093,RA000861
TXN0000000,RA000862
TXN0000006,RA000863
TXN0000136,RA000864
TXN0000000,RA000865
TXN0000000,RA000866
TXN0000002,RA000867
TXN0000000,RA000868
TXN0000000,RA000869
TXN0000000,RA000870
TXN0000000,RA000871
TXN0000000,RA000872
TXN0000000,RA000873
TXN0000000,RA000874
TXN0000417,RA000875
TXN0000000,RA000876
TXN0000020,RA000877
TXN0000052,RA000878
TXN0000000,RA000879
TXN0001999,RA000880
TXN0000001,RA000881
TXN0000000,RA000882
TXN0000000,RA000883
TXN0000010,RA000884
TXN0000675,RA000885
TXN0000068,RA000886
TXN0000001,RA000887
TXN0000008,RA000888
TXN0000000,RA000889
TXN0000002,RA000890
TXN0000001,RA000891
TXN0000000,RA000892
TXN0000000,RA000893
TXN0000001,RA000894
TXN0000002,RA000895
TXN0000001,RA000896
TXN0001999,RA000897
TXN0000012,RA000898
TXN0000002,RA000899
TXN0000000,RA000900
TXN0000000,RA000901
TXN0000000,RA000902
TXN0000115,RA000903
TXN0000000,RA000904
TXN0000003,RA000905
TXN0000001,RA000906
TXN0000001,RA000907
TXN0000006,RA000908
TXN0000000,RA000909
TXN0000115,RA000910
TXN0001626,RA000911
TXN0000011,RA000912
TXN0000000,RA000913
TXN0000000,RA000914
TXN0000000,RA000915
TXN0000005,RA000916
TXN0000000,RA000917
TXN0000017,RA000918
TXN0000033,RA000919
TXN0000004,RA000920
TXN0000001,RA000921
TXN0000003,RA000922
TXN0001999,RA000923
TXN0000003,RA000924
TXN0000242,RA000925
TXN0001999,RA000926
TXN0000000,RA000927
TXN0000002,RA000928
TXN0000003,RA000929
TXN0000000,RA000930
TXN0000001,RA000931
TXN0000000,RA000932
TXN0000000,RA000933
TXN0000001,RA000934
TXN0000001,RA000935
TXN0000011,RA000936
TXN0000001,RA000937
TXN0000035,RA000938
TXN0000005,RA000939
TXN0000000,RA000940
TXN0000000,RA000941
TXN0000005,RA000942
TXN0000000,RA000943
TXN0000000,RA000944
TXN0000047,RA000945
TXN0000000,RA000946
TXN0000000,RA000947
TXN0000000,RA000948
TXN0000001,RA000949
TXN0000000,RA000950
TXN0000001,RA000951
TXN0000000,RA000952
TXN0000003,RA000953
TXN0000000,RA000954
TXN0000021,RA000955
TXN0000000,RA000956
TXN0000000,RA000957
TXN0000000,RA000958
TXN0000000,RA000959
TXN0000000,RA000960
TXN0000009,RA000961
TXN0000000,RA000962
TXN0000000,RA000963
TXN0000007,RA000964
TXN0000000,RA000965
TXN0000025,RA000966
TXN0000000,RA000967
TXN0000002,RA000968
TXN0000005,RA000969
TXN0000002,RA000970
TXN0000007,RA000971
TXN0000000,RA000972
TXN0000130,RA000973
TXN0000000,RA000974
TXN0000000,RA000975
TXN0000002,RA000976
TXN0000004,RA000977
TXN0000008,RA000978
TXN0000006,RA000979
TXN0000002,RA000980
TXN0000001,RA000981
TXN0000000,RA000982
TXN0000003,RA000983
TXN0001712,RA000984
TXN0000080,RA000985
TXN0000000,RA000986
TXN0000075,RA000987
TXN0000000,RA000988
TXN0000025,RA000989
TXN0000006,RA000990
TXN0000000,RA000991
TXN0000010,RA000992
TXN0000003,RA000993
TXN0000001,RA000994
TXN0001999,RA000995
TXN0000001,RA000996
TXN0000005,RA000997
TXN0000065,RA000998
TXN0000005,RA000999
TXN0000001,RA001000
TXN0000226,RA001001
TXN0000000,RA001002
TXN0000002,RA001003
TXN0000000,RA001004
TXN0000002,RA001005
TXN0000002,RA001006
TXN0000007,RA001007
TXN0000051,RA001008
TXN0000001,RA001009
TXN0000000,RA001010
TXN0000009,RA001011
TXN0000000,RA001012
TXN0000000,RA001013
TXN0000007,RA001014
TXN0000004,RA001015
TXN0000006,RA001016
TXN0000003,RA001017
TXN0000023,RA001018
TXN0000000,RA001019
TXN0000017,RA001020
TXN0000018,RA001021
TXN0000007,RA001022
TXN0000000,RA001023
TXN0000001,RA001024
TXN0000000,RA001025
TXN0000003,RA001026
TXN0000001,RA001027
TXN0000001,RA001028
TXN0000028,RA001029
TXN0001999,RA001030
TXN0000000,RA001031
TXN0000000,RA001032
TXN0000011,RA001033
TXN0000002,RA001034
TXN0000000,RA001035
TXN0000011,RA001036
TXN0000000,RA001037
TXN0000000,RA001038
TXN0000011,RA001039
TXN0000075,RA001040
TXN0000002,RA001041
TXN0000000,RA001042
TXN0000004,RA001043
TXN0000002,RA001044
TXN0000001,RA001045
TXN0000000,RA001046
TXN0000000,RA001047
TXN0000035,RA001048
TXN0000034,RA001049
TXN0000000,RA001050
TXN0000008,RA001051
TXN0000001,RA001052
TXN0000001,RA001053
TXN0000006,RA001054
TXN0000000,RA001055
TXN0000031,RA001056
TXN0000001,RA001057
TXN0000015,RA001058
TXN0000000,RA001059
TXN0000000,RA001060
TXN0000000,RA001061
TXN0000005,RA001062
TXN0000010,RA001063
TXN0000000,RA001064
TXN0000001,RA001065
TXN0000001,RA001066
TXN0000587,RA001067
TXN0000001,RA001068
TXN0000000,RA001069
TXN0000043,RA001070
TXN0000001,RA001071
TXN0000004,RA001072
TXN0000004,RA001073
TXN0000000,RA001074
TXN0000000,RA001075
TXN0000001,RA001076
TXN0000019,RA001077
TXN0000004,RA001078
TXN0000000,RA001079
TXN0000004,RA001080
TXN0000057,RA001081
TXN0000001,RA001082
TXN0000002,RA001083
TXN0000001,RA001084
TXN0000001,RA001085
TXN0000001,RA001086
TXN0000000,RA001087
TXN0000000,RA001088
TXN0000001,RA001089
TXN0000011,RA001090
TXN0000003,RA001091
TXN0000368,RA001092
TXN0000000,RA001093
TXN0000000,RA001094
TXN0000001,RA001095
TXN0000006,RA001096
TXN0000003,RA001097
TXN0000000,RA001098
TXN0000003,RA001099
TXN0000000,RA001100
TXN0000000,RA001101
TXN0000000,RA001102
TXN0000116,RA001103
TXN0000001,RA001104
TXN0000000,RA001105
TXN0000004,RA001106
TXN0000000,RA001107
TXN0000009,RA001108
TXN0000000,RA001109
TXN0000017,RA001110
TXN0000000,RA001111
TXN0000015,RA001112
TXN0000000,RA001113
TXN0000015,RA001114
TXN0000000,RA001115
TXN0000225,RA001116
TXN0000000,RA001117
TXN0000000,RA001118
TXN0000001,RA001119
TXN0000006,RA001120
TXN0000002,RA001121
TXN0000247,RA001122
TXN0000000,RA001123
TXN0000004,RA001124
TXN0000002,RA001125
TXN0000000,RA001126
TXN0000004,RA001127
TXN0000031,RA001128
TXN0000426,RA001129
TXN0000000,RA001130
TXN0000001,RA001131
TXN0000002,RA001132
TXN0000002,RA001133
TXN0001683,RA001134
TXN0000044,RA001135
TXN0000026,RA001136
TXN0000121,RA001137
TXN0000000,RA001138
TXN0000001,RA001139
TXN0000002,RA001140
TXN0000001,RA001141
TXN0000000,RA001142
TXN0000001,RA001143
TXN0000149,RA001144
TXN0000008,RA001145
TXN0000010,RA001146
TXN0000000,RA001147
TXN0000003,RA001148
TXN0000000,RA001149
TXN0000086,RA001150
TXN0000001,RA001151
TXN0000000,RA001152
TXN0000000,RA001153
TXN0000000,RA001154
TXN0000070,RA001155
TXN0000009,RA001156
TXN0000001,RA001157
TXN0000053,RA001158
TXN0000000,RA001159
TXN0000000,RA001160
TXN0000000,RA001161
TXN0000996,RA001162
TXN0000000,RA001163
TXN0000000,RA001164
TXN0000002,RA001165
TXN0000001,RA001166
TXN0000000,RA001167
TXN0000000,RA001168
TXN0000014,RA001169
TXN0000000,RA001170
TXN0000002,RA001171
TXN0000001,RA001172
TXN0000000,RA001173
TXN0000199,RA001174
TXN0000000,RA001175
TXN0000001,RA001176
TXN0000000,RA001177
TXN0000000,RA001178
TXN0000001,RA001179
TXN0000234,RA001180
TXN0001999,RA001181
TXN0000000,RA001182
TXN0000004,RA001183
TXN0000000,RA001184
TXN0000001,RA001185
TXN0000006,RA001186
TXN0000001,RA001187
TXN0000002,RA001188
TXN0000004,RA001189
TXN0000013,RA001190
TXN0000000,RA001191
TXN0000021,RA001192
TXN0000030,RA001193
TXN0000000,RA001194
TXN0000002,RA001195
TXN0001999,RA001196
TXN0000000,RA001197
TXN0000003,RA001198
TXN0000008,RA001199
TXN0000000,RA001200
TXN0000036,RA001201
TXN0000027,RA001202
TXN0000003,RA001203
TXN0000013,RA001204
TXN0000000,RA001205
TXN0000003,RA001206
TXN0000001,RA001207
TXN0000002,RA001208
TXN0000000,RA001209
TXN0000000,RA001210
TXN0000003,RA001211
TXN0000000,RA001212
TXN0000003,RA001213
TXN0000011,RA001214
TXN0000022,RA001215
TXN0000000,RA001216
TXN0000005,RA001217
TXN0000119,RA001218
TXN0000001,RA001219
TXN0000023,RA001220
TXN0000294,RA001221
TXN0000038,RA001222
TXN0000018,RA001223
TXN0000023,RA001224
TXN0000002,RA001225
TXN0000013,RA001226
TXN0000000,RA001227
TXN0000000,RA001228
TXN0000000,RA001229
TXN0000001,RA001230
TXN0000003,RA001231
TXN0000002,RA001232
TXN0000030,RA001233
TXN0000056,RA001234
TXN0000011,RA001235
TXN0000001,RA001236
TXN0000017,RA001237
TXN0000002,RA001238
TXN0000001,RA001239
TXN0000001,RA001240
TXN0000003,RA001241
TXN0000000,RA001242
TXN0000001,RA001243
TXN0000233,RA001244
TXN0000000,RA001245
TXN0000000,RA001246
TXN0000008,RA001247
TXN0000006,RA001248
TXN0000004,RA001249
TXN0000006,RA001250
TXN0000000,RA001251
TXN0000000,RA001252
TXN0000000,RA001253
TXN0000001,RA001254
TXN0000000,RA001255
TXN0000000,RA001256
TXN0000337,RA001257
TXN0000000,RA001258
TXN0000205,RA001259
TXN0000001,RA001260
TXN0000250,RA001261
TXN0000000,RA001262
TXN0000000,RA001263
TXN0000000,RA001264
TXN0000001,RA001265
TXN0000294,RA001266
TXN0000001,RA001267
TXN0000028,RA001268
TXN0000000,RA001269
TXN0000001,RA001270
TXN0000057,RA001271
TXN0000009,RA001272
TXN0000000,RA001273
TXN0000007,RA001274
TXN0000016,RA001275
TXN0000003,RA001276
TXN0000000,RA001277
TXN0000085,RA001278
TXN0000002,RA001279
TXN0000000,RA001280
TXN0000060,RA001281
TXN0000002,RA001282
TXN0000000,RA001283
TXN0000002,RA001284
TXN0000000,RA001285
TXN0000022,RA001286
TXN0000108,RA001287
TXN0000020,RA001288
TXN0000000,RA001289
TXN0000000,RA001290
TXN0000001,RA001291
TXN0000024,RA001292
TXN0000007,RA001293
TXN0000000,RA001294
TXN0000000,RA001295
TXN0000000,RA001296
TXN0000000,RA001297
TXN0000000,RA001298
TXN0000007,RA001299
TXN0000055,RA001300
TXN0000000,RA001301
TXN0000000,RA001302
TXN0000007,RA001303
TXN0000176,RA001304
TXN0000000,RA001305
TXN0000005,RA001306
TXN0000000,RA001307
TXN0000559,RA001308
TXN0000001,RA001309
TXN0000001,RA001310
TXN0000000,RA001311
TXN0000004,RA001312
TXN0000000,RA001313
TXN0000004,RA001314
TXN0000054,RA001315
TXN0000000,RA001316
TXN0000000,RA001317
TXN0000024,RA001318
TXN0000000,RA001319
TXN0000000,RA001320
TXN0000001,RA001321
TXN0000004,RA001322
TXN0000000,RA001323
TXN0000016,RA001324
TXN0000002,RA001325
TXN0000003,RA001326
TXN0000000,RA001327
TXN0000004,RA001328
TXN0000017,RA001329
TXN0000014,RA001330
TXN0000057,RA001331
TXN0000000,RA001332
TXN0000000,RA001333
TXN0000002,RA001334
TXN0001999,RA001335
TXN0000009,RA001336
TXN0000001,RA001337
TXN0000000,RA001338
TXN0000000,RA001339
TXN0000003,RA001340
TXN0000000,RA001341
TXN0000000,RA001342
TXN0000002,RA001343
TXN0000001,RA001344
TXN0000000,RA001345
TXN0000004,RA001346
TXN0000004,RA001347
TXN0000000,RA001348
TXN0000002,RA001349
TXN0000000,RA001350
TXN0000000,RA001351
TXN0000000,RA001352
TXN0000001,RA001353
TXN0000005,RA001354
TXN0000000,RA001355
TXN0000000,RA001356
TXN0000004,RA001357
TXN0000000,RA001358
TXN0000004,RA001359
TXN0000000,RA001360
TXN0000000,RA001361
TXN0000000,RA001362
TXN0000000,RA001363
TXN0000013,RA001364
TXN0000000,RA001365
TXN0000000,RA001366
TXN0000002,RA001367
TXN0000006,RA001368
TXN0000000,RA001369
TXN0000031,RA001370
TXN0000014,RA001371
TXN0000000,RA001372
TXN0000052,RA001373
TXN0000000,RA001374
TXN0000000,RA001375
TXN0000001,RA001376
TXN0000000,RA001377
TXN0000000,RA001378
TXN0000001,RA001379
TXN0000002,RA001380
TXN0001999,RA001381
TXN0000001,RA001382
TXN0000000,RA001383
TXN0000000,RA001384
TXN0000000,RA001385
TXN0000030,RA001386
TXN0000003,RA001387
TXN0000001,RA001388
TXN0000003,RA001389
TXN0000009,RA001390
TXN0000012,RA001391
TXN0000001,RA001392
TXN0000004,RA001393
TXN0000001,RA001394
TXN0000000,RA001395
TXN0000001,RA001396
TXN0000001,RA001397
TXN0000004,RA001398
TXN0000000,RA001399
TXN0000003,RA001400
TXN0000000,RA001401
TXN0000000,RA001402
TXN0000003,RA001403
TXN0000350,RA001404
TXN0000004,RA001405
TXN0000003,RA001406
TXN0000000,RA001407
TXN0000000,RA001408
TXN0000009,RA001409
TXN0000002,RA001410
TXN0000004,RA001411
TXN0000000,RA001412
TXN0000005,RA001413
TXN0000001,RA001414
TXN0000018,RA001415
TXN0001097,RA001416
TXN0000002,RA001417
TXN0000003,RA001418
TXN0000000,RA001419
TXN0000002,RA001420
TXN0000002,RA001421
TXN0000001,RA001422
TXN0000000,RA001423
TXN0000000,RA001424
TXN0000002,RA001425
TXN0000003,RA001426
TXN0000000,RA001427
TXN0000000,RA001428
TXN0000000,RA001429
TXN0000001,RA001430
TXN0000000,RA001431
TXN0000000,RA001432
TXN0000000,RA001433
TXN0000192,RA001434
TXN0000003,RA001435
TXN0000000,RA001436
TXN0000000,RA001437
TXN0000000,RA001438
TXN0000014,RA001439
TXN0000005,RA001440
TXN0000001,RA001441
TXN0000001,RA001442
TXN0000000,RA001443
TXN0000026,RA001444
TXN0000000,RA001445
TXN0000000,RA001446
TXN0000000,RA001447
TXN0000013,RA001448
TXN0000008,RA001449
TXN0000000,RA001450
TXN0000002,RA001451
TXN0000000,RA001452
TXN0000004,RA001453
TXN0000000,RA001454
TXN0000006,RA001455
TXN0000002,RA001456
TXN0000000,RA001457
TXN0000012,RA001458
TXN0000209,RA001459
TXN0000002,RA001460
TXN0000000,RA001461
TXN0000008,RA001462
TXN0000000,RA001463
TXN0000004,RA001464
TXN0000009,RA001465
TXN0000007,RA001466
TXN0000000,RA001467
TXN0000000,RA001468
TXN0000011,RA001469
TXN0000017,RA001470
TXN0000003,RA001471
TXN0000001,RA001472
TXN0000009,RA001473
TXN0000001,RA001474
TXN0000000,RA001475
TXN0000002,RA001476
TXN0000004,RA001477
TXN0000154,RA001478
TXN0000002,RA001479
TXN0000005,RA001480
TXN0000000,RA001481
TXN0000001,RA001482
TXN0000001,RA001483
TXN0000000,RA001484
TXN0000000,RA001485
TXN0000000,RA001486
TXN0000001,RA001487
TXN0000000,RA001488
TXN0000031,RA001489
TXN0000000,RA001490
TXN0000000,RA001491
TXN0000000,RA001492
TXN0000036,RA001493
TXN0000001,RA001494
TXN0000001,RA001495
TXN0000000,RA001496
TXN0000001,RA001497
TXN0000002,RA001498
TXN0000000,RA001499
TXN0000000,RA001500
TXN0000022,RA001501
TXN0000009,RA001502
TXN0000000,RA001503
TXN0000004,RA001504
TXN0000049,RA001505
TXN0000000,RA001506
TXN0000035,RA001507
TXN0000003,RA001508
TXN0000001,RA001509
TXN0000013,RA001510
TXN0000049,RA001511
TXN0000002,RA001512
TXN0000006,RA001513
TXN0000003,RA001514
TXN0000004,RA001515
TXN0000331,RA001516
TXN0000000,RA001517
TXN0000000,RA001518
TXN0000000,RA001519
TXN0000415,RA001520
TXN0000002,RA001521
TXN0000024,RA001522
TXN0000136,RA001523
TXN0000054,RA001524
TXN0000003,RA001525
TXN0000000,RA001526
TXN0000002,RA001527
TXN0000013,RA001528
TXN0000015,RA001529
TXN0000006,RA001530
TXN0000000,RA001531
TXN0000001,RA001532
TXN0000001,RA001533
TXN0000097,RA001534
TXN0000862,RA001535
TXN0000000,RA001536
TXN0000001,RA001537
TXN0000074,RA001538
TXN0000002,RA001539
TXN0000004,RA001540
TXN0000005,RA001541
TXN0000013,RA001542
TXN0000005,RA001543
TXN0000000,RA001544
TXN0000001,RA001545
TXN0000031,RA001546
TXN0000001,RA001547
TXN0000015,RA001548
TXN0000003,RA001549
TXN0000086,RA001550
TXN0000000,RA001551
TXN0000005,RA001552
TXN0000074,RA001553
TXN0000000,RA001554
TXN0000008,RA001555
TXN0000000,RA001556
TXN0000000,RA001557
TXN0000000,RA001558
TXN0000000,RA001559
TXN0000004,RA001560
TXN0000000,RA001561
TXN0000001,RA001562
TXN0000000,RA001563
TXN0001559,RA001564
TXN0000000,RA001565
TXN0000001,RA001566
TXN0000003,RA001567
TXN0000007,RA001568
TXN0000008,RA001569
TXN0000029,RA001570
TXN0000001,RA001571
TXN0000005,RA001572
TXN0000137,RA001573
TXN0000005,RA001574
TXN0000000,RA001575
TXN0001485,RA001576
TXN0000001,RA001577
TXN0000000,RA001578
TXN0000000,RA001579
TXN0000000,RA001580
TXN0000001,RA001581
TXN0000015,RA001582
TXN0000050,RA001583
TXN0000000,RA001584
TXN0000008,RA001585
TXN0000000,RA001586
TXN0000000,RA001587
TXN0000001,RA001588
TXN0000000,RA001589
TXN0000001,RA001590
TXN0000000,RA001591
TXN0000017,RA001592
TXN0000046,RA001593
TXN0000000,RA001594
TXN0000002,RA001595
TXN0000002,RA001596
TXN0000019,RA001597
TXN0000001,RA001598
TXN0000000,RA001599
TXN0000001,RA001600
TXN0000011,RA001601
TXN0000002,RA001602
TXN0000002,RA001603
TXN0000000,RA001604
TXN0000000,RA001605
TXN0000000,RA001606
TXN0000011,RA001607
TXN0000000,RA001608
TXN0000000,RA001609
TXN0000000,RA001610
TXN0000011,RA001611
TXN0000015,RA001612
TXN0000000,RA001613
TXN0000000,RA001614
TXN0000000,RA001615
TXN0000060,RA001616
TXN0000000,RA001617
TXN0000007,RA001618
TXN0000004,RA001619
TXN0001999,RA001620
TXN0000052,RA001621
TXN0000001,RA001622
TXN0000001,RA001623
TXN0000016,RA001624
TXN0000005,RA001625
TXN0000021,RA001626
TXN0000008,RA001627
TXN0000000,RA001628
TXN0000007,RA001629
TXN0000006,RA001630
TXN0000009,RA001631
TXN0000001,RA001632
TXN0000001,RA001633
TXN0000013,RA001634
TXN0000007,RA001635
TXN0000000,RA001636
TXN0000000,RA001637
TXN0000510,RA001638
TXN0000000,RA001639
TXN0000000,RA001640
TXN0000000,RA001641
TXN0000000,RA001642
TXN0000017,RA001643
TXN0000000,RA001644
TXN0000015,RA001645
TXN0000000,RA001646
TXN0000005,RA001647
TXN0000000,RA001648
TXN0000000,RA001649
TXN0000000,RA001650
TXN0000000,RA001651
TXN0000015,RA001652
TXN0000000,RA001653
TXN0000002,RA001654
TXN0000002,RA001655
TXN0000001,RA001656
TXN0000001,RA001657
TXN0000242,RA001658
TXN0000001,RA001659
TXN0000003,RA001660
TXN0000004,RA001661
TXN0000002,RA001662
TXN0000002,RA001663
TXN0000002,RA001664
TXN0000000,RA001665
TXN0000001,RA001666
TXN0000011,RA001667
TXN0000005,RA001668
TXN0000000,RA001669
TXN0000003,RA001670
TXN0000000,RA001671
TXN0000000,RA001672
TXN0000000,RA001673
TXN0001999,RA001674
TXN0000003,RA001675
TXN0000000,RA001676
TXN0000000,RA001677
TXN0000000,RA001678
TXN0000006,RA001679
TXN0001999,RA001680
TXN0000000,RA001681
TXN0000004,RA001682
TXN0000000,RA001683
TXN0000000,RA001684
TXN0000000,RA001685
TXN0000008,RA001686
TXN0000005,RA001687
TXN0000000,RA001688
TXN0000071,RA001689
TXN0000002,RA001690
TXN0000007,RA001691
TXN0000002,RA001692
TXN0000006,RA001693
TXN0000000,RA001694
TXN0000001,RA001695
TXN0000008,RA001696
TXN0000000,RA001697
TXN0000002,RA001698
TXN0000000,RA001699
TXN0000000,RA001700
TXN0000075,RA001701
TXN0000000,RA001702
TXN0000000,RA001703
TXN0000000,RA001704
TXN0001999,RA001705
TXN0000000,RA001706
TXN0000002,RA001707
TXN0001999,RA001708
TXN0000000,RA001709
TXN0000000,RA001710
TXN0000062,RA001711
TXN0000001,RA001712
TXN0000000,RA001713
TXN0000002,RA001714
TXN0000141,RA001715
TXN0000000,RA001716
TXN0000011,RA001717
TXN0000000,RA001718
TXN0000003,RA001719
TXN0000000,RA001720
TXN0000000,RA001721
TXN0000000,RA001722
TXN0000131,RA001723
TXN0000006,RA001724
TXN0000002,RA001725
TXN0000143,RA001726
TXN0000000,RA001727
TXN0000001,RA001728
TXN0000065,RA001729
TXN0000000,RA001730
TXN0000026,RA001731
TXN0000002,RA001732
TXN0000001,RA001733
TXN0000009,RA001734
TXN0000004,RA001735
TXN0000032,RA001736
TXN0000000,RA001737
TXN0000001,RA001738
TXN0000000,RA001739
TXN0000000,RA001740
TXN0000012,RA001741
TXN0000106,RA001742
TXN0000002,RA001743
TXN0000001,RA001744
TXN0000000,RA001745
TXN0000000,RA001746
TXN0000001,RA001747
TXN0000131,RA001748
TXN0000002,RA001749
TXN0000000,RA001750
TXN0000011,RA001751
TXN0000001,RA001752
TXN0000000,RA001753
TXN0000002,RA001754
TXN0000023,RA001755
TXN0000000,RA001756
TXN0000000,RA001757
TXN0000002,RA001758
TXN0000026,RA001759
TXN0000007,RA001760
TXN0000006,RA001761
TXN0001999,RA001762
TXN0000003,RA001763
TXN0000005,RA001764
TXN0000001,RA001765
TXN0000000,RA001766
TXN0000000,RA001767
TXN0000002,RA001768
TXN0000000,RA001769
TXN0000005,RA001770
TXN0000001,RA001771
TXN0000001,RA001772
TXN0000001,RA001773
TXN0000002,RA001774
TXN0000001,RA001775
TXN0000001,RA001776
TXN0000000,RA001777
TXN0000000,RA001778
TXN0000032,RA001779
TXN0000008,RA001780
TXN0000000,RA001781
TXN0000000,RA001782
TXN0000000,RA001783
TXN0000153,RA001784
TXN0000003,RA001785
TXN0000001,RA001786
TXN0000004,RA001787
TXN0000043,RA001788
TXN0000000,RA001789
TXN0000005,RA001790
TXN0000006,RA001791
TXN0000016,RA001792
TXN0000000,RA001793
TXN0000000,RA001794
TXN0000003,RA001795
TXN0000448,RA001796
TXN0000004,RA001797
TXN0000010,RA001798
TXN0000000,RA001799
TXN0000002,RA001800
TXN0000000,RA001801
TXN0000001,RA001802
TXN0000005,RA001803
TXN0000000,RA001804
TXN0000119,RA001805
TXN0000001,RA001806
TXN0000002,RA001807
TXN0000005,RA001808
TXN0000000,RA001809
TXN0000000,RA001810
TXN0000008,RA001811
TXN0000000,RA001812
TXN0000055,RA001813
TXN0000141,RA001814
TXN0000781,RA001815
TXN0000000,RA001816
TXN0000000,RA001817
TXN0000000,RA001818
TXN0000000,RA001819
TXN0000001,RA001820
TXN0000002,RA001821
TXN0000028,RA001822
TXN0000010,RA001823
TXN0000000,RA001824
TXN0000033,RA001825
TXN0000000,RA001826
TXN0000019,RA001827
TXN0000002,RA001828
TXN0000002,RA001829
TXN0000005,RA001830
TXN0000002,RA001831
TXN0000000,RA001832
TXN0000000,RA001833
TXN0000000,RA001834
TXN0000001,RA001835
TXN0000000,RA001836
TXN0000014,RA001837
TXN0000010,RA001838
TXN0000024,RA001839
TXN0000000,RA001840
TXN0000137,RA001841
TXN0000000,RA001842
TXN0000000,RA001843
TXN0000004,RA001844
TXN0000010,RA001845
TXN0000000,RA001846
TXN0000002,RA001847
TXN0000004,RA001848
TXN0000003,RA001849
TXN0000000,RA001850
TXN0000007,RA001851
TXN0000480,RA001852
TXN0000001,RA001853
TXN0000005,RA001854
TXN0000001,RA001855
TXN0000000,RA001856
TXN0000000,RA001857
TXN0000000,RA001858
TXN0000002,RA001859
TXN0000004,RA001860
TXN0000001,RA001861
TXN0000000,RA001862
TXN0000001,RA001863
TXN0000003,RA001864
TXN0000017,RA001865
TXN0000000,RA001866
TXN0000000,RA001867
TXN0000000,RA001868
TXN0000788,RA001869
TXN0000119,RA001870
TXN0000001,RA001871
TXN0000000,RA001872
TXN0000001,RA001873
TXN0000000,RA001874
TXN0000753,RA001875
TXN0000001,RA001876
TXN0000001,RA001877
TXN0000000,RA001878
TXN0000117,RA001879
TXN0000000,RA001880
TXN0000000,RA001881
TXN0000000,RA001882
TXN0000000,RA001883
TXN0000000,RA001884
TXN0000000,RA001885
TXN0000006,RA001886
TXN0000031,RA001887
TXN0000000,RA001888
TXN0000000,RA001889
TXN0000000,RA001890
TXN0000000,RA001891
TXN0000000,RA001892
TXN0000000,RA001893
TXN0000000,RA001894
TXN0000000,RA001895
TXN0000038,RA001896
TXN0000000,RA001897
TXN0000099,RA001898
TXN0000001,RA001899
TXN0000018,RA001900
TXN0000015,RA001901
TXN0000000,RA001902
TXN0000000,RA001903
TXN0000001,RA001904
TXN0000000,RA001905
TXN0000000,RA001906
TXN0000000,RA001907
TXN0000000,RA001908
TXN0000002,RA001909
TXN0000000,RA001910
TXN0000001,RA001911
TXN0000002,RA001912
TXN0000000,RA001913
TXN0000001,RA001914
TXN0000000,RA001915
TXN0000009,RA001916
TXN0000000,RA001917
TXN0000012,RA001918
TXN0000002,RA001919
TXN0000101,RA001920
TXN0000002,RA001921
TXN0000003,RA001922
TXN0000000,RA001923
TXN0000000,RA001924
TXN0000001,RA001925
TXN0000123,RA001926
TXN0000001,RA001927
TXN0000005,RA001928
TXN0000001,RA001929
TXN0000000,RA001930
TXN0000000,RA001931
TXN0000013,RA001932
TXN0000061,RA001933
TXN0000000,RA001934
TXN0000000,RA001935
TXN0000009,RA001936
TXN0000002,RA001937
TXN0000019,RA001938
TXN0000000,RA001939
TXN0000000,RA001940
TXN0000006,RA001941
TXN0000000,RA001942
TXN0000025,RA001943
TXN0000001,RA001944
TXN0000000,RA001945
TXN0000071,RA001946
TXN0001999,RA001947
TXN0000000,RA001948
TXN0000003,RA001949
TXN0000000,RA001950
TXN0000002,RA001951
TXN0000000,RA001952
TXN0000004,RA001953
TXN0000020,RA001954
TXN0000011,RA001955
TXN0000013,RA001956
TXN0000001,RA001957
TXN0000000,RA001958
TXN0000000,RA001959
TXN0000000,RA001960
TXN0000004,RA001961
TXN0000005,RA001962
TXN0000001,RA001963
TXN0000000,RA001964
TXN0000022,RA001965
TXN0000018,RA001966
TXN0000002,RA001967
TXN0000000,RA001968
TXN0000003,RA001969
TXN0000003,RA001970
TXN0000026,RA001971
TXN0000003,RA001972
TXN0000017,RA001973
TXN0000000,RA001974
TXN0000018,RA001975
TXN0000027,RA001976
TXN0000061,RA001977
TXN0000000,RA001978
TXN0000002,RA001979
TXN0000001,RA001980
TXN0000012,RA001981
TXN0000000,RA001982
TXN0000003,RA001983
TXN0000002,RA001984
TXN0000000,RA001985
TXN0000006,RA001986
TXN0000000,RA001987
TXN0000175,RA001988
TXN0000000,RA001989
TXN0000000,RA001990
TXN0000000,RA001991
TXN0000001,RA001992
TXN0000002,RA001993
TXN0000004,RA001994
TXN0000003,RA001995
TXN0000000,RA001996
TXN0000001,RA001997
TXN0001999,RA001998
TXN0000000,RA001999
