PaymentTransaction,PaymentMethod
TXN0000000,PM000121
TXN0000001,PM000340
TXN0000002,PM000005
TXN0000003,PM000000
TXN0000004,PM000022
TXN0000005,PM000144
TXN0000006,PM000033
TXN0000007,PM000115
TXN0000008,PM000045
TXN0000009,PM000000
TXN0000010,PM000000
TXN0000011,PM000001
TXN0000012,PM000173
TXN0000013,PM000004
TXN0000014,PM000167
TXN0000015,PM000045
TXN0000016,PM000000
TXN0000017,PM000002
TXN0000018,PM000000
TXN0000019,PM000036
TXN0000020,PM000037
TXN0000021,PM000000
TXN0000022,PM000000
TXN0000023,PM000002
TXN0000024,PM000002
TXN0000025,PM000027
TXN0000026,PM000004
TXN0000027,PM000031
TXN0000028,PM000002
TXN0000029,PM000001
TXN0000030,PM000000
TXN0000031,PM000000
TXN0000032,PM000273
TXN0000033,PM000001
TXN0000034,PM000000
TXN0000035,PM000240
TXN0000036,PM000699
TXN0000037,PM000000
TXN0000038,PM000001
TXN0000039,PM000000
TXN0000040,PM000000
TXN0000041,PM000003
TXN0000042,PM000108
TXN0000043,PM000010
TXN0000044,PM000002
TXN0000045,PM000082
TXN0000046,PM000699
TXN0000047,PM000000
TXN0000048,PM000166
TXN0000049,PM000001
TXN0000050,PM000080
TXN0000051,PM000001
TXN0000052,PM000000
TXN0000053,PM000001
TXN0000054,PM000000
TXN0000055,PM000000
TXN0000056,PM000174
TXN0000057,PM000000
TXN0000058,PM000699
TXN0000059,PM000012
TXN0000060,PM000007
TXN0000061,PM000092
TXN0000062,PM000000
TXN0000063,PM000699
TXN0000064,PM000001
TXN0000065,PM000010
TXN0000066,PM000002
TXN0000067,PM000000
TXN0000068,PM000012
TXN0000069,PM000699
TXN0000070,PM000040
TXN0000071,PM000009
TXN0000072,PM000116
TXN0000073,PM000699
TXN0000074,PM000016
TXN0000075,PM000003
TXN0000076,PM000406
TXN0000077,PM000078
TXN0000078,PM000001
TXN0000079,PM000006
TXN0000080,PM000039
TXN0000081,PM000103
TXN0000082,PM000004
TXN0000083,PM000070
TXN0000084,PM000000
TXN0000085,PM000699
TXN0000086,PM000012
TXN0000087,PM000133
TXN0000088,PM000000
TXN0000089,PM000000
TXN0000090,PM000000
TXN0000091,PM000445
TXN0000092,PM000000
TXN0000093,PM000699
TXN0000094,PM000000
TXN0000095,PM000001
TXN0000096,PM000699
TXN0000097,PM000001
TXN0000098,PM000699
TXN0000099,PM000157
TXN0000100,PM000011
TXN0000101,PM000009
TXN0000102,PM000003
TXN0000103,PM000699
TXN0000104,PM000000
TXN0000105,PM000137
TXN0000106,PM000375
TXN0000107,PM000044
TXN0000108,PM000087
TXN0000109,PM000019
TXN0000110,PM000000
TXN0000111,PM000000
TXN0000112,PM000540
TXN0000113,PM000000
TXN0000114,PM000085
TXN0000115,PM000001
TXN0000116,PM000004
TXN0000117,PM000022
TXN0000118,PM000028
TXN0000119,PM000699
TXN0000120,PM000000
TXN0000121,PM000017
TXN0000122,PM000009
TXN0000123,PM000029
TXN0000124,PM000000
TXN0000125,PM000005
TXN0000126,PM000000
TXN0000127,PM000005
TXN0000128,PM000000
TXN0000129,PM000018
TXN0000130,PM000008
TXN0000131,PM000227
TXN0000132,PM000036
TXN0000133,PM000000
TXN0000134,PM000699
TXN0000135,PM000699
TXN0000136,PM000699
TXN0000137,PM000000
TXN0000138,PM000001
TXN0000139,PM000000
TXN0000140,PM000699
TXN0000141,PM000006
TXN0000142,PM000094
TXN0000143,PM000001
TXN0000144,PM000009
TXN0000145,PM000000
TXN0000146,PM000001
TXN0000147,PM000018
TXN0000148,PM000001
TXN0000149,PM000699
TXN0000150,PM000699
TXN0000151,PM000000
TXN0000152,PM000699
TXN0000153,PM000699
TXN0000154,PM000699
TXN0000155,PM000029
TXN0000156,PM000001
TXN0000157,PM000000
TXN0000158,PM000038
TXN0000159,PM000699
TXN0000160,PM000007
TXN0000161,PM000000
TXN0000162,PM000000
TXN0000163,PM000000
TXN0000164,PM000013
TXN0000165,PM000024
TXN0000166,PM000000
TXN0000167,PM000000
TXN0000168,PM000026
TXN0000169,PM000004
TXN0000170,PM000088
TXN0000171,PM000012
TXN0000172,PM000000
TXN0000173,PM000170
TXN0000174,PM000003
TXN0000175,PM000002
TXN0000176,PM000003
TXN0000177,PM000005
TXN0000178,PM000000
TXN0000179,PM000000
TXN0000180,PM000074
TXN0000181,PM000246
TXN0000182,PM000001
TXN0000183,PM000000
TXN0000184,PM000000
TXN0000185,PM000000
TXN0000186,PM000000
TXN0000187,PM000000
TXN0000188,PM000017
TXN0000189,PM000539
TXN0000190,PM000699
TXN0000191,PM000000
TXN0000192,PM000008
TXN0000193,PM000132
TXN0000194,PM000165
TXN0000195,PM000004
TXN0000196,PM000008
TXN0000197,PM000006
TXN0000198,PM000010
TXN0000199,PM000002
TXN0000200,PM000000
TXN0000201,PM000008
TXN0000202,PM000004
TXN0000203,PM000000
TXN0000204,PM000000
TXN0000205,PM000699
TXN0000206,PM000113
TXN0000207,PM000005
TXN0000208,PM000000
TXN0000209,PM000000
TXN0000210,PM000626
TXN0000211,PM000010
TXN0000212,PM000292
TXN0000213,PM000000
TXN0000214,PM000000
TXN0000215,PM000076
TXN0000216,PM000001
TXN0000217,PM000229
TXN0000218,PM000000
TXN0000219,PM000001
TXN0000220,PM000073
TXN0000221,PM000699
TXN0000222,PM000006
TXN0000223,PM000699
TXN0000224,PM000002
TXN0000225,PM000000
TXN0000226,PM000002
TXN0000227,PM000005
TXN0000228,PM000699
TXN0000229,PM000699
TXN0000230,PM000064
TXN0000231,PM000285
TXN0000232,PM000000
TXN0000233,PM000014
TXN0000234,PM000000
TXN0000235,PM000009
TXN0000236,PM000000
TXN0000237,PM000017
TXN0000238,PM000699
TXN0000239,PM000000
TXN0000240,PM000018
TXN0000241,PM000002
TXN0000242,PM000000
TXN0000243,PM000000
TXN0000244,PM000000
TXN0000245,PM000699
TXN0000246,PM000699
TXN0000247,PM000525
TXN0000248,PM000003
TXN0000249,PM000001
TXN0000250,PM000009
TXN0000251,PM000004
TXN0000252,PM000003
TXN0000253,PM000699
TXN0000254,PM000043
TXN0000255,PM000001
TXN0000256,PM000699
TXN0000257,PM000001
TXN0000258,PM000030
TXN0000259,PM000000
TXN0000260,PM000104
TXN0000261,PM000023
TXN0000262,PM000699
TXN0000263,PM000002
TXN0000264,PM000009
TXN0000265,PM000000
TXN0000266,PM000001
TXN0000267,PM000012
TXN0000268,PM000000
TXN0000269,PM000699
TXN0000270,PM000066
TXN0000271,PM000000
TXN0000272,PM000026
TXN0000273,PM000001
TXN0000274,PM000003
TXN0000275,PM000003
TXN0000276,PM000006
TXN0000277,PM000012
TXN0000278,PM000006
TXN0000279,PM000699
TXN0000280,PM000699
TXN0000281,PM000001
TXN0000282,PM000000
TXN0000283,PM000000
TXN0000284,PM000115
TXN0000285,PM000007
TXN0000286,PM000699
TXN0000287,PM000006
TXN0000288,PM000001
TXN0000289,PM000186
TXN0000290,PM000004
TXN0000291,PM000010
TXN0000292,PM000000
TXN0000293,PM000009
TXN0000294,PM000002
TXN0000295,PM000699
TXN0000296,PM000019
TXN0000297,PM000001
TXN0000298,PM000000
TXN0000299,PM000000
TXN0000300,PM000003
TXN0000301,PM000051
TXN0000302,PM000699
TXN0000303,PM000682
TXN0000304,PM000699
TXN0000305,PM000000
TXN0000306,PM000000
TXN0000307,PM000008
TXN0000308,PM000162
TXN0000309,PM000002
TXN0000310,PM000030
TXN0000311,PM000002
TXN0000312,PM000004
TXN0000313,PM000003
TXN0000314,PM000699
TXN0000315,PM000009
TXN0000316,PM000002
TXN0000317,PM000000
TXN0000318,PM000000
TXN0000319,PM000699
TXN0000320,PM000453
TXN0000321,PM000699
TXN0000322,PM000000
TXN0000323,PM000002
TXN0000324,PM000002
TXN0000325,PM000001
TXN0000326,PM000699
TXN0000327,PM000001
TXN0000328,PM000690
TXN0000329,PM000699
TXN0000330,PM000001
TXN0000331,PM000021
TXN0000332,PM000040
TXN0000333,PM000054
TXN0000334,PM000006
TXN0000335,PM000046
TXN0000336,PM000037
TXN0000337,PM000000
TXN0000338,PM000000
TXN0000339,PM000002
TXN0000340,PM000137
TXN0000341,PM000002
TXN0000342,PM000002
TXN0000343,PM000002
TXN0000344,PM000016
TXN0000345,PM000002
TXN0000346,PM000004
TXN0000347,PM000003
TXN0000348,PM000000
TXN0000349,PM000005
TXN0000350,PM000006
TXN0000351,PM000002
TXN0000352,PM000002
TXN0000353,PM000314
TXN0000354,PM000699
TXN0000355,PM000002
TXN0000356,PM000378
TXN0000357,PM000018
TXN0000358,PM000000
TXN0000359,PM000000
TXN0000360,PM000000
TXN0000361,PM000030
TXN0000362,PM000184
TXN0000363,PM000000
TXN0000364,PM000000
TXN0000365,PM000188
TXN0000366,PM000072
TXN0000367,PM000045
TXN0000368,PM000000
TXN0000369,PM000003
TXN0000370,PM000020
TXN0000371,PM000278
TXN0000372,PM000038
TXN0000373,PM000001
TXN0000374,PM000000
TXN0000375,PM000002
TXN0000376,PM000011
TXN0000377,PM000000
TXN0000378,PM000001
TXN0000379,PM000012
TXN0000380,PM000001
TXN0000381,PM000080
TXN0000382,PM000010
TXN0000383,PM000001
TXN0000384,PM000000
TXN0000385,PM000000
TXN0000386,PM000000
TXN0000387,PM000000
TXN0000388,PM000016
TXN0000389,PM000002
TXN0000390,PM000003
TXN0000391,PM000000
TXN0000392,PM000007
TXN0000393,PM000009
TXN0000394,PM000022
TXN0000395,PM000033
TXN0000396,PM000024
TXN0000397,PM000005
TXN0000398,PM000699
TXN0000399,PM000001
TXN0000400,PM000041
TXN0000401,PM000699
TXN0000402,PM000002
TXN0000403,PM000000
TXN0000404,PM000001
TXN0000405,PM000001
TXN0000406,PM000003
TXN0000407,PM000001
TXN0000408,PM000000
TXN0000409,PM000005
TXN0000410,PM000001
TXN0000411,PM000046
TXN0000412,PM000000
TXN0000413,PM000699
TXN0000414,PM000022
TXN0000415,PM000002
TXN0000416,PM000000
TXN0000417,PM000699
TXN0000418,PM000000
TXN0000419,PM000001
TXN0000420,PM000003
TXN0000421,PM000699
TXN0000422,PM000004
TXN0000423,PM000699
TXN0000424,PM000699
TXN0000425,PM000000
TXN0000426,PM000000
TXN0000427,PM000000
TXN0000428,PM000005
TXN0000429,PM000699
TXN0000430,PM000003
TXN0000431,PM000001
TXN0000432,PM000005
TXN0000433,PM000000
TXN0000434,PM000009
TXN0000435,PM000000
TXN0000436,PM000012
TXN0000437,PM000050
TXN0000438,PM000000
TXN0000439,PM000000
TXN0000440,PM000699
TXN0000441,PM000699
TXN0000442,PM000007
TXN0000443,PM000026
TXN0000444,PM000000
TXN0000445,PM000098
TXN0000446,PM000516
TXN0000447,PM000000
TXN0000448,PM000699
TXN0000449,PM000000
TXN0000450,PM000002
TXN0000451,PM000001
TXN0000452,PM000001
TXN0000453,PM000001
TXN0000454,PM000022
TXN0000455,PM000000
TXN0000456,PM000244
TXN0000457,PM000000
TXN0000458,PM000099
TXN0000459,PM000002
TXN0000460,PM000001
TXN0000461,PM000699
TXN0000462,PM000002
TXN0000463,PM000025
TXN0000464,PM000000
TXN0000465,PM000005
TXN0000466,PM000000
TXN0000467,PM000000
TXN0000468,PM000015
TXN0000469,PM000143
TXN0000470,PM000006
TXN0000471,PM000000
TXN0000472,PM000062
TXN0000473,PM000000
TXN0000474,PM000017
TXN0000475,PM000000
TXN0000476,PM000117
TXN0000477,PM000016
TXN0000478,PM000699
TXN0000479,PM000151
TXN0000480,PM000012
TXN0000481,PM000699
TXN0000482,PM000010
TXN0000483,PM000004
TXN0000484,PM000699
TXN0000485,PM000003
TXN0000486,PM000006
TXN0000487,PM000000
TXN0000488,PM000005
TXN0000489,PM000699
TXN0000490,PM000037
TXN0000491,PM000000
TXN0000492,PM000188
TXN0000493,PM000007
TXN0000494,PM000000
TXN0000495,PM000000
TXN0000496,PM000072
TXN0000497,PM000699
TXN0000498,PM000021
TXN0000499,PM000008
TXN0000500,PM000002
TXN0000501,PM000001
TXN0000502,PM000000
TXN0000503,PM000122
TXN0000504,PM000006
TXN0000505,PM000004
TXN0000506,PM000004
TXN0000507,PM000003
TXN0000508,PM000033
TXN0000509,PM000699
TXN0000510,PM000014
TXN0000511,PM000005
TXN0000512,PM000699
TXN0000513,PM000699
TXN0000514,PM000000
TXN0000515,PM000065
TXN0000516,PM000007
TXN0000517,PM000006
TXN0000518,PM000001
TXN0000519,PM000000
TXN0000520,PM000021
TXN0000521,PM000004
TXN0000522,PM000002
TXN0000523,PM000003
TXN0000524,PM000204
TXN0000525,PM000023
TXN0000526,PM000002
TXN0000527,PM000013
TXN0000528,PM000699
TXN0000529,PM000011
TXN0000530,PM000000
TXN0000531,PM000096
TXN0000532,PM000039
TXN0000533,PM000005
TXN0000534,PM000003
TXN0000535,PM000030
TXN0000536,PM000000
TXN0000537,PM000012
TXN0000538,PM000000
TXN0000539,PM000055
TXN0000540,PM000039
TXN0000541,PM000002
TXN0000542,PM000001
TXN0000543,PM000027
TXN0000544,PM000186
TXN0000545,PM000133
TXN0000546,PM000039
TXN0000547,PM000699
TXN0000548,PM000041
TXN0000549,PM000000
TXN0000550,PM000209
TXN0000551,PM000000
TXN0000552,PM000066
TXN0000553,PM000018
TXN0000554,PM000379
TXN0000555,PM000029
TXN0000556,PM000000
TXN0000557,PM000000
TXN0000558,PM000452
TXN0000559,PM000000
TXN0000560,PM000016
TXN0000561,PM000000
TXN0000562,PM000007
TXN0000563,PM000036
TXN0000564,PM000001
TXN0000565,PM000000
TXN0000566,PM000000
TXN0000567,PM000234
TXN0000568,PM000001
TXN0000569,PM000004
TXN0000570,PM000112
TXN0000571,PM000237
TXN0000572,PM000192
TXN0000573,PM000009
TXN0000574,PM000699
TXN0000575,PM000021
TXN0000576,PM000073
TXN0000577,PM000023
TXN0000578,PM000000
TXN0000579,PM000002
TXN0000580,PM000007
TXN0000581,PM000000
TXN0000582,PM000001
TXN0000583,PM000000
TXN0000584,PM000000
TXN0000585,PM000005
TXN0000586,PM000000
TXN0000587,PM000205
TXN0000588,PM000000
TXN0000589,PM000013
TXN0000590,PM000025
TXN0000591,PM000000
TXN0000592,PM000062
TXN0000593,PM000003
TXN0000594,PM000004
TXN0000595,PM000017
TXN0000596,PM000478
TXN0000597,PM000699
TXN0000598,PM000009
TXN0000599,PM000699
TXN0000600,PM000001
TXN0000601,PM000019
TXN0000602,PM000000
TXN0000603,PM000000
TXN0000604,PM000699
TXN0000605,PM000000
TXN0000606,PM000699
TXN0000607,PM000003
TXN0000608,PM000002
TXN0000609,PM000008
TXN0000610,PM000236
TXN0000611,PM000001
TXN0000612,PM000000
TXN0000613,PM000007
TXN0000614,PM000000
TXN0000615,PM000005
TXN0000616,PM000000
TXN0000617,PM000000
TXN0000618,PM000004
TXN0000619,PM000699
TXN0000620,PM000000
TXN0000621,PM000030
TXN0000622,PM000008
TXN0000623,PM000001
TXN0000624,PM000397
TXN0000625,PM000002
TXN0000626,PM000699
TXN0000627,PM000699
TXN0000628,PM000000
TXN0000629,PM000004
TXN0000630,PM000000
TXN0000631,PM000009
TXN0000632,PM000001
TXN0000633,PM000002
TXN0000634,PM000004
TXN0000635,PM000001
TXN0000636,PM000008
TXN0000637,PM000015
TXN0000638,PM000699
TXN0000639,PM000006
TXN0000640,PM000031
TXN0000641,PM000011
TXN0000642,PM000029
TXN0000643,PM000000
TXN0000644,PM000002
TXN0000645,PM000000
TXN0000646,PM000000
TXN0000647,PM000007
TXN0000648,PM000699
TXN0000649,PM000004
TXN0000650,PM000002
TXN0000651,PM000000
TXN0000652,PM000000
TXN0000653,PM000001
TXN0000654,PM000065
TXN0000655,PM000025
TXN0000656,PM000001
TXN0000657,PM000000
TXN0000658,PM000014
TXN0000659,PM000699
TXN0000660,PM000000
TXN0000661,PM000006
TXN0000662,PM000000
TXN0000663,PM000009
TXN0000664,PM000001
TXN0000665,PM000540
TXN0000666,PM000001
TXN0000667,PM000001
TXN0000668,PM000002
TXN0000669,PM000045
TXN0000670,PM000253
TXN0000671,PM000036
TXN0000672,PM000006
TXN0000673,PM000014
TXN0000674,PM000004
TXN0000675,PM000012
TXN0000676,PM000007
TXN0000677,PM000007
TXN0000678,PM000699
TXN0000679,PM000699
TXN0000680,PM000011
TXN0000681,PM000009
TXN0000682,PM000429
TXN0000683,PM000010
TXN0000684,PM000002
TXN0000685,PM000000
TXN0000686,PM000049
TXN0000687,PM000000
TXN0000688,PM000018
TXN0000689,PM000003
TXN0000690,PM000001
TXN0000691,PM000000
TXN0000692,PM000001
TXN0000693,PM000001
TXN0000694,PM000000
TXN0000695,PM000002
TXN0000696,PM000010
TXN0000697,PM000000
TXN0000698,PM000079
TXN0000699,PM000042
TXN0000700,PM000026
TXN0000701,PM000037
TXN0000702,PM000001
TXN0000703,PM000003
TXN0000704,PM000001
TXN0000705,PM000079
TXN0000706,PM000059
TXN0000707,PM000012
TXN0000708,PM000000
TXN0000709,PM000003
TXN0000710,PM000020
TXN0000711,PM000007
TXN0000712,PM000003
TXN0000713,PM000012
TXN0000714,PM000035
TXN0000715,PM000005
TXN0000716,PM000699
TXN0000717,PM000000
TXN0000718,PM000054
TXN0000719,PM000001
TXN0000720,PM000699
TXN0000721,PM000000
TXN0000722,PM000666
TXN0000723,PM000000
TXN0000724,PM000010
TXN0000725,PM000002
TXN0000726,PM000277
TXN0000727,PM000008
TXN0000728,PM000000
TXN0000729,PM000001
TXN0000730,PM000000
TXN0000731,PM000000
TXN0000732,PM000699
TXN0000733,PM000014
TXN0000734,PM000062
TXN0000735,PM000000
TXN0000736,PM000135
TXN0000737,PM000001
TXN0000738,PM000699
TXN0000739,PM000000
TXN0000740,PM000000
TXN0000741,PM000015
TXN0000742,PM000000
TXN0000743,PM000000
TXN0000744,PM000699
TXN0000745,PM000008
TXN0000746,PM000024
TXN0000747,PM000000
TXN0000748,PM000050
TXN0000749,PM000088
TXN0000750,PM000699
TXN0000751,PM000000
TXN0000752,PM000000
TXN0000753,PM000002
TXN0000754,PM000014
TXN0000755,PM000001
TXN0000756,PM000000
TXN0000757,PM000000
TXN0000758,PM000000
TXN0000759,PM000000
TXN0000760,PM000000
TXN0000761,PM000001
TXN0000762,PM000008
TXN0000763,PM000000
TXN0000764,PM000004
TXN0000765,PM000001
TXN0000766,PM000003
TXN0000767,PM000001
TXN0000768,PM000419
TXN0000769,PM000699
TXN0000770,PM000000
TXN0000771,PM000009
TXN0000772,PM000016
TXN0000773,PM000036
TXN0000774,PM000075
TXN0000775,PM000012
TXN0000776,PM000699
TXN0000777,PM000000
TXN0000778,PM000000
TXN0000779,PM000009
TXN0000780,PM000001
TXN0000781,PM000002
TXN0000782,PM000699
TXN0000783,PM000039
TXN0000784,PM000000
TXN0000785,PM000699
TXN0000786,PM000000
TXN0000787,PM000034
TXN0000788,PM000002
TXN0000789,PM000000
TXN0000790,PM000197
TXN0000791,PM000001
TXN0000792,PM000699
TXN0000793,PM000011
TXN0000794,PM000000
TXN0000795,PM000000
TXN0000796,PM000002
TXN0000797,PM000011
TXN0000798,PM000007
TXN0000799,PM000699
TXN0000800,PM000699
TXN0000801,PM000009
TXN0000802,PM000000
TXN0000803,PM000090
TXN0000804,PM000014
TXN0000805,PM000635
TXN0000806,PM000001
TXN0000807,PM000699
TXN0000808,PM000244
TXN0000809,PM000699
TXN0000810,PM000003
TXN0000811,PM000697
TXN0000812,PM000024
TXN0000813,PM000003
TXN0000814,PM000006
TXN0000815,PM000000
TXN0000816,PM000020
TXN0000817,PM000000
TXN0000818,PM000699
TXN0000819,PM000026
TXN0000820,PM000003
TXN0000821,PM000000
TXN0000822,PM000000
TXN0000823,PM000009
TXN0000824,PM000699
TXN0000825,PM000002
TXN0000826,PM000000
TXN0000827,PM000000
TXN0000828,PM000000
TXN0000829,PM000000
TXN0000830,PM000011
TXN0000831,PM000073
TXN0000832,PM000004
TXN0000833,PM000004
TXN0000834,PM000076
TXN0000835,PM000699
TXN0000836,PM000002
TXN0000837,PM000000
TXN0000838,PM000484
TXN0000839,PM000167
TXN0000840,PM000004
TXN0000841,PM000003
TXN0000842,PM000001
TXN0000843,PM000042
TXN0000844,PM000000
TXN0000845,PM000008
TXN0000846,PM000016
TXN0000847,PM000011
TXN0000848,PM000007
TXN0000849,PM000003
TXN0000850,PM000001
TXN0000851,PM000000
TXN0000852,PM000002
TXN0000853,PM000129
TXN0000854,PM000197
TXN0000855,PM000000
TXN0000856,PM000699
TXN0000857,PM000027
TXN0000858,PM000000
TXN0000859,PM000000
TXN0000860,PM000000
TXN0000861,PM000003
TXN0000862,PM000001
TXN0000863,PM000002
TXN0000864,PM000000
TXN0000865,PM000011
TXN0000866,PM000001
TXN0000867,PM000058
TXN0000868,PM000015
TXN0000869,PM000000
TXN0000870,PM000002
TXN0000871,PM000003
TXN0000872,PM000001
TXN0000873,PM000013
TXN0000874,PM000007
TXN0000875,PM000000
TXN0000876,PM000001
TXN0000877,PM000000
TXN0000878,PM000152
TXN0000879,PM000001
TXN0000880,PM000285
TXN0000881,PM000002
TXN0000882,PM000014
TXN0000883,PM000699
TXN0000884,PM000089
TXN0000885,PM000304
TXN0000886,PM000016
TXN0000887,PM000000
TXN0000888,PM000000
TXN0000889,PM000000
TXN0000890,PM000005
TXN0000891,PM000000
TXN0000892,PM000000
TXN0000893,PM000000
TXN0000894,PM000008
TXN0000895,PM000001
TXN0000896,PM000042
TXN0000897,PM000001
TXN0000898,PM000012
TXN0000899,PM000000
TXN0000900,PM000002
TXN0000901,PM000007
TXN0000902,PM000699
TXN0000903,PM000004
TXN0000904,PM000000
TXN0000905,PM000050
TXN0000906,PM000000
TXN0000907,PM000004
TXN0000908,PM000014
TXN0000909,PM000032
TXN0000910,PM000001
TXN0000911,PM000003
TXN0000912,PM000033
TXN0000913,PM000010
TXN0000914,PM000000
TXN0000915,PM000058
TXN0000916,PM000005
TXN0000917,PM000000
TXN0000918,PM000287
TXN0000919,PM000020
TXN0000920,PM000699
TXN0000921,PM000699
TXN0000922,PM000000
TXN0000923,PM000003
TXN0000924,PM000004
TXN0000925,PM000007
TXN0000926,PM000110
TXN0000927,PM000001
TXN0000928,PM000002
TXN0000929,PM000007
TXN0000930,PM000003
TXN0000931,PM000699
TXN0000932,PM000000
TXN0000933,PM000004
TXN0000934,PM000001
TXN0000935,PM000000
TXN0000936,PM000089
TXN0000937,PM000005
TXN0000938,PM000000
TXN0000939,PM000000
TXN0000940,PM000661
TXN0000941,PM000000
TXN0000942,PM000002
TXN0000943,PM000001
TXN0000944,PM000000
TXN0000945,PM000010
TXN0000946,PM000006
TXN0000947,PM000699
TXN0000948,PM000000
TXN0000949,PM000031
TXN0000950,PM000032
TXN0000951,PM000699
TXN0000952,PM000016
TXN0000953,PM000093
TXN0000954,PM000000
TXN0000955,PM000005
TXN0000956,PM000001
TXN0000957,PM000699
TXN0000958,PM000010
TXN0000959,PM000001
TXN0000960,PM000699
TXN0000961,PM000000
TXN0000962,PM000001
TXN0000963,PM000004
TXN0000964,PM000009
TXN0000965,PM000033
TXN0000966,PM000000
TXN0000967,PM000114
TXN0000968,PM000001
TXN0000969,PM000000
TXN0000970,PM000006
TXN0000971,PM000087
TXN0000972,PM000154
TXN0000973,PM000002
TXN0000974,PM000002
TXN0000975,PM000002
TXN0000976,PM000001
TXN0000977,PM000000
TXN0000978,PM000001
TXN0000979,PM000000
TXN0000980,PM000000
TXN0000981,PM000000
TXN0000982,PM000000
TXN0000983,PM000071
TXN0000984,PM000699
TXN0000985,PM000000
TXN0000986,PM000001
TXN0000987,PM000000
TXN0000988,PM000021
TXN0000989,PM000699
TXN0000990,PM000001
TXN0000991,PM000007
TXN0000992,PM000002
TXN0000993,PM000000
TXN0000994,PM000394
TXN0000995,PM000007
TXN0000996,PM000001
TXN0000997,PM000186
TXN0000998,PM000001
TXN0000999,PM000006
TXN0001000,PM000000
TXN0001001,PM000000
TXN0001002,PM000005
TXN0001003,PM000699
TXN0001004,PM000594
TXN0001005,PM000000
TXN0001006,PM000699
TXN0001007,PM000000
TXN0001008,PM000002
TXN0001009,PM000277
TXN0001010,PM000000
TXN0001011,PM000007
TXN0001012,PM000011
TXN0001013,PM000046
TXN0001014,PM000001
TXN0001015,PM000006
TXN0001016,PM000000
TXN0001017,PM000002
TXN0001018,PM000033
TXN0001019,PM000000
TXN0001020,PM000632
TXN0001021,PM000699
TXN0001022,PM000001
TXN0001023,PM000051
TXN0001024,PM000073
TXN0001025,PM000222
TXN0001026,PM000004
TXN0001027,PM000022
TXN0001028,PM000005
TXN0001029,PM000003
TXN0001030,PM000000
TXN0001031,PM000001
TXN0001032,PM000000
TXN0001033,PM000015
TXN0001034,PM000001
TXN0001035,PM000000
TXN0001036,PM000008
TXN0001037,PM000002
TXN0001038,PM000001
TXN0001039,PM000032
TXN0001040,PM000000
TXN0001041,PM000000
TXN0001042,PM000022
TXN0001043,PM000000
TXN0001044,PM000699
TXN0001045,PM000699
TXN0001046,PM000699
TXN0001047,PM000186
TXN0001048,PM000003
TXN0001049,PM000283
TXN0001050,PM000003
TXN0001051,PM000342
TXN0001052,PM000000
TXN0001053,PM000004
TXN0001054,PM000001
TXN0001055,PM000699
TXN0001056,PM000357
TXN0001057,PM000034
TXN0001058,PM000051
TXN0001059,PM000000
TXN0001060,PM000000
TXN0001061,PM000000
TXN0001062,PM000317
TXN0001063,PM000699
TXN0001064,PM000003
TXN0001065,PM000003
TXN0001066,PM000081
TXN0001067,PM000001
TXN0001068,PM000233
TXN0001069,PM000009
TXN0001070,PM000699
TXN0001071,PM000002
TXN0001072,PM000572
TXN0001073,PM000060
TXN0001074,PM000108
TXN0001075,PM000001
TXN0001076,PM000052
TXN0001077,PM000028
TXN0001078,PM000001
TXN0001079,PM000002
TXN0001080,PM000699
TXN0001081,PM000004
TXN0001082,PM000113
TXN0001083,PM000058
TXN0001084,PM000491
TXN0001085,PM000699
TXN0001086,PM000020
TXN0001087,PM000699
TXN0001088,PM000001
TXN0001089,PM000004
TXN0001090,PM000011
TXN0001091,PM000006
TXN0001092,PM000699
TXN0001093,PM000001
TXN0001094,PM000000
TXN0001095,PM000001
TXN0001096,PM000076
TXN0001097,PM000131
TXN0001098,PM000011
TXN0001099,PM000036
TXN0001100,PM000006
TXN0001101,PM000002
TXN0001102,PM000000
TXN0001103,PM000699
TXN0001104,PM000000
TXN0001105,PM000000
TXN0001106,PM000002
TXN0001107,PM000530
TXN0001108,PM000029
TXN0001109,PM000009
TXN0001110,PM000027
TXN0001111,PM000001
TXN0001112,PM000019
TXN0001113,PM000699
TXN0001114,PM000001
TXN0001115,PM000027
TXN0001116,PM000003
TXN0001117,PM000001
TXN0001118,PM000000
TXN0001119,PM000075
TXN0001120,PM000001
TXN0001121,PM000012
TXN0001122,PM000004
TXN0001123,PM000000
TXN0001124,PM000096
TXN0001125,PM000000
TXN0001126,PM000002
TXN0001127,PM000003
TXN0001128,PM000005
TXN0001129,PM000000
TXN0001130,PM000000
TXN0001131,PM000002
TXN0001132,PM000005
TXN0001133,PM000002
TXN0001134,PM000699
TXN0001135,PM000483
TXN0001136,PM000000
TXN0001137,PM000000
TXN0001138,PM000008
TXN0001139,PM000000
TXN0001140,PM000000
TXN0001141,PM000000
TXN0001142,PM000042
TXN0001143,PM000009
TXN0001144,PM000025
TXN0001145,PM000000
TXN0001146,PM000000
TXN0001147,PM000001
TXN0001148,PM000011
TXN0001149,PM000001
TXN0001150,PM000002
TXN0001151,PM000002
TXN0001152,PM000001
TXN0001153,PM000004
TXN0001154,PM000011
TXN0001155,PM000001
TXN0001156,PM000000
TXN0001157,PM000016
TXN0001158,PM000001
TXN0001159,PM000000
TXN0001160,PM000699
TXN0001161,PM000006
TXN0001162,PM000699
TXN0001163,PM000000
TXN0001164,PM000699
TXN0001165,PM000087
TXN0001166,PM000003
TXN0001167,PM000000
TXN0001168,PM000070
TXN0001169,PM000000
TXN0001170,PM000251
TXN0001171,PM000004
TXN0001172,PM000008
TXN0001173,PM000012
TXN0001174,PM000000
TXN0001175,PM000000
TXN0001176,PM000000
TXN0001177,PM000001
TXN0001178,PM000031
TXN0001179,PM000014
TXN0001180,PM000000
TXN0001181,PM000001
TXN0001182,PM000002
TXN0001183,PM000282
TXN0001184,PM000000
TXN0001185,PM000030
TXN0001186,PM000063
TXN0001187,PM000005
TXN0001188,PM000002
TXN0001189,PM000001
TXN0001190,PM000002
TXN0001191,PM000699
TXN0001192,PM000001
TXN0001193,PM000000
TXN0001194,PM000119
TXN0001195,PM000699
TXN0001196,PM000012
TXN0001197,PM000048
TXN0001198,PM000002
TXN0001199,PM000699
TXN0001200,PM000005
TXN0001201,PM000000
TXN0001202,PM000001
TXN0001203,PM000060
TXN0001204,PM000027
TXN0001205,PM000087
TXN0001206,PM000079
TXN0001207,PM000015
TXN0001208,PM000437
TXN0001209,PM000000
TXN0001210,PM000023
TXN0001211,PM000699
TXN0001212,PM000001
TXN0001213,PM000101
TXN0001214,PM000027
TXN0001215,PM000000
TXN0001216,PM000173
TXN0001217,PM000002
TXN0001218,PM000202
TXN0001219,PM000003
TXN0001220,PM000136
TXN0001221,PM000002
TXN0001222,PM000031
TXN0001223,PM000291
TXN0001224,PM000000
TXN0001225,PM000000
TXN0001226,PM000001
TXN0001227,PM000000
TXN0001228,PM000000
TXN0001229,PM000000
TXN0001230,PM000000
TXN0001231,PM000001
TXN0001232,PM000699
TXN0001233,PM000014
TXN0001234,PM000003
TXN0001235,PM000013
TXN0001236,PM000001
TXN0001237,PM000000
TXN0001238,PM000000
TXN0001239,PM000003
TXN0001240,PM000007
TXN0001241,PM000105
TXN0001242,PM000699
TXN0001243,PM000007
TXN0001244,PM000002
TXN0001245,PM000001
TXN0001246,PM000141
TXN0001247,PM000014
TXN0001248,PM000016
TXN0001249,PM000039
TXN0001250,PM000000
TXN0001251,PM000000
TXN0001252,PM000001
TXN0001253,PM000000
TXN0001254,PM000699
TXN0001255,PM000018
TXN0001256,PM000000
TXN0001257,PM000002
TXN0001258,PM000699
TXN0001259,PM000002
TXN0001260,PM000001
TXN0001261,PM000010
TXN0001262,PM000002
TXN0001263,PM000574
TXN0001264,PM000699
TXN0001265,PM000001
TXN0001266,PM000699
TXN0001267,PM000019
TXN0001268,PM000004
TXN0001269,PM000699
TXN0001270,PM000000
TXN0001271,PM000003
TXN0001272,PM000005
TXN0001273,PM000111
TXN0001274,PM000554
TXN0001275,PM000000
TXN0001276,PM000006
TXN0001277,PM000000
TXN0001278,PM000699
TXN0001279,PM000001
TXN0001280,PM000012
TXN0001281,PM000001
TXN0001282,PM000005
TXN0001283,PM000699
TXN0001284,PM000039
TXN0001285,PM000002
TXN0001286,PM000028
TXN0001287,PM000007
TXN0001288,PM000008
TXN0001289,PM000019
TXN0001290,PM000016
TXN0001291,PM000699
TXN0001292,PM000004
TXN0001293,PM000000
TXN0001294,PM000001
TXN0001295,PM000001
TXN0001296,PM000276
TXN0001297,PM000000
TXN0001298,PM000004
TXN0001299,PM000001
TXN0001300,PM000699
TXN0001301,PM000276
TXN0001302,PM000699
TXN0001303,PM000002
TXN0001304,PM000028
TXN0001305,PM000000
TXN0001306,PM000005
TXN0001307,PM000699
TXN0001308,PM000077
TXN0001309,PM000000
TXN0001310,PM000000
TXN0001311,PM000007
TXN0001312,PM000699
TXN0001313,PM000001
TXN0001314,PM000000
TXN0001315,PM000002
TXN0001316,PM000100
TXN0001317,PM000000
TXN0001318,PM000019
TXN0001319,PM000699
TXN0001320,PM000010
TXN0001321,PM000000
TXN0001322,PM000003
TXN0001323,PM000004
TXN0001324,PM000417
TXN0001325,PM000011
TXN0001326,PM000002
TXN0001327,PM000000
TXN0001328,PM000002
TXN0001329,PM000000
TXN0001330,PM000699
TXN0001331,PM000000
TXN0001332,PM000020
TXN0001333,PM000000
TXN0001334,PM000000
TXN0001335,PM000000
TXN0001336,PM000009
TXN0001337,PM000001
TXN0001338,PM000699
TXN0001339,PM000010
TXN0001340,PM000377
TXN0001341,PM000186
TXN0001342,PM000000
TXN0001343,PM000042
TXN0001344,PM000000
TXN0001345,PM000001
TXN0001346,PM000161
TXN0001347,PM000000
TXN0001348,PM000132
TXN0001349,PM000699
TXN0001350,PM000699
TXN0001351,PM000120
TXN0001352,PM000084
TXN0001353,PM000001
TXN0001354,PM000699
TXN0001355,PM000699
TXN0001356,PM000699
TXN0001357,PM000000
TXN0001358,PM000008
TXN0001359,PM000699
TXN0001360,PM000699
TXN0001361,PM000361
TXN0001362,PM000017
TXN0001363,PM000002
TXN0001364,PM000074
TXN0001365,PM000011
TXN0001366,PM000000
TXN0001367,PM000063
TXN0001368,PM000115
TXN0001369,PM000390
TXN0001370,PM000391
TXN0001371,PM000004
TXN0001372,PM000000
TXN0001373,PM000002
TXN0001374,PM000035
TXN0001375,PM000003
TXN0001376,PM000009
TXN0001377,PM000000
TXN0001378,PM000001
TXN0001379,PM000040
TXN0001380,PM000042
TXN0001381,PM000699
TXN0001382,PM000699
TXN0001383,PM000005
TXN0001384,PM000008
TXN0001385,PM000000
TXN0001386,PM000699
TXN0001387,PM000043
TXN0001388,PM000159
TXN0001389,PM000000
TXN0001390,PM000001
TXN0001391,PM000699
TXN0001392,PM000016
TXN0001393,PM000478
TXN0001394,PM000000
TXN0001395,PM000000
TXN0001396,PM000000
TXN0001397,PM000001
TXN0001398,PM000034
TXN0001399,PM000000
TXN0001400,PM000002
TXN0001401,PM000006
TXN0001402,PM000010
TXN0001403,PM000001
TXN0001404,PM000000
TXN0001405,PM000005
TXN0001406,PM000000
TXN0001407,PM000260
TXN0001408,PM000017
TXN0001409,PM000699
TXN0001410,PM000003
TXN0001411,PM000035
TXN0001412,PM000002
TXN0001413,PM000005
TXN0001414,PM000003
TXN0001415,PM000040
TXN0001416,PM000117
TXN0001417,PM000015
TXN0001418,PM000003
TXN0001419,PM000000
TXN0001420,PM000002
TXN0001421,PM000000
TXN0001422,PM000003
TXN0001423,PM000019
TXN0001424,PM000067
TXN0001425,PM000014
TXN0001426,PM000002
TXN0001427,PM000000
TXN0001428,PM000000
TXN0001429,PM000000
TXN0001430,PM000006
TXN0001431,PM000699
TXN0001432,PM000699
TXN0001433,PM000000
TXN0001434,PM000000
TXN0001435,PM000017
TXN0001436,PM000205
TXN0001437,PM000236
TXN0001438,PM000034
TXN0001439,PM000001
TXN0001440,PM000001
TXN0001441,PM000699
TXN0001442,PM000257
TXN0001443,PM000000
TXN0001444,PM000699
TXN0001445,PM000004
TXN0001446,PM000152
TXN0001447,PM000000
TXN0001448,PM000001
TXN0001449,PM000699
TXN0001450,PM000082
TXN0001451,PM000002
TXN0001452,PM000007
TXN0001453,PM000005
TXN0001454,PM000001
TXN0001455,PM000002
TXN0001456,PM000124
TXN0001457,PM000001
TXN0001458,PM000052
TXN0001459,PM000004
TXN0001460,PM000000
TXN0001461,PM000030
TXN0001462,PM000032
TXN0001463,PM000000
TXN0001464,PM000023
TXN0001465,PM000001
TXN0001466,PM000011
TXN0001467,PM000005
TXN0001468,PM000000
TXN0001469,PM000000
TXN0001470,PM000003
TXN0001471,PM000097
TXN0001472,PM000001
TXN0001473,PM000002
TXN0001474,PM000002
TXN0001475,PM000015
TXN0001476,PM000013
TXN0001477,PM000304
TXN0001478,PM000001
TXN0001479,PM000009
TXN0001480,PM000004
TXN0001481,PM000001
TXN0001482,PM000620
TXN0001483,PM000015
TXN0001484,PM000000
TXN0001485,PM000000
TXN0001486,PM000000
TXN0001487,PM000001
TXN0001488,PM000024
TXN0001489,PM000000
TXN0001490,PM000000
TXN0001491,PM000014
TXN0001492,PM000001
TXN0001493,PM000006
TXN0001494,PM000699
TXN0001495,PM000000
TXN0001496,PM000002
TXN0001497,PM000001
TXN0001498,PM000119
TXN0001499,PM000000
TXN0001500,PM000000
TXN0001501,PM000000
TXN0001502,PM000031
TXN0001503,PM000035
TXN0001504,PM000003
TXN0001505,PM000001
TXN0001506,PM000699
TXN0001507,PM000699
TXN0001508,PM000009
TXN0001509,PM000000
TXN0001510,PM000008
TXN0001511,PM000699
TXN0001512,PM000000
TXN0001513,PM000002
TXN0001514,PM000000
TXN0001515,PM000268
TXN0001516,PM000699
TXN0001517,PM000605
TXN0001518,PM000004
TXN0001519,PM000000
TXN0001520,PM000006
TXN0001521,PM000002
TXN0001522,PM000000
TXN0001523,PM000020
TXN0001524,PM000004
TXN0001525,PM000098
TXN0001526,PM000000
TXN0001527,PM000006
TXN0001528,PM000003
TXN0001529,PM000002
TXN0001530,PM000022
TXN0001531,PM000071
TXN0001532,PM000225
TXN0001533,PM000008
TXN0001534,PM000001
TXN0001535,PM000025
TXN0001536,PM000005
TXN0001537,PM000001
TXN0001538,PM000000
TXN0001539,PM000143
TXN0001540,PM000000
TXN0001541,PM000006
TXN0001542,PM000397
TXN0001543,PM000000
TXN0001544,PM000031
TXN0001545,PM000009
TXN0001546,PM000107
TXN0001547,PM000699
TXN0001548,PM000004
TXN0001549,PM000001
TXN0001550,PM000015
TXN0001551,PM000170
TXN0001552,PM000393
TXN0001553,PM000007
TXN0001554,PM000013
TXN0001555,PM000006
TXN0001556,PM000012
TXN0001557,PM000699
TXN0001558,PM000025
TXN0001559,PM000000
TXN0001560,PM000699
TXN0001561,PM000004
TXN0001562,PM000002
TXN0001563,PM000140
TXN0001564,PM000006
TXN0001565,PM000006
TXN0001566,PM000699
TXN0001567,PM000000
TXN0001568,PM000699
TXN0001569,PM000000
TXN0001570,PM000000
TXN0001571,PM000002
TXN0001572,PM000699
TXN0001573,PM000016
TXN0001574,PM000141
TXN0001575,PM000004
TXN0001576,PM000057
TXN0001577,PM000000
TXN0001578,PM000699
TXN0001579,PM000000
TXN0001580,PM000000
TXN0001581,PM000034
TXN0001582,PM000001
TXN0001583,PM000025
TXN0001584,PM000000
TXN0001585,PM000002
TXN0001586,PM000000
TXN0001587,PM000000
TXN0001588,PM000002
TXN0001589,PM000699
TXN0001590,PM000008
TXN0001591,PM000000
TXN0001592,PM000000
TXN0001593,PM000000
TXN0001594,PM000699
TXN0001595,PM000000
TXN0001596,PM000000
TXN0001597,PM000000
TXN0001598,PM000000
TXN0001599,PM000018
TXN0001600,PM000004
TXN0001601,PM000098
TXN0001602,PM000003
TXN0001603,PM000002
TXN0001604,PM000001
TXN0001605,PM000699
TXN0001606,PM000002
TXN0001607,PM000002
TXN0001608,PM000699
TXN0001609,PM000148
TXN0001610,PM000258
TXN0001611,PM000000
TXN0001612,PM000000
TXN0001613,PM000699
TXN0001614,PM000001
TXN0001615,PM000612
TXN0001616,PM000000
TXN0001617,PM000699
TXN0001618,PM000051
TXN0001619,PM000000
TXN0001620,PM000000
TXN0001621,PM000008
TXN0001622,PM000699
TXN0001623,PM000053
TXN0001624,PM000000
TXN0001625,PM000000
TXN0001626,PM000001
TXN0001627,PM000072
TXN0001628,PM000014
TXN0001629,PM000002
TXN0001630,PM000001
TXN0001631,PM000001
TXN0001632,PM000000
TXN0001633,PM000040
TXN0001634,PM000000
TXN0001635,PM000004
TXN0001636,PM000000
TXN0001637,PM000002
TXN0001638,PM000000
TXN0001639,PM000000
TXN0001640,PM000000
TXN0001641,PM000478
TXN0001642,PM000009
TXN0001643,PM000699
TXN0001644,PM000048
TXN0001645,PM000005
TXN0001646,PM000002
TXN0001647,PM000000
TXN0001648,PM000002
TXN0001649,PM000699
TXN0001650,PM000015
TXN0001651,PM000014
TXN0001652,PM000000
TXN0001653,PM000016
TXN0001654,PM000022
TXN0001655,PM000162
TXN0001656,PM000156
TXN0001657,PM000000
TXN0001658,PM000002
TXN0001659,PM000013
TXN0001660,PM000035
TXN0001661,PM000132
TXN0001662,PM000002
TXN0001663,PM000000
TXN0001664,PM000000
TXN0001665,PM000060
TXN0001666,PM000020
TXN0001667,PM000699
TXN0001668,PM000000
TXN0001669,PM000000
TXN0001670,PM000000
TXN0001671,PM000009
TXN0001672,PM000002
TXN0001673,PM000002
TXN0001674,PM000034
TXN0001675,PM000000
TXN0001676,PM000041
TXN0001677,PM000001
TXN0001678,PM000000
TXN0001679,PM000004
TXN0001680,PM000000
TXN0001681,PM000002
TXN0001682,PM000190
TXN0001683,PM000011
TXN0001684,PM000001
TXN0001685,PM000000
TXN0001686,PM000004
TXN0001687,PM000699
TXN0001688,PM000699
TXN0001689,PM000000
TXN0001690,PM000009
TXN0001691,PM000003
TXN0001692,PM000000
TXN0001693,PM000000
TXN0001694,PM000001
TXN0001695,PM000000
TXN0001696,PM000019
TXN0001697,PM000005
TXN0001698,PM000001
TXN0001699,PM000699
TXN0001700,PM000699
TXN0001701,PM000699
TXN0001702,PM000003
TXN0001703,PM000007
TXN0001704,PM000000
TXN0001705,PM000003
TXN0001706,PM000066
TXN0001707,PM000133
TXN0001708,PM000065
TXN0001709,PM000077
TXN0001710,PM000005
TXN0001711,PM000000
TXN0001712,PM000003
TXN0001713,PM000010
TXN0001714,PM000010
TXN0001715,PM000001
TXN0001716,PM000052
TXN0001717,PM000699
TXN0001718,PM000011
TXN0001719,PM000002
TXN0001720,PM000699
TXN0001721,PM000002
TXN0001722,PM000080
TXN0001723,PM000000
TXN0001724,PM000699
TXN0001725,PM000001
TXN0001726,PM000001
TXN0001727,PM000699
TXN0001728,PM000001
TXN0001729,PM000002
TXN0001730,PM000000
TXN0001731,PM000000
TXN0001732,PM000000
TXN0001733,PM000015
TXN0001734,PM000000
TXN0001735,PM000000
TXN0001736,PM000699
TXN0001737,PM000000
TXN0001738,PM000003
TXN0001739,PM000110
TXN0001740,PM000000
TXN0001741,PM000004
TXN0001742,PM000010
TXN0001743,PM000000
TXN0001744,PM000003
TXN0001745,PM000699
TXN0001746,PM000002
TXN0001747,PM000003
TXN0001748,PM000001
TXN0001749,PM000000
TXN0001750,PM000001
TXN0001751,PM000699
TXN0001752,PM000000
TXN0001753,PM000003
TXN0001754,PM000001
TXN0001755,PM000004
TXN0001756,PM000058
TXN0001757,PM000001
TXN0001758,PM000018
TXN0001759,PM000002
TXN0001760,PM000000
TXN0001761,PM000297
TXN0001762,PM000068
TXN0001763,PM000000
TXN0001764,PM000013
TXN0001765,PM000031
TXN0001766,PM000000
TXN0001767,PM000017
TXN0001768,PM000591
TXN0001769,PM000000
TXN0001770,PM000011
TXN0001771,PM000004
TXN0001772,PM000249
TXN0001773,PM000001
TXN0001774,PM000000
TXN0001775,PM000001
TXN0001776,PM000308
TXN0001777,PM000002
TXN0001778,PM000006
TXN0001779,PM000699
TXN0001780,PM000000
TXN0001781,PM000000
TXN0001782,PM000699
TXN0001783,PM000000
TXN0001784,PM000001
TXN0001785,PM000002
TXN0001786,PM000352
TXN0001787,PM000029
TXN0001788,PM000003
TXN0001789,PM000003
TXN0001790,PM000000
TXN0001791,PM000024
TXN0001792,PM000009
TXN0001793,PM000000
TXN0001794,PM000016
TXN0001795,PM000031
TXN0001796,PM000000
TXN0001797,PM000108
TXN0001798,PM000001
TXN0001799,PM000000
TXN0001800,PM000000
TXN0001801,PM000004
TXN0001802,PM000002
TXN0001803,PM000002
TXN0001804,PM000002
TXN0001805,PM000218
TXN0001806,PM000000
TXN0001807,PM000141
TXN0001808,PM000000
TXN0001809,PM000000
TXN0001810,PM000000
TXN0001811,PM000044
TXN0001812,PM000003
TXN0001813,PM000000
TXN0001814,PM000000
TXN0001815,PM000029
TXN0001816,PM000016
TXN0001817,PM000000
TXN0001818,PM000224
TXN0001819,PM000005
TXN0001820,PM000002
TXN0001821,PM000000
TXN0001822,PM000699
TXN0001823,PM000699
TXN0001824,PM000000
TXN0001825,PM000001
TXN0001826,PM000001
TXN0001827,PM000000
TXN0001828,PM000000
TXN0001829,PM000000
TXN0001830,PM000002
TXN0001831,PM000003
TXN0001832,PM000000
TXN0001833,PM000000
TXN0001834,PM000000
TXN0001835,PM000190
TXN0001836,PM000016
TXN0001837,PM000095
TXN0001838,PM000001
TXN0001839,PM000561
TXN0001840,PM000699
TXN0001841,PM000005
TXN0001842,PM000699
TXN0001843,PM000007
TXN0001844,PM000699
TXN0001845,PM000109
TXN0001846,PM000000
TXN0001847,PM000057
TXN0001848,PM000000
TXN0001849,PM000078
TXN0001850,PM000008
TXN0001851,PM000002
TXN0001852,PM000010
TXN0001853,PM000147
TXN0001854,PM000017
TXN0001855,PM000005
TXN0001856,PM000027
TXN0001857,PM000000
TXN0001858,PM000007
TXN0001859,PM000017
TXN0001860,PM000699
TXN0001861,PM000025
TXN0001862,PM000186
TXN0001863,PM000000
TXN0001864,PM000002
TXN0001865,PM000001
TXN0001866,PM000661
TXN0001867,PM000253
TXN0001868,PM000000
TXN0001869,PM000095
TXN0001870,PM000003
TXN0001871,PM000002
TXN0001872,PM000003
TXN0001873,PM000699
TXN0001874,PM000699
TXN0001875,PM000003
TXN0001876,PM000001
TXN0001877,PM000008
TXN0001878,PM000052
TXN0001879,PM000027
TXN0001880,PM000000
TXN0001881,PM000041
TXN0001882,PM000002
TXN0001883,PM000000
TXN0001884,PM000001
TXN0001885,PM000001
TXN0001886,PM000069
TXN0001887,PM000000
TXN0001888,PM000002
TXN0001889,PM000012
TXN0001890,PM000310
TXN0001891,PM000000
TXN0001892,PM000699
TXN0001893,PM000116
TXN0001894,PM000000
TXN0001895,PM000000
TXN0001896,PM000001
TXN0001897,PM000002
TXN0001898,PM000001
TXN0001899,PM000000
TXN0001900,PM000000
TXN0001901,PM000690
TXN0001902,PM000000
TXN0001903,PM000001
TXN0001904,PM000016
TXN0001905,PM000000
TXN0001906,PM000000
TXN0001907,PM000005
TXN0001908,PM000001
TXN0001909,PM000528
TXN0001910,PM000015
TXN0001911,PM000063
TXN0001912,PM000020
TXN0001913,PM000000
TXN0001914,PM000000
TXN0001915,PM000002
TXN0001916,PM000004
TXN0001917,PM000022
TXN0001918,PM000000
TXN0001919,PM000000
TXN0001920,PM000005
TXN0001921,PM000164
TXN0001922,PM000699
TXN0001923,PM000000
TXN0001924,PM000002
TXN0001925,PM000002
TXN0001926,PM000008
TXN0001927,PM000000
TXN0001928,PM000001
TXN0001929,PM000001
TXN0001930,PM000395
TXN0001931,PM000461
TXN0001932,PM000002
TXN0001933,PM000001
TXN0001934,PM000464
TXN0001935,PM000000
TXN0001936,PM000699
TXN0001937,PM000001
TXN0001938,PM000156
TXN0001939,PM000010
TXN0001940,PM000000
TXN0001941,PM000699
TXN0001942,PM000010
TXN0001943,PM000012
TXN0001944,PM000004
TXN0001945,PM000000
TXN0001946,PM000001
TXN0001947,PM000001
TXN0001948,PM000000
TXN0001949,PM000002
TXN0001950,PM000000
TXN0001951,PM000000
TXN0001952,PM000001
TXN0001953,PM000000
TXN0001954,PM000019
TXN0001955,PM000004
TXN0001956,PM000001
TXN0001957,PM000018
TXN0001958,PM000000
TXN0001959,PM000001
TXN0001960,PM000006
TXN0001961,PM000169
TXN0001962,PM000699
TXN0001963,PM000139
TXN0001964,PM000699
TXN0001965,PM000003
TXN0001966,PM000001
TXN0001967,PM000011
TXN0001968,PM000000
TXN0001969,PM000006
TXN0001970,PM000001
TXN0001971,PM000009
TXN0001972,PM000006
TXN0001973,PM000002
TXN0001974,PM000699
TXN0001975,PM000110
TXN0001976,PM000007
TXN0001977,PM000002
TXN0001978,PM000044
TXN0001979,PM000029
TXN0001980,PM000024
TXN0001981,PM000000
TXN0001982,PM000006
TXN0001983,PM000003
TXN0001984,PM000000
TXN0001985,PM000037
TXN0001986,PM000319
TXN0001987,PM000019
TXN0001988,PM000013
TXN0001989,PM000001
TXN0001990,PM000000
TXN0001991,PM000002
TXN0001992,PM000004
TXN0001993,PM000000
TXN0001994,PM000018
TXN0001995,PM000100
TXN0001996,PM000042
TXN0001997,PM000001
TXN0001998,PM000003
TXN0001999,PM000699
