customer_id,customer_type,name,email,phone,address,kyc_status
CUST000000,Individual,Heather Cross,braunbrianna@example.com,,"588 David Valleys Suite 061, Port Meganfurt, ME 68402",Verified
CUST000001,Individual,Adam Hernandez,morsejeffrey@example.org,001-564-311-0763x030,,Verified
CUST000002,Individual,Rebecca Morales,xwilliamson@example.com,,,Verified
CUST000003,Individual,Michael Kline,brandon48@example.org,+1-951-964-5914x16723,"2350 Pamela Hill Suite 234, Collinsview, WI 41765",Verified
CUST000004,Individual,Grace Serrano,zgraham@example.com,(760)854-0408x1479,,Rejected
CUST000005,Individual,Elizabeth Phillips,sarahmiller@example.net,,"7285 Carter Valleys, West Janetbury, SD 62354",Verified
CUST000006,Individual,Richard Mercer,suejoseph@example.com,280-939-9321x0555,"160 Evans Key Apt. 329, Brendamouth, NY 08623",Verified
CUST000007,Business,Tiffany Anderson,michael94@example.com,731-499-7451x402,"7424 Miller Falls, Cookbury, VI 71951",Verified
CUST000008,Individual,Brandy Kelley,juliamorales@example.org,001-880-441-8962x67208,"610 Page View Suite 391, Devonbury, MI 78280",Verified
CUST000009,Individual,Jason Reed,jasonpadilla@example.com,001-797-615-6359,"7515 Gonzalez Falls Suite 026, North Yvonnefurt, VA 10999",Verified
CUST000010,Individual,Scott Ramirez,mmedina@example.net,(525)912-8449x39404,"3200 Rodriguez Ferry Suite 329, Bradleyport, IA 84314",Verified
CUST000011,Individual,Brenda Lopez,jessicaschmidt@example.org,2154143161,,Verified
CUST000012,Individual,Juan Collins,boydelaine@example.net,001-616-985-8456,"759 Mann Lakes, Loganberg, NH 69306",Pending
CUST000013,Individual,Ronald Torres,margarethebert@example.net,,"6246 Nichols Greens, South Craig, AZ 95456",Verified
CUST000014,Business,Crystal Eaton,julianwilliams@example.net,737-708-7912x6251,"205 Stacey Bridge Apt. 331, Port Anthony, TN 75189",Verified
CUST000015,Business,Robin Lopez,shawsusan@example.net,323-970-4925,"072 Samantha Route, South Ashleystad, DC 77820",Verified
CUST000016,Individual,Kevin Hunt,blackpaula@example.net,(808)301-4990x09029,"6162 Justin Camp Suite 941, Karenmouth, KS 56549",Verified
CUST000017,Business,Randall Ford,brian86@example.net,(985)756-4281,,Verified
CUST000018,Individual,Michael Berry,ericthomas@example.com,(452)266-9887x55406,"6002 Stephanie Drive, Smithport, IL 05594",Verified
CUST000019,Business,Laura Morrow,jared82@example.com,,"600 Griffin Roads, North Emilyburgh, OR 19564",Pending
CUST000020,Individual,Jessica Hampton,kelleydavid@example.org,435-325-1757x7055,"02477 Brenda Ville Suite 161, Masseyfort, MS 79356",Verified
CUST000021,Individual,Christine Lee,dmullins@example.org,+1-296-483-4929x27578,"7573 Christopher Green Suite 425, Barnesborough, VI 82489",Pending
CUST000022,Individual,Brandon Lowery,norman57@example.org,001-801-292-1156,"9704 Daniel Village Suite 713, Martinton, MD 17685",Pending
CUST000023,Individual,Shannon Sanchez PhD,douglasbauer@example.org,001-444-693-0734x543,,Pending
CUST000024,Individual,Deanna Jordan,markmacias@example.net,,,Verified
CUST000025,Business,Katherine Kent,sherimunoz@example.com,(911)493-8297x12467,"6979 Teresa Junctions, Boydbury, IA 78926",Verified
CUST000026,Business,Paula Peterson,davismatthew@example.org,,"705 Mendoza Locks, New Susanport, AZ 13606",Verified
CUST000027,Individual,Michael Fleming,tammy54@example.org,(981)750-1213,"4218 Blankenship Valley Apt. 428, North Jenniferfort, IA 87766",Verified
CUST000028,Business,Eric Marshall,erika22@example.net,5658203823,"77223 Kevin Manor Apt. 971, Raymondstad, OK 27818",Verified
CUST000029,Individual,Jesse Brooks,jonathan92@example.com,975-734-1221x81875,"88353 Smith Unions Suite 025, Davisborough, FM 16229",Verified
CUST000030,Individual,Jennifer Johnson,hbrennan@example.org,+1-954-300-8122x80656,"USNV Johnson, FPO AA 82370",Verified
CUST000031,Individual,Christina Cook,geraldsaunders@example.net,001-335-903-9370x4298,,Verified
CUST000032,Business,Dr. Renee Duffy,nicole69@example.net,+1-936-499-9925,,Verified
CUST000033,Individual,Luke Smith,stevenochoa@example.com,001-835-572-5153,"43142 Jason Trail, Joshuaburgh, SC 39986",Verified
CUST000034,Individual,Alicia Ortiz,jenny33@example.org,294.538.6074x9233,,Verified
CUST000035,Individual,Andrew Marks,jenniferjohnston@example.com,241-828-5947,"616 Acosta Harbors, Crawfordview, DE 06190",Verified
CUST000036,Individual,Tiffany Murray,cparker@example.com,(662)710-0712x51392,"7958 Misty Ports, Mitchellchester, NJ 14271",Pending
CUST000037,Individual,Angela Brown,stevebarnes@example.net,+1-598-900-8437x389,"5945 Morris Glen Suite 579, Moraleshaven, AZ 69374",Verified
CUST000038,Business,Terry Johns MD,pthomas@example.net,,"0183 Lisa Land Apt. 739, Bentleymouth, PR 27454",Verified
CUST000039,Business,Daniel Marshall,matthew84@example.com,679.709.9573x70346,"483 Grace Overpass Suite 909, Shanefort, KS 81451",Pending
CUST000040,Individual,Rachel Anderson,paul75@example.net,+1-438-421-2289x549,"286 Fred Brooks, Melissaview, VI 09073",Verified
CUST000041,Business,Scott Clark,christopherlucas@example.org,(701)702-6937x309,"4536 Jesse Ramp, Morenoshire, MP 32756",Verified
CUST000042,Business,Cindy Berry,hawkinschristine@example.com,001-317-454-4805x93521,"143 Green Trace Apt. 939, Lake Jessica, MP 52628",Pending
CUST000043,Individual,Charles Maldonado,gparker@example.org,5084509620,"713 Williams Mall, Guerreroburgh, LA 39753",Verified
CUST000044,Individual,Joanna Jones,angela66@example.com,(942)384-9721,"52752 Williams Plains Suite 568, Susanville, GA 34699",Pending
CUST000045,Business,Jessica Wagner,browngordon@example.net,,,Verified
CUST000046,Individual,Michael Bowen,vchan@example.net,(791)510-7853,"3995 Griffin Squares Apt. 329, East Austinhaven, AR 59275",Verified
CUST000047,Individual,Joel Chavez,mejiacheryl@example.com,804.269.2167x4295,"88225 Smith Gateway Suite 485, Hollowaybury, DE 36505",Verified
CUST000048,Individual,Melissa Cross,paulaperez@example.net,001-929-843-0374,"9463 Lisa Inlet, Derekview, CT 33213",Verified
CUST000049,Individual,Andrew Ball,joseshah@example.com,(227)481-6239x778,"67166 Lopez Row, South Melindabury, FL 49787",Verified
CUST000050,Business,Angela Parker,jesus28@example.org,(356)930-4243,,Verified
CUST000051,Business,Sherri Hicks,kennedytimothy@example.com,899-740-6678x29020,"Unit 4796 Box 5122, DPO AA 04701",Verified
CUST000052,Business,Tracy Olson,taylorbartlett@example.com,(768)208-8846,"849 Palmer Mills, Lake Heather, AZ 88460",Rejected
CUST000053,Individual,Richard Garcia,gburns@example.org,620-914-5017,"1663 David Orchard Apt. 388, Dawnstad, MP 69036",Verified
CUST000054,Individual,Michael Tran,franciscobest@example.org,544.697.9233x906,,Verified
CUST000055,Individual,Katherine Williams,kayla60@example.com,415.991.8154,"72545 Caitlin Parkways Suite 260, New Kellyland, UT 14600",Verified
CUST000056,Individual,Carlos Martinez,barrettanna@example.com,+1-215-648-9552x9558,"1732 Morris Fords, Nathanville, AS 61434",Verified
CUST000057,Individual,Andrew Miller,heathervilla@example.org,,"PSC 1921, Box 3386, APO AE 22585",Verified
CUST000058,Individual,Miss Heather Cross MD,ericwilliams@example.net,,"296 Cortez Walk Suite 844, Christopherfort, FL 87114",Verified
CUST000059,Business,Paul Hall,williamstiffany@example.com,+1-642-388-1813x20954,"5215 Antonio Crossing Suite 934, Lake Davidview, TX 03727",Verified
CUST000060,Individual,Robert Maxwell,jcollins@example.org,(365)341-3288x849,"2234 Jason Estate Apt. 423, New Kellyburgh, MP 70061",Pending
CUST000061,Business,Linda Morgan,sgibson@example.com,(794)488-7035,"933 Wood Stravenue Suite 303, Port Patrickville, NJ 64655",Verified
CUST000062,Business,Sarah Walters,robert07@example.org,+1-279-624-9405x175,"03007 Jackson Coves, Gravesmouth, OH 75668",Verified
CUST000063,Business,April Joseph,smithmichael@example.com,,"6096 Kim Lane, Port Jaime, MH 03405",Pending
CUST000064,Individual,Joel Spencer,fisherdonald@example.org,(301)807-9029,"99105 Hughes Viaduct Apt. 828, Port Michelleburgh, MO 94365",Pending
CUST000065,Individual,Shirley Krause,lowelisa@example.org,+1-635-985-8773x7950,,Pending
CUST000066,Individual,John Garcia,tammyperkins@example.com,+1-612-643-9730,"USNS Lynch, FPO AP 22846",Verified
CUST000067,Individual,Shelby Turner,mfranklin@example.net,,,Verified
CUST000068,Business,Shaun Sutton,andrewmedina@example.org,(375)992-1221,"8453 John Knoll Suite 747, New Dannyfort, ND 33420",Verified
CUST000069,Individual,Anne Dixon,joseph42@example.net,411.647.4449x543,,Rejected
CUST000070,Business,Devin Martinez,brittney22@example.com,001-484-249-6389x8055,,Verified
CUST000071,Individual,Whitney Richardson,benjamin08@example.net,(977)496-5555,"18479 Alisha Highway, Autumnfort, GA 67428",Verified
CUST000072,Individual,Michael Hawkins,dcarroll@example.org,(566)306-9331x41531,,Rejected
CUST000073,Individual,Hunter Johnson,ngraham@example.net,,"68665 Scott Cape Suite 795, Johnsonton, MS 94252",Verified
CUST000074,Individual,Kimberly Kaiser,nguyentanya@example.com,001-621-200-4069x140,"5772 Karen Summit Suite 824, New Eric, MA 58929",Pending
CUST000075,Individual,Michelle Burns,elizabeth33@example.net,201-710-0011,"806 Misty Light Suite 695, Port Ellenmouth, MA 87981",Verified
CUST000076,Individual,Carla Daugherty,josephwilliams@example.org,001-656-800-8995x6345,"Unit 8523 Box 6375, DPO AE 69754",Rejected
CUST000077,Individual,Michael Hansen,ydavis@example.net,(217)660-1674x51594,,Verified
CUST000078,Individual,Mason Jennings,regina70@example.com,736-234-4921,"090 Howard Meadows Apt. 067, Lisaburgh, OR 27129",Verified
CUST000079,Individual,Laura Fletcher,cphillips@example.com,,"397 Lewis Bypass Suite 685, Jasminechester, NV 55195",Verified
CUST000080,Individual,Nathan Reid,bryanbuckley@example.net,001-980-270-6698x281,"968 Erica Manor Suite 419, South Megan, MH 54955",Pending
CUST000081,Individual,Kim Gilbert,annascott@example.com,001-850-640-5551x07948,,Verified
CUST000082,Business,Anthony Jones,ssullivan@example.org,,"Unit 5881 Box 3578, DPO AP 07460",Verified
CUST000083,Individual,Kayla Harmon,bethcastillo@example.org,,"Unit 4489 Box 1699, DPO AP 44299",Verified
CUST000084,Individual,Andrew Poole,breanna75@example.org,(479)267-4263x4084,"2255 Whitehead Creek, East Christopher, CA 41239",Verified
CUST000085,Individual,Brenda Hernandez,hillanthony@example.com,,"3226 Day Crossing Apt. 229, Lake Theresahaven, MD 68009",Pending
CUST000086,Business,Mrs. Kristina Castillo MD,kennedyandrea@example.com,215.833.7340x836,"41555 Andrew Villages Suite 693, South Jake, WY 71147",Verified
CUST000087,Business,Rebecca Miranda,andre94@example.org,391.591.6827,"173 Waller Forks Apt. 315, West Michelleside, VA 20442",Verified
CUST000088,Individual,Sydney Villanueva,wbaker@example.com,962.586.4573x000,"6462 Garcia Walk Suite 107, Michaelville, NH 98102",Verified
CUST000089,Individual,Mallory Gray,kiara85@example.net,001-219-247-1333,"096 Nancy Extensions, Port Crystal, PR 85017",Verified
CUST000090,Individual,Craig Rowland,swood@example.org,,"385 Robert Passage Suite 086, Jonesside, OH 36443",Verified
CUST000091,Individual,Victor Collins,scollins@example.net,6789446319,"08823 Strong Freeway, North Mariafurt, CA 91550",Verified
CUST000092,Individual,Shane Ward,tracieross@example.com,(989)777-2441x3012,"5845 Nicole Row Apt. 441, New James, MD 96734",Verified
CUST000093,Individual,Leah Francis,sloanwilliam@example.net,642-989-7982x0012,"641 Jessica River, Lopezshire, MI 21817",Verified
CUST000094,Individual,Wendy Long,terriford@example.com,411.517.3210,,Verified
CUST000095,Business,Mark Kelly,kellyblackwell@example.org,(282)458-1612,"7897 Rebecca Drive, Burnettfurt, PW 10232",Pending
CUST000096,Individual,Alicia Brown,mirandajimenez@example.net,492.792.5190x25498,,Verified
CUST000097,Individual,Nicholas Lee,murillorichard@example.net,(725)419-1147x343,,Verified
CUST000098,Individual,Tina Beltran,landerson@example.com,,"501 Williams Park Suite 946, Danamouth, AR 54428",Verified
CUST000099,Individual,Jacob Weiss,smithrebecca@example.org,411.854.6740x4882,,Verified
CUST000100,Individual,Ariel Huynh,kpatel@example.org,629-387-1818x109,"USNV Frazier, FPO AA 81340",Pending
CUST000101,Individual,Beverly House,cartercassandra@example.com,,,Verified
CUST000102,Individual,Jessica Rodriguez,timothymartinez@example.com,+1-686-425-6055x47924,"81735 Amy Lock Apt. 475, Port Bradley, IL 71745",Verified
CUST000103,Business,Sarah Johnson,gguzman@example.net,(607)299-3017,,Verified
CUST000104,Individual,Scott Clark,garykim@example.com,001-359-885-0147x0138,"709 Russell Flats, Port Maryton, ID 20473",Verified
CUST000105,Individual,Jennifer Mckay,nathan38@example.org,(414)431-4022x113,"998 Tammie Path Apt. 890, Lake Emily, PA 70461",Verified
CUST000106,Business,Brandon Perez,whitedanielle@example.net,906-909-4072,,Verified
CUST000107,Business,Kristen Merritt,millerkevin@example.com,(892)552-8281x2439,"93222 Adams Crescent, Randytown, MP 97026",Verified
CUST000108,Individual,Mrs. Amanda Blake,coffeydaniel@example.org,526-314-7492x31982,"602 William Corners Suite 977, Barrshire, LA 23180",Pending
CUST000109,Individual,Caitlyn Obrien,johncampbell@example.com,862-640-2917x94098,"401 Anne Prairie, East Leslie, WA 45860",Verified
CUST000110,Individual,John Neal,dianehanson@example.com,633-415-1779x2668,"72528 Ayala Junction, New Markberg, MT 29738",Pending
CUST000111,Individual,Mark Wyatt,kathleenleonard@example.net,819-490-9257x0124,"3740 Taylor Cape Apt. 224, Brittanyfurt, WY 56525",Pending
CUST000112,Individual,Brenda Lane,tranchristina@example.com,2817343482,"9326 White Plaza, West Wendy, MA 95382",Verified
CUST000113,Individual,Jordan Burnett,frobinson@example.net,4736384259,"86663 Gonzales Mountain, South Jamie, AZ 82830",Pending
CUST000114,Business,Brandy Johnson,brandon31@example.com,+1-309-754-8607x5230,,Pending
CUST000115,Individual,Brittany Cox,stevencrosby@example.net,899.811.1366x694,"84482 Richardson Trafficway Suite 114, Richardsland, NJ 31039",Verified
CUST000116,Individual,Pamela Wilson,veronica58@example.net,(844)570-4498x33336,"114 Goodman Common Apt. 149, Nealburgh, NY 33931",Verified
CUST000117,Individual,Jessica Ramirez,whart@example.org,,,Rejected
CUST000118,Individual,Rachel Graham,nchavez@example.org,814.746.1460x124,"39643 Jennifer Gardens, West Charleston, DE 63546",Verified
CUST000119,Individual,Brandy Watson,ldavis@example.net,,"69278 Dunn Creek, South Michaelview, IL 51144",Verified
CUST000120,Individual,Hunter Jackson,stephanie44@example.org,390-585-4935,"715 Hutchinson Flats Apt. 932, Torreshaven, KS 24707",Verified
CUST000121,Individual,Tyler Holland,joel05@example.com,001-925-367-0419x5757,"381 Obrien Underpass Suite 314, Hernandezview, KY 44988",Verified
CUST000122,Individual,Brian Sanchez,rboyd@example.net,652-803-7377x8345,"560 Diana Station Suite 864, Garyburgh, MI 24554",Pending
CUST000123,Individual,Courtney Reed,mezashannon@example.net,686-488-2746,"32894 Carla Course Suite 607, Ronaldbury, IL 23951",Rejected
CUST000124,Individual,Robert Herring,matthew53@example.net,924-865-1761,,Verified
CUST000125,Individual,Jennifer Chapman,christopher90@example.com,001-588-791-4021x796,"2029 Michael Plains, Schaeferton, AZ 14653",Rejected
CUST000126,Individual,Nicholas Blake,jasonhicks@example.org,001-617-284-5848x6808,"9975 John Hill, Cynthiaberg, NC 01113",Verified
CUST000127,Individual,Maria Bowers,kelly96@example.net,,"931 Julian Views, East Davidside, VT 01739",Verified
CUST000128,Individual,Manuel Hernandez,kochkyle@example.com,7285121988,"8222 Murphy Expressway, East Leslie, CT 59784",Verified
CUST000129,Individual,John Thomas,paul89@example.com,477-518-8977x8123,"56470 Mendoza Manor Suite 097, New Davidton, IL 77676",Verified
CUST000130,Individual,Derek Williams,brandonlloyd@example.com,732.729.6734x7258,"141 Patel Fork, Shellystad, ND 84381",Pending
CUST000131,Individual,Stephen Reed,burgessmichael@example.org,429.752.1007,"0323 Mckenzie Cape Apt. 322, Rachelton, DC 38826",Pending
CUST000132,Individual,Diane Woods,znorris@example.net,(950)947-5751x7712,"4477 Lynch Drive, Bauerland, WI 01055",Pending
CUST000133,Individual,Steven Mcneil,paul65@example.com,3839374131,"340 Sarah Mill Suite 424, South Stevenshire, NY 18262",Verified
CUST000134,Individual,Sean Howard DVM,mollyshepard@example.net,,"6443 Stevens Stream, Porterberg, GA 19272",Verified
CUST000135,Individual,Kelly Carlson,brandon89@example.com,302.757.9564x665,"197 Bridges Oval, Patriciafurt, TX 28599",Verified
CUST000136,Business,Eric Chavez,angela43@example.com,623-694-4929,"55643 Murphy Underpass, New Robertburgh, MH 86741",Verified
CUST000137,Individual,Matthew Lopez,lking@example.net,849-619-5409,"4965 Weiss Turnpike, West Ryan, VA 37550",Rejected
CUST000138,Individual,Amy Solis,jose61@example.net,348.755.1735,"248 Navarro Cliffs Apt. 354, Robertland, DE 29446",Pending
CUST000139,Individual,Debra Hines,george34@example.org,001-386-876-3604x3282,"0244 Gonzalez Views Suite 677, Johnsonland, ID 48282",Verified
CUST000140,Individual,Leslie Gray,chambersmichael@example.com,967.518.0368,,Verified
CUST000141,Individual,Alyssa Scott,bonillafranklin@example.net,510-597-8928x08843,,Rejected
CUST000142,Individual,Sarah Floyd,brandonrobinson@example.net,(937)945-3434x433,"00111 Schneider Mission Suite 826, Perezchester, NH 35751",Verified
CUST000143,Individual,Christopher Armstrong,jasonfitzgerald@example.org,(991)235-4432x6484,"811 Brandy Knolls, New Angela, ID 90567",Verified
CUST000144,Individual,Jennifer Fry,xscott@example.com,948-837-1612x90634,,Verified
CUST000145,Individual,Richard Ferrell,tracey57@example.com,(395)985-8592,"547 Walker Rest, Nicholastown, AZ 77252",Verified
CUST000146,Individual,Jamie Price,hhill@example.com,368-666-0458,"58574 Thompson Meadows, Pattersonland, WI 93847",Verified
CUST000147,Individual,Carrie Nguyen,anthonywilliams@example.com,998-666-3540,"USNS Montes, FPO AA 63260",Verified
CUST000148,Business,Martin Young,john08@example.com,840-725-4318,"64921 Tara Via, North Bethport, NJ 95915",Verified
CUST000149,Individual,Brandon Cain,johnturner@example.org,001-564-230-9690,"617 Nicholas Parkway Apt. 014, South Colleenfort, MS 22921",Pending
CUST000150,Individual,Bailey Walton,ljohnson@example.net,001-709-989-1510x821,"033 Kenneth Tunnel, Johnsonborough, FM 46125",Verified
CUST000151,Business,Danielle Ramos,dmartin@example.net,441.489.6322,"3952 Davis Ridges, New Andreaton, MN 84457",Verified
CUST000152,Individual,Alan Ellis,baileydenise@example.net,,"PSC 9313, Box 8862, APO AA 18951",Rejected
CUST000153,Individual,Victor Ramirez,hickstrevor@example.org,(786)328-9287x32231,"PSC 1454, Box 0282, APO AP 01273",Pending
CUST000154,Individual,Christian Allen,martinezronald@example.com,563.772.6476,"0630 Hale Station Suite 803, Brownland, ME 26314",Verified
CUST000155,Individual,Jose Galvan,gbenton@example.net,(964)566-5006x5586,"1094 Johnson Stravenue, Peterchester, AZ 73065",Pending
CUST000156,Individual,Tiffany Hayes,carlajohnson@example.com,001-339-380-9253x2636,"196 Elizabeth Unions, Saundersburgh, PA 05887",Rejected
CUST000157,Business,Jonathan Hendrix,blairalan@example.net,+1-222-390-0739x804,"88180 Ortega Island Suite 833, Ashleytown, NC 56430",Verified
CUST000158,Individual,Amber Gardner,xross@example.com,(505)277-8315,"6096 Chad Courts Suite 923, Osborneport, ME 31685",Verified
CUST000159,Individual,Michelle Nolan,vhunter@example.net,+1-391-865-3195,"PSC 7515, Box 9602, APO AA 94724",Verified
CUST000160,Individual,Angela Reynolds,sherry26@example.org,001-904-322-8950x4123,"9726 Martinez Walks Suite 105, Torresview, CO 01665",Verified
CUST000161,Individual,Christopher Moore,hprice@example.com,9203049847,"7056 Fox Square Suite 667, Lake Peterchester, MS 29977",Verified
CUST000162,Business,Joshua Williams,elizabethrivas@example.org,322-914-3519x45677,,Verified
CUST000163,Business,Megan Huang,elizabethjohnson@example.org,654-768-0962,"49948 Christina Valleys, Craigmouth, GU 67883",Verified
CUST000164,Individual,Daniel Church,yhester@example.net,(659)741-6860,"00233 Lin Canyon Apt. 192, Benjaminstad, KY 49283",Verified
CUST000165,Business,Justin Johnson,martinezmichael@example.com,795-378-9951,"7458 Derrick Island Apt. 975, Sabrinabury, UT 36432",Verified
CUST000166,Business,Scott Saunders,susan36@example.org,(313)472-7312x584,"4036 Johnson Trail, Calebside, NC 00784",Verified
CUST000167,Individual,Catherine Garcia,robert75@example.com,(699)250-4955x676,,Verified
CUST000168,Business,Crystal Wood,christina54@example.org,,"8514 Angela Parkways Suite 385, Lake Mary, PA 89443",Verified
CUST000169,Business,Bethany Mitchell,smithleslie@example.com,,"5195 Brenda Glens Apt. 862, Moranstad, KS 32996",Rejected
CUST000170,Individual,Nancy Hughes,ryanbeth@example.org,4744462067,,Verified
CUST000171,Individual,Christine Kelly,ahughes@example.net,900-797-1818x83841,,Pending
CUST000172,Individual,Brandon Santos,allenkimberly@example.net,001-443-245-9281x363,,Verified
CUST000173,Individual,Tiffany Mccoy,cathyowens@example.com,,"50085 Armstrong Alley Suite 974, Matthewshire, NJ 60480",Rejected
CUST000174,Individual,Angela Rodriguez,catherine28@example.com,001-780-839-8050,"910 Scott Creek Apt. 530, Torresshire, DC 29105",Verified
CUST000175,Individual,Nicholas Schwartz,stephaniehicks@example.net,385-369-5395x751,"354 Adams Mission Suite 818, Josephton, VT 48458",Verified
CUST000176,Individual,Tyler Hall,allison11@example.com,001-565-554-0580x6448,"396 Colleen Isle Suite 808, Mcintoshberg, GU 05632",Verified
CUST000177,Individual,Traci Lucas,benjamintrevino@example.org,271-406-7541,"7119 Benjamin Run Suite 755, West Danielleport, FL 64671",Verified
CUST000178,Individual,Kathryn Barnes,christopher60@example.net,8338309767,,Verified
CUST000179,Business,Curtis Hall,sarahgarrett@example.net,(571)648-0946x073,"8233 Flores Trail Apt. 413, East Jimmy, IA 02388",Verified
CUST000180,Individual,Erik Fields,smithanne@example.com,001-351-848-2706x331,"2226 Hawkins Square, South Jeffery, MH 73368",Pending
CUST000181,Business,Jessica Alexander,jeremiah24@example.org,423.546.3782x10831,"058 Kennedy Greens, Dennisshire, AR 55449",Verified
CUST000182,Individual,Michael Valdez,robertbradford@example.org,709.701.3067x840,"Unit 8353 Box 5670, DPO AA 83508",Verified
CUST000183,Individual,Andrew Kelly,patrickscott@example.net,+1-493-752-7395,,Verified
CUST000184,Individual,Tonya Hoffman,zandrews@example.com,3714506452,"828 Phillips Valley Suite 270, Shawnmouth, NC 13340",Verified
CUST000185,Individual,Chelsey Golden,kempfrank@example.net,001-579-894-1955x413,"924 Peters Shore Suite 781, Gutierrezburgh, MS 27479",Verified
CUST000186,Business,Danielle Jackson,bfrye@example.org,+1-454-901-1400x6366,"3838 Deleon Port Apt. 020, North Luis, TN 51814",Pending
CUST000187,Business,Caitlin Cobb,johnsonrebecca@example.com,001-272-515-7473x69207,"2491 Jennifer Heights, Mendozamouth, MA 28496",Verified
CUST000188,Individual,Lisa Vaughn,brownrobin@example.com,316-859-0911,"889 Miller Greens, Johnstonshire, GU 06601",Verified
CUST000189,Individual,Rhonda Clarke,qwade@example.org,+1-359-391-2985,"38966 Ferguson Bypass Suite 282, Hansenfurt, AR 07745",Verified
CUST000190,Individual,Karen Nguyen,leelori@example.net,364-269-1172x2972,"391 Sanchez Burg, Lake Andrew, DC 34132",Rejected
CUST000191,Individual,Tina West,savannahowens@example.net,528.772.8379x20391,"04930 Dustin Villages Suite 085, West Maryton, CA 27319",Verified
CUST000192,Individual,Michelle Tucker,alexandriathomas@example.net,,"0954 Yvonne Tunnel, Washingtonside, RI 96518",Verified
CUST000193,Individual,Meghan Davis,mccartytimothy@example.net,+1-263-923-3415x19422,"882 Nguyen Route, West Elizabeth, NM 46350",Pending
CUST000194,Individual,Regina Frederick,dennisrobert@example.org,(752)780-9940,,Verified
CUST000195,Individual,Lindsey Young,shannon11@example.net,(376)637-4661x80515,,Verified
CUST000196,Business,Michelle Jenkins,tammy12@example.com,+1-902-841-9724,,Verified
CUST000197,Business,Joshua Harrington,vmeyer@example.com,+1-515-226-5594x638,"763 Shea Mountains, Hortonfort, TX 45186",Verified
CUST000198,Business,Megan Hartman,jesse96@example.net,627.868.9033x786,"483 Miles Route, East Melanieport, RI 88080",Verified
CUST000199,Individual,David Harris,brian61@example.com,8077824023,"68668 Spencer Crest Suite 342, Port Larryton, NE 40205",Verified
CUST000200,Individual,Jessica Solis,pmann@example.org,+1-566-935-3772x5282,"07972 Olson Station Apt. 915, Port Linda, KS 49960",Verified
CUST000201,Individual,Breanna Lawson,deanna39@example.com,813-349-5433x19660,"PSC 2844, Box 9848, APO AA 18205",Verified
CUST000202,Individual,Jill Zimmerman,julia59@example.com,+1-639-619-1100x75148,"586 Chase Stream Suite 451, Gabrielleberg, NM 83466",Verified
CUST000203,Individual,Katie Lopez,derek71@example.net,,"1166 Keith Route Apt. 876, Lake Catherineside, ID 85257",Verified
CUST000204,Individual,Dr. Christopher Hurst,hernandezcasey@example.net,,"9817 Matthew Streets, West Angela, GA 38162",Verified
CUST000205,Individual,Carol Perez,victoriaclark@example.net,331-429-2191x2300,"234 Mccall Rue, South Andrewhaven, HI 01955",Verified
CUST000206,Business,Deborah Edwards,cory86@example.com,,"97187 Gardner Stream, Catherineburgh, KS 08650",Pending
CUST000207,Individual,Holly Cohen,vwilson@example.net,259-338-3999x530,,Verified
CUST000208,Individual,Dr. Adam Wilson DDS,madison51@example.org,,"101 Kimberly Summit, Lake Carlaland, CO 71572",Verified
CUST000209,Individual,Cameron Palmer,george11@example.net,(440)802-0643x4192,"USNV Kelly, FPO AE 19346",Verified
CUST000210,Business,Karen Aguirre,smiller@example.net,,"78665 Christopher Way, East Joshua, AR 91312",Verified
CUST000211,Business,Tonya Stewart,enelson@example.com,423.343.0321x228,"Unit 3228 Box 7723, DPO AA 15930",Pending
CUST000212,Individual,Connie Caldwell,manuel67@example.org,+1-711-353-7171x649,"1962 Marquez Haven, Danielville, IA 80526",Verified
CUST000213,Individual,Michael Coleman,jhaley@example.org,(747)246-5279x43705,"7935 Jay Street Apt. 803, East Jenniferstad, AS 95525",Verified
CUST000214,Business,David Perez,sellersscott@example.com,,"204 Bell Springs, West Peterfort, HI 02797",Verified
CUST000215,Business,Krista Robinson,deborahharris@example.net,+1-470-716-8148x393,"37448 Roberts Harbor, South Coreyport, NY 79360",Verified
CUST000216,Individual,Juan Thompson,joshuagutierrez@example.org,695.814.4716x72762,"1498 Pedro Walk, East William, PR 03733",Pending
CUST000217,Individual,Oscar Mcdonald,kmontgomery@example.com,(345)548-3885,"Unit 4440 Box 9121, DPO AE 74819",Verified
CUST000218,Individual,Maria Watson,glenn98@example.com,4326579476,"78999 Christian Ports, East Tonya, CA 03950",Verified
CUST000219,Individual,Sheila Fisher,murphycindy@example.net,841-976-3557x285,"500 Annette Walk, New Emily, MT 64180",Pending
CUST000220,Business,Molly Crawford,cassandra95@example.net,,"USCGC Harris, FPO AA 54053",Verified
CUST000221,Business,Dr. Robert Larsen MD,katrinarivera@example.org,422.848.7334,,Pending
CUST000222,Individual,Jeffrey Weaver,reginayates@example.com,,"07750 Peterson Highway Suite 302, South Katie, AS 07414",Verified
CUST000223,Individual,Mrs. Victoria Miller,zmason@example.org,+1-477-720-9471x8741,,Pending
CUST000224,Individual,Michele Galloway,mathewpeterson@example.com,+1-506-673-5094x103,"3102 Schwartz Villages Apt. 646, Danielport, FL 09576",Pending
CUST000225,Individual,Larry Gordon,littlegary@example.org,,,Verified
CUST000226,Individual,David Roberts,kevinwagner@example.net,+1-243-507-3895,"410 Brandi Viaduct, Lake John, AS 59422",Verified
CUST000227,Individual,Matthew Garcia,mark34@example.net,+1-567-693-6682,,Verified
CUST000228,Individual,John Flores,fordedward@example.org,+1-521-706-0605x672,"0296 Graham Orchard Suite 082, South Jessica, FL 81387",Verified
CUST000229,Individual,Adam Ballard,vaughnjames@example.com,,"605 Tricia Flat, Port Benjamin, PR 16171",Verified
CUST000230,Individual,Cory Smith,spearsashley@example.org,595.665.8625,,Pending
CUST000231,Individual,Christopher Roberts,williamsonchelsea@example.com,709.583.6906,"810 John Fork, Robertsburgh, PW 93689",Pending
CUST000232,Individual,Angela Kemp,jason47@example.com,806.648.7010x8939,,Verified
CUST000233,Business,Michelle Rogers,michellesmith@example.com,916.992.4991,"010 Higgins Points Apt. 637, Katelynborough, CO 80129",Pending
CUST000234,Individual,Michelle Martin,laura45@example.net,,"3473 Evans Lights Suite 051, South Davidside, GA 41507",Pending
CUST000235,Business,Sarah Davila,meagankline@example.net,(973)449-4503,,Pending
CUST000236,Individual,Raymond Davis,carol99@example.org,+1-522-510-7618x683,"PSC 4313, Box 0740, APO AP 13519",Verified
CUST000237,Individual,Stephanie Gutierrez,sara01@example.net,+1-584-230-7124x4011,"6730 Debra Street, North Jordan, HI 49874",Verified
CUST000238,Business,Shelby Stephenson,ksullivan@example.net,471-457-4959,"5575 Ashley Falls, Brandonhaven, NC 54304",Pending
CUST000239,Individual,Stephen Duran,pamela49@example.net,9854230676,,Verified
CUST000240,Individual,Clarence Fernandez,leslie21@example.com,+1-421-735-4771,"143 Mason Roads Suite 409, East Susan, MN 53034",Verified
CUST000241,Individual,Raymond Johnson,dcollier@example.net,001-880-711-3182x18790,"3953 Woodward Groves Suite 717, Evansville, WA 20882",Verified
CUST000242,Individual,Andrew Brown MD,lewistina@example.net,477.205.1409,,Verified
CUST000243,Individual,Amy Dennis DVM,jonathan77@example.org,514-464-3244x89263,,Verified
CUST000244,Individual,Michele Foster,dwebb@example.org,,"90589 Heather Walk Apt. 237, West Michael, ID 59868",Verified
CUST000245,Business,Matthew Barrett,kimberly36@example.net,+1-724-978-3009,"Unit 1834 Box 5676, DPO AE 70522",Verified
CUST000246,Individual,Susan Browning,arthur20@example.com,409.655.1886x4101,"82188 White Roads, Velasqueztown, AS 67567",Pending
CUST000247,Individual,Devin Murray,zmendoza@example.com,951-967-9030x76164,,Verified
CUST000248,Business,Vanessa Obrien,seth62@example.org,001-258-628-1155x5501,"USS Lewis, FPO AE 93522",Verified
CUST000249,Individual,Samuel Johnson,rebeccawilliams@example.org,(922)761-1166x802,"869 Ronald Lock Apt. 968, Baxterville, MT 66238",Verified
CUST000250,Individual,Amy Miller,qpalmer@example.org,+1-717-509-0896x52271,"53348 Bryan Curve Apt. 681, Lake Danielchester, KS 94172",Verified
CUST000251,Individual,Bethany Jordan,rachelcowan@example.net,(725)507-0663,,Verified
CUST000252,Individual,Brandon Black,craigbrianna@example.net,906-759-2820x672,"677 Edward Glens Suite 645, Michaelstad, HI 95263",Rejected
CUST000253,Individual,Michelle Boyle,xhall@example.org,(622)459-0357,,Verified
CUST000254,Individual,Elizabeth Bishop,vmiller@example.net,+1-498-513-7237,"01757 Karen Harbors Apt. 493, Williamview, MS 02206",Rejected
CUST000255,Individual,Jerry Reyes,enichols@example.com,843-716-6961,"25688 Tran Manor Suite 200, North Donaldmouth, OH 86828",Verified
CUST000256,Individual,Stephanie Hudson,melissaroberts@example.net,752-222-1668x6500,"611 Williams Track, New Jessicabury, MA 08482",Verified
CUST000257,Individual,Holly Irwin,theresa42@example.com,999.605.4700x7654,,Verified
CUST000258,Individual,Zachary Mcbride,fmyers@example.com,252.702.5743x74425,,Verified
CUST000259,Individual,Gloria Craig,ymunoz@example.net,001-721-376-1476x7079,,Pending
CUST000260,Individual,Hannah Rodriguez,znielsen@example.net,969.300.5108,"7933 Levine Fields Apt. 293, North Noahport, VA 31021",Verified
CUST000261,Individual,Felicia Reed,robinsonnicole@example.org,+1-765-292-5712x018,,Verified
CUST000262,Individual,Joshua Howell,whiteanna@example.com,(202)706-0979x5840,"221 Carpenter Harbors Suite 573, Nelsonberg, FM 32645",Verified
CUST000263,Individual,Kevin Miller,melissabraun@example.com,667.715.8314,"215 Peter Pines Apt. 513, South Carl, PA 59397",Pending
CUST000264,Business,Brian Gomez,phillipwilliamson@example.com,738-785-1665x3134,"7761 Barry Isle, West Sharon, PR 08132",Rejected
CUST000265,Individual,Christine Hawkins,anna18@example.net,3603010716,"30523 Davis Trace Suite 340, Port Michelleview, WY 99435",Rejected
CUST000266,Business,Eugene Stevenson,michael53@example.com,2092572171,"617 Amy Falls Apt. 386, East Robertton, AL 74052",Verified
CUST000267,Individual,Dennis Jones,rogersrichard@example.com,(991)705-8285,"128 Santiago Greens, North Erin, WV 75241",Pending
CUST000268,Individual,Katherine Olson,gonzaleznatasha@example.org,4143567524,"94004 Crystal Bridge, Stevenhaven, SC 90397",Verified
CUST000269,Business,Maria Perez,efuller@example.com,(227)319-2261x309,,Verified
CUST000270,Individual,Justin Hansen,matthewkoch@example.net,,"895 White Ville, South Robertfurt, PR 14765",Verified
CUST000271,Business,Sherry Garner,patriciaallen@example.com,+1-522-510-1595,"USCGC Powell, FPO AP 47186",Verified
CUST000272,Business,David Crawford,sheltoncassandra@example.com,(826)909-0510x640,,Pending
CUST000273,Individual,Kevin Wright,randerson@example.org,,"9494 Prince Lane Apt. 128, South Austin, RI 92928",Pending
CUST000274,Individual,Katrina Watts,richardsonmonique@example.com,7356568123,,Verified
CUST000275,Individual,Darrell Green,ksmith@example.com,+1-214-416-1605x0408,"413 Frederick Well, Port Kristin, TX 21690",Verified
CUST000276,Business,Nicole Wilson,paula86@example.net,(603)700-2780,,Verified
CUST000277,Individual,Curtis Wells,patricia26@example.org,(976)263-7267x546,"975 Matthew Brook, North Jenniferstad, FL 06499",Verified
CUST000278,Individual,Edward Wilson,palmershane@example.net,,"0267 Stevens Plains, North Jennifer, VT 28811",Verified
CUST000279,Individual,Douglas Russell,morenorebecca@example.net,2587165376,"2829 King Underpass, Michaelland, PR 13679",Verified
CUST000280,Individual,Ryan Burke,ann96@example.com,856-351-5736,"163 Baldwin Greens, Edwardsmouth, AK 26623",Verified
CUST000281,Individual,Crystal Mejia,shawvictoria@example.org,6772125973,"3164 Mahoney Pine Apt. 983, Herbertstad, NC 43620",Pending
CUST000282,Individual,Adam Tucker,nesparza@example.org,,"7482 Jeremy Club Apt. 636, West Tammyhaven, FL 93737",Pending
CUST000283,Individual,Brian Gutierrez,careyanthony@example.org,(779)467-4186,"044 Alexa Isle, Jeffreymouth, PR 69232",Verified
CUST000284,Individual,Tanya Walker,victoria83@example.com,+1-477-730-2709x522,,Verified
CUST000285,Individual,Mrs. Pamela Gonzalez,jamestaylor@example.net,390-565-6507x755,"829 Bennett Meadow, Lake Geoffreyfurt, DC 02611",Rejected
CUST000286,Individual,Victoria Reed,douglas37@example.net,+1-455-389-4698x120,,Verified
CUST000287,Business,Andrew Garrison,patrickhansen@example.net,2587278777,,Verified
CUST000288,Individual,Robert Rich,vickieclark@example.net,(745)429-8433x6007,"77289 Thompson Highway Apt. 665, Jamesside, FM 76923",Rejected
CUST000289,Individual,Cindy Shah,jonesjanice@example.net,328.421.2773x44716,"Unit 6837 Box 2143, DPO AE 82865",Pending
CUST000290,Individual,Seth Marquez,smiller@example.com,473-667-8040x568,"080 Gloria Meadows, Lake Jerry, NC 99599",Verified
CUST000291,Individual,Kathryn Horton,juanferguson@example.com,612-582-2090,"1787 Schultz Village Suite 844, East Ashley, UT 59241",Verified
CUST000292,Individual,James Lopez,derekburgess@example.com,+1-435-315-6253x7922,,Pending
CUST000293,Business,Melanie Houston,hmurphy@example.net,,"PSC 2701, Box 7081, APO AE 92773",Rejected
CUST000294,Individual,Madison Kelly,morgan84@example.com,001-899-902-7764x91639,"07808 Patrick Vista Suite 101, Lake Kristina, NC 45241",Rejected
CUST000295,Individual,Carmen Hampton,kellercorey@example.net,265.738.1449x59634,,Verified
CUST000296,Individual,Laura Meyer,paul07@example.com,316-432-1981x3249,"91873 Danielle Forge Apt. 719, West Joseph, NC 91811",Verified
CUST000297,Business,Gary Jones,waltersryan@example.com,+1-753-357-6311x10511,"600 Brandi Freeway, New Amandahaven, IN 20713",Verified
CUST000298,Individual,Carlos Kennedy,codyboyd@example.com,634.583.9444x980,"Unit 8417 Box 4726, DPO AP 50148",Verified
CUST000299,Individual,Patrick Sanchez,bradley09@example.org,987-607-9539x971,"PSC 0973, Box 7979, APO AP 28690",Verified
CUST000300,Individual,Stephanie Martin,kevinjenkins@example.com,(338)414-5858x16644,"4273 Stephanie Locks, Estradamouth, MS 58461",Rejected
CUST000301,Individual,Richard Krause,benjaminandrew@example.com,585.633.7685x8881,"27255 Gallegos Roads Suite 624, Adamshaven, VA 20950",Pending
CUST000302,Individual,Todd Rosales,espinozakevin@example.org,507.288.9923,"79354 Amy Creek Suite 555, North Jon, PW 06030",Verified
CUST000303,Individual,Kenneth Wood,fmartin@example.com,(343)429-9457x0525,"PSC 0672, Box 9721, APO AE 18643",Pending
CUST000304,Business,Christopher Eaton,sloangarrett@example.com,(647)567-4746,"7223 Laura Crossroad, Craigburgh, AR 25719",Verified
CUST000305,Individual,Mrs. Carmen Ortega,rwhitehead@example.net,934-800-2445x219,"6456 Franklin Trail Apt. 842, Port Rebecca, KY 05288",Verified
CUST000306,Individual,Susan Miller,robert87@example.com,473-778-6740x44854,,Verified
CUST000307,Business,Jesus Mitchell MD,jackfrank@example.com,(408)515-2384x593,"4188 Harris Brooks Apt. 652, New Davidchester, WA 89890",Pending
CUST000308,Individual,Rachel Summers,harrisadrienne@example.com,(938)637-6073x45029,"4777 Perez Stream, South Abigailhaven, VT 35677",Verified
CUST000309,Individual,George Knox,adam83@example.org,472.834.2569x579,"916 Guzman Trace, Sosamouth, GU 61849",Verified
CUST000310,Business,Christian Price,imartin@example.com,928.306.3854x89233,"267 Lindsey Field Suite 909, Lewisville, MH 31481",Verified
CUST000311,Individual,Mark Wells,dcole@example.com,001-982-931-9020x932,"05507 Edwards Tunnel Suite 611, Lopezburgh, MH 65382",Pending
CUST000312,Business,Fernando Washington,jessica30@example.net,001-335-520-0451x14142,"8271 Margaret Groves Apt. 642, Brookshaven, RI 75617",Verified
CUST000313,Individual,David Mckee,josephfernandez@example.org,001-586-911-0768x7971,"1725 Emily Hill, Martinstad, TX 73603",Verified
CUST000314,Individual,Angela Santos,bryanhall@example.org,(738)316-0230x4478,,Verified
CUST000315,Individual,Martin West,langdaisy@example.org,(390)429-0038,,Pending
CUST000316,Individual,Tammy Allen,alexandria16@example.net,(300)706-5149,"3782 Justin Harbor, Port Gerald, MS 46296",Pending
CUST000317,Individual,Thomas Morris,rsellers@example.net,(405)489-3557x256,"793 Rodriguez Bridge Apt. 327, Catherineside, MI 39937",Verified
CUST000318,Individual,Ashley Smith,marygomez@example.com,429-812-0932,,Verified
CUST000319,Individual,Christine Adams,mariablackwell@example.net,+1-514-931-5445x4281,"38357 Green Junctions Suite 783, Shanestad, WA 37512",Verified
CUST000320,Individual,James Smith,jennifer27@example.net,526.783.0425x0314,"32316 David Square, New Brandon, MT 21841",Rejected
CUST000321,Individual,Ray Allen,fcole@example.org,544-551-3101x365,"Unit 7327 Box 3092, DPO AP 93219",Verified
CUST000322,Individual,Stephen Herrera,sarah64@example.org,,"36164 Lewis Throughway Apt. 231, Jonesville, MD 32542",Verified
CUST000323,Individual,Adam Brown,josephruiz@example.net,+1-434-925-8719x79877,,Verified
CUST000324,Individual,Jonathan Sandoval,hthomas@example.com,512.896.9159,"07796 Maria Neck, Port Victoriatown, AR 43374",Verified
CUST000325,Individual,Jessica Stafford,scott87@example.com,,"7509 Price Glens Suite 904, Jasonfurt, MS 81708",Verified
CUST000326,Individual,Daniel Clarke,vdominguez@example.com,(969)254-3226,,Verified
CUST000327,Individual,David Campbell,douglascook@example.com,628-879-3195x5924,"665 Travis Ferry Suite 991, South Kathryn, WA 74801",Pending
CUST000328,Business,Patricia Washington,millerrobert@example.com,221-613-7488x598,"51805 Joyce Station, Jeffhaven, MT 19522",Verified
CUST000329,Individual,Patricia Dunn,eatonkatherine@example.org,(525)596-4980x534,"575 Carol Trafficway, North Alexander, PA 75279",Verified
CUST000330,Individual,Wendy Johnson,hjennings@example.com,202-937-5538x91865,"56865 Jessica Springs, Williamtown, PW 11730",Verified
CUST000331,Business,Edgar Lynn,izamora@example.org,001-441-954-9911x4548,"10543 Robert Trail Suite 669, East Markland, CA 58919",Verified
CUST000332,Individual,Katie Phillips,johnmitchell@example.com,473-312-0245x7672,,Verified
CUST000333,Individual,Kathryn Morgan,philipedwards@example.com,421.971.5338x409,"239 Tony Extension, South Michael, SC 86636",Verified
CUST000334,Individual,Nancy Galvan,kvasquez@example.org,884.692.4423x03577,,Rejected
CUST000335,Individual,Jane Bradley,joshua63@example.net,001-330-632-9039x2851,"23655 Johnson Run, East Larryview, UT 64071",Verified
CUST000336,Individual,Lori Logan,owilliams@example.net,354-288-5886x5722,"92117 Robinson Hill, East Dakota, CT 62763",Verified
CUST000337,Individual,Andrew Underwood,ounderwood@example.net,626.482.3243x51895,,Verified
CUST000338,Business,Wendy Salinas,bradleykimberly@example.com,425-748-6064,"062 Cheryl Gateway, Sheppardstad, NJ 64007",Verified
CUST000339,Individual,Thomas Jennings,yrodgers@example.org,742.574.3510x97584,"6549 Bradley Pine, Christopherville, IA 97371",Verified
CUST000340,Individual,Maria Hicks,audreyowens@example.org,6836267028,,Rejected
CUST000341,Individual,Emily Guzman,dhamilton@example.net,593-506-5597x1776,,Verified
CUST000342,Individual,Donna Wagner,clandry@example.com,325-354-8570,,Pending
CUST000343,Individual,Jeanette Henderson,cwillis@example.net,5564114787,"28469 Andrew Manors Apt. 707, Anthonyview, MH 02870",Verified
CUST000344,Individual,Paige Brown,sanchezsteven@example.net,231.844.2270,"8726 Phillips Prairie Suite 461, North Stephanieberg, SD 64574",Verified
CUST000345,Individual,Angela Harvey,scunningham@example.org,637.724.7597,"337 Mary Underpass, Benjaminstad, NV 14783",Verified
CUST000346,Individual,Brian Jones,jessica06@example.com,(388)652-1919,"PSC 8994, Box 3321, APO AA 29394",Rejected
CUST000347,Individual,Kimberly Wade,snewton@example.com,298.805.6638x304,"1872 Charles Walk Apt. 596, Stevenborough, CA 12340",Verified
CUST000348,Business,Todd Booker,wchang@example.com,772.671.7620x35770,"03240 Michael Ferry, Johntown, SD 02619",Verified
CUST000349,Individual,Jaime Schneider,tabitha17@example.net,745.711.3153x5517,"1314 Mikayla Green, Lake Jamesfort, AZ 19750",Rejected
CUST000350,Individual,Jason Rivera,traviswagner@example.com,425.943.5148x8694,"6385 Angela Ridges, West Pamela, IN 51128",Verified
CUST000351,Individual,Charles Escobar,torresjonathan@example.com,419-784-0042x7659,"5060 King Causeway, Bonillaside, PW 10547",Verified
CUST000352,Individual,Rebecca Sanchez,jamesrodriguez@example.com,001-364-359-7161x828,"727 Ford Ports Apt. 991, South Garyton, MS 91162",Verified
CUST000353,Individual,Ronald Santos,jscott@example.com,947.631.8618,"0414 Hernandez Fork Suite 852, South Alexisville, GA 04085",Verified
CUST000354,Individual,James Clark,harrysmith@example.org,744.755.4990,"5937 Robin Point Suite 093, Lake Davidbury, MS 00883",Verified
CUST000355,Business,Danny Barrera,ganderson@example.net,+1-395-844-4363x442,"4512 Dale Loaf Suite 141, West Josephton, UT 22564",Pending
CUST000356,Individual,Jerry Gregory,rubiomartin@example.com,001-243-661-0866,"8996 Danielle View Suite 696, Lake Ricky, IL 64093",Verified
CUST000357,Individual,Nicole Green,irivera@example.com,774-639-2317x8258,"3965 Sarah Drives, East Kathryn, MP 44702",Pending
CUST000358,Business,Jessica Miller,simpsonapril@example.net,(670)487-3941,"241 Nguyen Lane Apt. 772, Graybury, NM 59819",Verified
CUST000359,Business,Mercedes Watkins,melissa00@example.com,001-843-213-5232x361,"71317 Brandon Radial, Johnsonfurt, WV 97223",Rejected
CUST000360,Business,Dr. Charles Bell MD,fryemindy@example.net,569.939.7744x885,,Verified
CUST000361,Business,Michelle Holland,jesse66@example.com,001-845-934-0104x038,"4875 Curry Estate Suite 753, New Jocelyn, ID 81804",Verified
CUST000362,Business,Lisa Brown,kimberlyrangel@example.org,+1-316-374-4931x68304,"340 Michael Plains Suite 382, North Christopherbury, OH 67008",Verified
CUST000363,Individual,Jason Reilly,antonio96@example.net,222.656.8672x90129,"189 Howard Fort, Claytonbury, FL 49864",Verified
CUST000364,Individual,Joyce Williams,bwright@example.org,884.959.5102x623,"129 Denise Square, Port Abigail, FM 10492",Verified
CUST000365,Business,James Smith,wallcolleen@example.org,001-589-557-7019x6706,"Unit 0023 Box 5217, DPO AE 73313",Verified
CUST000366,Individual,Adrian Ruiz,jorgebrown@example.net,5092193677,"518 Alvarez Stream Apt. 694, Port Lindseyborough, SD 26962",Verified
CUST000367,Individual,Jill Hughes,jeffreybass@example.com,(959)995-1465,"4827 Paul Run, Julialand, MI 55564",Verified
CUST000368,Individual,Cheryl Peterson,katherineaguilar@example.org,(585)461-8235x438,"2114 David Square Apt. 705, Willisville, FL 87561",Verified
CUST000369,Individual,Bradley Jackson,rburnett@example.com,(992)959-6094x972,"PSC 7956, Box 0817, APO AP 42895",Pending
CUST000370,Individual,Jon Coleman,heidimeyer@example.net,759.428.5193x46884,"628 Patricia Prairie Apt. 810, North Robin, GA 99115",Verified
CUST000371,Individual,Jordan Coffey,millsregina@example.com,268-341-4771,,Pending
CUST000372,Individual,Margaret Mills,john53@example.org,680-246-8816x39293,"8702 William Harbors Apt. 782, Olsonport, MI 98849",Verified
CUST000373,Individual,Edgar Wolfe,kaitlyn58@example.net,001-993-520-2983x5172,,Pending
CUST000374,Individual,Gary Romero,tboyd@example.com,,"59852 Zachary Lake Suite 565, Stephanieland, AK 29966",Verified
CUST000375,Individual,Allison Daniels,jacquelinemoreno@example.com,(757)962-1503,,Verified
CUST000376,Individual,Tammy Warren,kevin22@example.org,(427)663-3605,"44712 Johnson Road Suite 445, Cruzmouth, AS 93162",Verified
CUST000377,Business,Zachary Prince,mbowman@example.net,724-737-7108x5332,,Verified
CUST000378,Business,Renee Martinez,maciasjoseph@example.com,+1-585-816-9864,"23498 Jon Ville Suite 401, North Christophertown, TX 86855",Pending
CUST000379,Individual,Sean Perez,jason42@example.com,,"0633 Hudson Cliffs Suite 249, Amandaland, NM 46286",Verified
CUST000380,Business,Tamara Collins,jacksonsamuel@example.net,,"093 Johnston Summit Suite 540, Levyborough, RI 93427",Verified
CUST000381,Individual,Allison Welch,ebonyhawkins@example.org,(946)979-6831x9856,"PSC 2185, Box 4747, APO AP 42531",Verified
CUST000382,Business,Megan Rogers,tyrone14@example.net,616.931.7447x46602,"57963 Clark Viaduct, East Joe, ND 19404",Rejected
CUST000383,Individual,Jennifer Barton,greenmanuel@example.com,001-821-598-8483x7504,"409 Lisa Pike Apt. 120, Angelaview, SD 77709",Verified
CUST000384,Individual,Emma Smith,fisheranita@example.net,(977)307-2319x036,"19719 Duran Plain, North Markview, LA 67364",Pending
CUST000385,Individual,Jason Sanders,matthewlopez@example.net,,"8378 Robertson Terrace Suite 181, Angelaport, TN 69176",Verified
CUST000386,Individual,Robert Anderson,armstrongwilliam@example.org,(741)569-8235x9670,"8005 Brandy Lodge, Emilyfort, AZ 91532",Verified
CUST000387,Business,Paul Lewis,mark54@example.net,(208)775-9295x865,,Pending
CUST000388,Individual,Aaron White,paulhensley@example.com,001-401-762-1916x9031,,Verified
CUST000389,Individual,Mary Cook,reginabrown@example.net,402.802.4667x311,"12937 Larry Brooks, Stephenland, MT 17454",Verified
CUST000390,Individual,Sandy Douglas,kathryn13@example.net,,"244 William Mountains, West Michael, IA 38013",Pending
CUST000391,Individual,Marie Mcintosh,krista39@example.org,+1-346-985-5299,"PSC 7685, Box 5448, APO AE 91689",Verified
CUST000392,Individual,Brett Gonzales,tboyd@example.org,(666)210-6106x36967,"88642 Collins Course, Vargasberg, GU 83457",Verified
CUST000393,Individual,Angela Miller,crystal73@example.org,+1-320-681-6147x55262,,Rejected
CUST000394,Business,Heather Arnold,lawrence20@example.net,894.958.8293,"33407 Stevens Lake Suite 103, Port Zachary, VA 29987",Verified
CUST000395,Business,Luis Sullivan,mwilliams@example.com,387.359.3765x3996,"73996 Brandon Light Suite 850, New Carolyntown, DE 28953",Verified
CUST000396,Individual,Melissa Gonzalez,skirby@example.org,001-819-334-6160x3859,"17891 Robert Station, West Lindaside, SC 84524",Verified
CUST000397,Individual,Christopher Oneill,anthony47@example.net,001-991-393-7571x0321,"1825 Perez Roads, Lake James, ID 06836",Rejected
CUST000398,Business,Timothy Taylor,rachel83@example.com,(246)780-3475,,Verified
CUST000399,Individual,Tina Robinson,joshuaclark@example.org,001-479-971-2558,"1962 Swanson Roads, Port Philipborough, LA 94880",Verified
CUST000400,Individual,Denise Evans,ckelly@example.org,(939)844-4883,"340 Hernandez Square, Judyton, KY 25734",Verified
CUST000401,Individual,Anthony Stein,stacey26@example.com,751.695.1084x23728,"57572 Alexis Curve, Lake Andrewmouth, KY 34815",Verified
CUST000402,Business,Evelyn Jones,patricksmith@example.org,001-914-589-4034x47941,"896 Natalie Forges Apt. 399, Greenmouth, AL 28016",Verified
CUST000403,Business,Jesse Baxter,coleshannon@example.com,(932)915-7251,"44850 Brown Brooks Apt. 313, Isaacchester, AS 37717",Verified
CUST000404,Individual,Amy Jordan,jcox@example.net,(445)815-9878x039,"4052 Richard Parkways, Port Frank, FM 30859",Verified
CUST000405,Individual,Timothy Nichols PhD,williamjohnson@example.org,(930)281-5524x3824,"802 Amanda Parks, Darrylfort, LA 46667",Verified
CUST000406,Individual,Cassidy Edwards,hayescharlene@example.net,,"135 Jessica Rapid Suite 813, East Michael, AR 68832",Verified
CUST000407,Business,Lauren Hanson,martinezjamie@example.com,(833)241-0379,"445 Tracie Lake, South Wyattside, MH 86096",Verified
CUST000408,Individual,Nancy Buchanan,atran@example.com,599-609-6103,"75979 Amanda Shoals Apt. 419, Ericbury, MD 55139",Verified
CUST000409,Individual,Randy Sutton,christy14@example.net,001-384-474-3171x39103,"353 Joshua Oval, Bowersmouth, AL 45616",Pending
CUST000410,Individual,Amanda Hobbs,richard29@example.net,001-677-737-5279,"1559 Mary Divide, Erichaven, OK 08327",Pending
CUST000411,Individual,Tina Richard,englishmichael@example.com,501-583-9356,,Pending
CUST000412,Individual,Michelle Carter,robertacarrillo@example.net,(265)980-3966x9254,"05688 Daniel Keys Suite 651, Lake Patriciamouth, TX 77068",Verified
CUST000413,Individual,Kimberly Terrell,meganwalters@example.org,,"03588 Heidi Isle, Emmastad, KY 50784",Rejected
CUST000414,Individual,Janet Russell,vanessa89@example.net,+1-963-715-4335,"0329 Schneider Terrace, Markberg, LA 10003",Verified
CUST000415,Individual,Cynthia Fitzpatrick,sara21@example.net,001-346-375-4538x34912,"3607 Michael Motorway, Waltonberg, ME 45382",Verified
CUST000416,Individual,Stephanie Bartlett,justin49@example.com,(242)726-8916x210,"PSC 8945, Box 5934, APO AP 19472",Verified
CUST000417,Individual,Justin Estrada,edwardfoster@example.org,,"2459 Wright Circles, North Sarahhaven, PW 88114",Rejected
CUST000418,Individual,Gabriel Trujillo,fpeterson@example.org,+1-730-245-4640x67135,,Verified
CUST000419,Individual,Lisa Perez,collierabigail@example.com,(781)945-1241x37434,"1709 Shelton Land Apt. 441, Amandaton, MH 08350",Verified
CUST000420,Individual,Erica Williams,patricklucero@example.org,001-959-993-4632,"730 Hernandez Courts Suite 453, West Joseph, VI 92420",Rejected
CUST000421,Individual,Lisa Harper,james61@example.org,(279)800-1775x2653,"58389 Steven Canyon, Gregorymouth, NY 77063",Pending
CUST000422,Individual,Paul Jones,kevin42@example.net,(830)873-3418x2224,,Verified
CUST000423,Individual,Robert Mcdonald,ljohnson@example.org,+1-985-856-3173x3337,"13653 Gill Street, Cruzport, TN 76651",Verified
CUST000424,Individual,Sherry Daniel,zgray@example.net,355-652-2395x7998,,Verified
CUST000425,Business,Cathy Garcia,kimberly02@example.org,8886690363,,Verified
CUST000426,Business,Bonnie Ramos,woodsvalerie@example.org,(708)335-9127,,Rejected
CUST000427,Business,Ashley Pitts,wclark@example.com,628.931.3840x8667,"2612 Melinda Burgs, West Heatherfurt, PA 84743",Pending
CUST000428,Individual,Austin Smith,bhunt@example.org,5767000131,"26974 Jessica Crescent Suite 699, East Gregoryberg, AS 88991",Pending
CUST000429,Business,Lindsay Hendricks,gallagherjeremy@example.com,758-717-4824x788,"8819 Judith Crossroad, Westchester, NE 45664",Verified
CUST000430,Individual,Carolyn Rhodes,kristen12@example.com,001-257-782-2269x280,"49201 Hill Creek Apt. 293, Cherylborough, IL 65721",Verified
CUST000431,Business,Ryan Logan,andrewjones@example.com,257-757-9064x38103,"USNV Soto, FPO AA 87503",Rejected
CUST000432,Individual,Anthony King II,robertlyons@example.com,,"USNV Fitzpatrick, FPO AE 68353",Rejected
CUST000433,Individual,Kevin Pruitt,reidrichard@example.net,368.809.8090x978,"636 Ray Locks Apt. 041, New Amanda, MA 33824",Verified
CUST000434,Individual,Mary Miller,kimberlyhaynes@example.com,3367369016,,Pending
CUST000435,Individual,Jesse Carlson,brittany56@example.org,(283)770-0956x020,"PSC 1899, Box 4355, APO AE 49834",Verified
CUST000436,Individual,Mrs. Donna Armstrong,ashleysandoval@example.net,(404)748-3740,"164 West Road Suite 838, Port Ronnie, MT 42376",Verified
CUST000437,Individual,Donna Evans,amoore@example.org,001-536-813-0370,,Verified
CUST000438,Individual,Charles Meadows,melissa27@example.net,+1-491-334-4872,"7228 Allen Village Suite 649, Wilkinsonview, MD 94480",Verified
CUST000439,Individual,Amber Thompson,nhooper@example.net,,"356 Brown Via, Zunigahaven, DE 36650",Rejected
CUST000440,Individual,Patrick Harper,fwarren@example.net,+1-228-661-1737x73033,"60368 Dominguez Locks Suite 443, Port Paul, WA 93501",Verified
CUST000441,Individual,Melissa Lee,jon95@example.org,,"94777 Christopher Green Suite 067, Wilsonport, NJ 48515",Verified
CUST000442,Individual,Nicole Fisher,eflores@example.org,(442)302-1150x728,"03082 Rogers Overpass Suite 375, South Evelynhaven, AZ 68836",Verified
CUST000443,Individual,Rodney Parks,jbuchanan@example.com,(588)590-5590x3766,"117 Christopher Locks, North Cynthiaview, HI 06026",Rejected
CUST000444,Individual,Paul Gamble,jeffrey51@example.net,461-742-9567,"7991 Marcia Wall Apt. 103, Leeside, TX 21897",Verified
CUST000445,Business,Jeremy Foster,mistytaylor@example.org,(623)959-7582x633,,Verified
CUST000446,Individual,Kevin Collins,tylercain@example.org,+1-690-295-4794x1997,"061 Douglas Burg Suite 957, North Brandon, UT 56107",Rejected
CUST000447,Individual,Gerald Sanders,courtneyjones@example.org,601-776-6428,"6917 Deanna Valleys Apt. 872, East Caitlinshire, OK 60807",Verified
CUST000448,Business,John Washington,jessicasoto@example.com,001-855-460-5529,,Verified
CUST000449,Individual,Douglas Suarez,qanderson@example.org,(893)592-4507x286,"076 Sheila Trail, Port Ianport, DE 98396",Rejected
CUST000450,Individual,Jose Maxwell,danielgrimes@example.com,310-334-7252,"349 William Cove, New Raymond, HI 17854",Verified
CUST000451,Individual,Randy Schultz,nicole31@example.net,798-452-2691,"23715 Glenn Summit, Port Christopher, OR 25113",Verified
CUST000452,Individual,Maria Crawford,brendanowens@example.org,364-344-7669x096,"41911 David Landing Suite 528, West Theresaview, OR 42450",Verified
CUST000453,Individual,Carla Pearson,teresa63@example.net,001-849-342-1607x83347,"59774 Salinas Way Suite 584, North James, VI 60046",Rejected
CUST000454,Individual,Christina Flores,rossrobert@example.com,(774)614-4818,"Unit 8754 Box 7790, DPO AP 47492",Pending
CUST000455,Individual,Joshua Hayes,jdavis@example.org,,"17167 Brian Course Suite 475, Lake Sherry, MT 61706",Verified
CUST000456,Individual,Brittany Perry,xatkins@example.com,,"5508 White Tunnel, Williamville, ND 25748",Verified
CUST000457,Individual,Chris Fox,darrell79@example.org,(810)640-4439,"PSC 0807, Box 8979, APO AA 82085",Verified
CUST000458,Individual,Elizabeth Gordon,tyler94@example.org,539.299.5400x827,"011 Cynthia Lights Apt. 406, East Kimberlyton, ME 16493",Verified
CUST000459,Individual,Charles Lewis,roberto02@example.net,001-535-727-2230,"USS Harrison, FPO AP 03409",Verified
CUST000460,Individual,Shawn Gross,edwardsnatalie@example.com,001-511-931-8446,"2909 Brown Flat, Montgomeryfort, GU 82976",Rejected
CUST000461,Business,Rachel Davis,phillipsjacob@example.net,902-916-7069,"12363 Melissa Lane Apt. 926, Lake Jacob, PA 05218",Verified
CUST000462,Individual,Ryan Torres,xoliver@example.com,001-724-520-6588,"05266 Kiara Crescent Suite 819, East Michellechester, NY 19921",Verified
CUST000463,Individual,Amy Newton,brownclaudia@example.com,968.608.0531,,Pending
CUST000464,Individual,Terri Gibson,martinezbrian@example.org,4739960862,"286 Patricia Burg Apt. 882, East Angela, PR 99330",Verified
CUST000465,Individual,Richard Huerta,glandry@example.net,268-767-6366,"93595 Jodi Ford, West Gary, MS 92454",Verified
CUST000466,Individual,Sonya Christian,djacobs@example.org,736-636-6639x453,"0563 Williams Fort, Tylerbury, MD 70931",Verified
CUST000467,Individual,Don Barnes,brittney39@example.com,709.553.3327,"8776 Harding Curve, North Katherine, MO 52218",Pending
CUST000468,Individual,Jeffrey Whitaker,wanda69@example.com,750-596-9818,,Verified
CUST000469,Individual,Russell Arroyo,kellybennett@example.com,250-398-8964,"50735 Carolyn Motorway, Tonyaville, AL 28836",Verified
CUST000470,Individual,Joseph Rios,riverakathleen@example.org,737-544-5960,"477 Robert Cliff, Jessicachester, WA 08754",Verified
CUST000471,Individual,Andrew Smith,carolinejohnson@example.com,(710)684-6531x3630,"7156 Todd Circles Apt. 385, South Jasonport, NJ 92678",Pending
CUST000472,Individual,Crystal Farrell,emily60@example.org,545.627.1848x1710,,Verified
CUST000473,Individual,Jennifer Cordova,chris60@example.com,391.695.1896x95646,"4032 Regina River Apt. 392, North Dwayne, NH 15198",Verified
CUST000474,Individual,Steven Roach,serranojoel@example.org,623.376.9122,,Verified
CUST000475,Individual,Michelle Taylor,scott71@example.org,+1-252-455-8333x509,"4868 Heidi Course Suite 632, Timothyfort, DC 65845",Verified
CUST000476,Individual,Kristen Trujillo,makayla44@example.net,(602)410-3298x486,,Verified
CUST000477,Business,Eric Johnson,ejimenez@example.com,(775)605-0353x282,"314 Christina Wall Suite 965, Lake Elizabeth, KY 43670",Verified
CUST000478,Individual,Heather Smith,jaymathis@example.org,,"4568 Stevens Underpass, Lake Maryshire, NM 65231",Verified
CUST000479,Individual,Mary Ibarra,zachary22@example.com,(814)232-5484,"22110 Cole Prairie, Brownbury, AZ 48048",Verified
CUST000480,Individual,Gary Campbell,martinchristina@example.org,+1-630-567-3674x622,"2012 Lisa Flats, Kimberlyborough, OR 54817",Verified
CUST000481,Individual,Jeremiah Ross,pbrown@example.net,,"0137 Warner Prairie, Lake Omar, NE 21967",Pending
CUST000482,Individual,Ann Hayes,ellisonbrian@example.com,(962)461-2413x02422,,Pending
CUST000483,Individual,Cassandra Jones,jonathan05@example.org,001-218-993-4121x4412,"0106 Thompson Mission Apt. 717, West John, ND 97000",Verified
CUST000484,Individual,Dorothy Mcdowell,matthew66@example.org,826-481-0394,"9007 Chad Locks Suite 218, West Devon, MA 37093",Verified
CUST000485,Individual,John Harris,idiaz@example.net,(714)265-8171x829,"7933 Alicia Stream Suite 813, West Joseph, PR 28162",Verified
CUST000486,Individual,David Thornton,hartmankimberly@example.com,654-902-9873,"31304 Juan Extension, Harveyborough, KS 31755",Verified
CUST000487,Individual,David Oneal,patrick97@example.org,805.527.1768,"048 Taylor Tunnel Suite 841, Amandaborough, VT 13547",Pending
CUST000488,Individual,Jessica Tate,elizabethhernandez@example.org,,"6234 Frank Meadows Suite 108, Joshuaton, MI 05464",Verified
CUST000489,Individual,Kylie Smith,utucker@example.net,817-914-4287x2857,"04397 Fuller Rapid, Lake Peter, AZ 15387",Pending
CUST000490,Business,Desiree Davis,wedwards@example.com,001-729-914-4159x66706,"64781 Brown Cove, North Dustin, TN 25528",Pending
CUST000491,Individual,Patrick Guzman,nancylloyd@example.org,(926)574-9365,"079 Chavez Square, South Alicia, VT 80347",Verified
CUST000492,Individual,John Brown,wleon@example.com,6994064649,"548 Anthony Avenue, East Davidstad, VA 92187",Verified
CUST000493,Individual,Marissa Moore,hannah27@example.com,216.603.8213x240,"59303 Alyssa Glen Suite 465, Lake Haley, PW 13017",Rejected
CUST000494,Individual,Andrew Edwards,nathansimon@example.net,(463)983-7608x84830,"9831 Livingston Radial Suite 835, Lake Thomas, MN 33415",Pending
CUST000495,Individual,Timothy Brock,tracey61@example.org,699-867-9549,,Verified
CUST000496,Individual,Monica Castillo,nathaniel16@example.net,591-263-7096,"8421 Hudson Locks, West Ryanfort, MI 27860",Pending
CUST000497,Individual,Jay Mcclain,larry45@example.net,695-772-0026x798,"35345 George Harbors, Austinport, WV 40827",Verified
CUST000498,Individual,Kelly Armstrong,laura32@example.com,,"623 Brenda Bypass Apt. 478, Port Angelicashire, MI 90971",Verified
CUST000499,Business,Rebecca Graham,lisaray@example.org,442-253-5243x261,,Rejected
