PaymentTransaction,ComplianceRule
TXN0000000,RULE0011
TXN0000001,RULE0015
TXN0000001,RULE0004
TXN0000002,RULE0004
TXN0000003,RULE0008
TXN0000004,RULE0006
TXN0000005,RULE0010
TXN0000006,RULE0012
TXN0000006,RULE0001
TXN0000007,RULE0010
TXN0000008,RULE0016
TXN0000008,RULE0009
TXN0000009,RULE0002
TXN0000010,RULE0003
TXN0000011,RULE0001
TXN0000012,RULE0004
TXN0000013,RULE0011
TXN0000014,RULE0007
TXN0000014,RULE0010
TXN0000015,RULE0002
TXN0000016,RULE0003
TXN0000017,RULE0011
TXN0000018,RULE0000
TXN0000018,RULE0010
TXN0000019,RULE0019
TXN0000020,RULE0004
TXN0000021,RULE0004
TXN0000022,RULE0003
TXN0000022,RULE0000
TXN0000023,RULE0004
TXN0000024,RULE0018
TXN0000024,RULE0008
TXN0000025,RULE0007
TXN0000025,RULE0003
TXN0000026,RULE0008
TXN0000026,RULE0002
TXN0000027,RULE0000
TXN0000028,RULE0017
TXN0000028,RULE0015
TXN0000029,RULE0008
TXN0000030,RULE0006
TXN0000031,RULE0014
TXN0000032,RULE0015
TXN0000032,RULE0018
TXN0000033,RULE0004
TXN0000033,RULE0009
TXN0000034,RULE0004
TXN0000035,RULE0003
TXN0000036,RULE0016
TXN0000037,RULE0002
TXN0000038,RULE0019
TXN0000039,RULE0016
TXN0000039,RULE0002
TXN0000040,RULE0000
TXN0000041,RULE0018
TXN0000041,RULE0012
TXN0000041,RULE0004
TXN0000042,RULE0005
TXN0000042,RULE0013
TXN0000043,RULE0014
TXN0000044,RULE0019
TXN0000045,RULE0013
TXN0000045,RULE0006
TXN0000046,RULE0011
TXN0000047,RULE0014
TXN0000048,RULE0011
TXN0000048,RULE0004
TXN0000048,RULE0013
TXN0000049,RULE0009
TXN0000050,RULE0017
TXN0000051,RULE0015
TXN0000052,RULE0004
TXN0000052,RULE0010
TXN0000053,RULE0005
TXN0000054,RULE0010
TXN0000055,RULE0003
TXN0000056,RULE0014
TXN0000057,RULE0017
TXN0000057,RULE0005
TXN0000057,RULE0019
TXN0000058,RULE0001
TXN0000059,RULE0008
TXN0000059,RULE0010
TXN0000059,RULE0011
TXN0000060,RULE0016
TXN0000061,RULE0015
TXN0000062,RULE0008
TXN0000063,RULE0015
TXN0000064,RULE0012
TXN0000065,RULE0017
TXN0000065,RULE0004
TXN0000066,RULE0015
TXN0000067,RULE0016
TXN0000068,RULE0004
TXN0000069,RULE0015
TXN0000070,RULE0002
TXN0000071,RULE0006
TXN0000072,RULE0012
TXN0000072,RULE0017
TXN0000073,RULE0006
TXN0000074,RULE0004
TXN0000075,RULE0003
TXN0000076,RULE0001
TXN0000077,RULE0009
TXN0000078,RULE0002
TXN0000078,RULE0008
TXN0000079,RULE0008
TXN0000079,RULE0007
TXN0000080,RULE0003
TXN0000081,RULE0012
TXN0000082,RULE0009
TXN0000083,RULE0018
TXN0000084,RULE0019
TXN0000084,RULE0012
TXN0000085,RULE0011
TXN0000085,RULE0014
TXN0000086,RULE0006
TXN0000087,RULE0019
TXN0000088,RULE0015
TXN0000088,RULE0003
TXN0000089,RULE0011
TXN0000089,RULE0007
TXN0000090,RULE0007
TXN0000091,RULE0018
TXN0000091,RULE0014
TXN0000092,RULE0013
TXN0000093,RULE0014
TXN0000093,RULE0000
TXN0000094,RULE0001
TXN0000095,RULE0009
TXN0000095,RULE0007
TXN0000096,RULE0019
TXN0000097,RULE0011
TXN0000098,RULE0017
TXN0000098,RULE0011
TXN0000099,RULE0013
TXN0000099,RULE0002
TXN0000100,RULE0016
TXN0000100,RULE0019
TXN0000101,RULE0015
TXN0000102,RULE0001
TXN0000103,RULE0004
TXN0000103,RULE0003
TXN0000104,RULE0018
TXN0000105,RULE0019
TXN0000106,RULE0014
TXN0000107,RULE0007
TXN0000108,RULE0015
TXN0000109,RULE0018
TXN0000109,RULE0001
TXN0000110,RULE0006
TXN0000110,RULE0019
TXN0000110,RULE0003
TXN0000111,RULE0005
TXN0000112,RULE0019
TXN0000113,RULE0017
TXN0000114,RULE0014
TXN0000115,RULE0014
TXN0000116,RULE0003
TXN0000117,RULE0016
TXN0000117,RULE0006
TXN0000117,RULE0012
TXN0000118,RULE0009
TXN0000119,RULE0015
TXN0000120,RULE0014
TXN0000121,RULE0012
TXN0000122,RULE0011
TXN0000123,RULE0000
TXN0000124,RULE0014
TXN0000125,RULE0004
TXN0000126,RULE0017
TXN0000127,RULE0003
TXN0000127,RULE0005
TXN0000128,RULE0017
TXN0000128,RULE0004
TXN0000129,RULE0006
TXN0000130,RULE0016
TXN0000130,RULE0013
TXN0000131,RULE0017
TXN0000131,RULE0005
TXN0000132,RULE0008
TXN0000133,RULE0004
TXN0000133,RULE0013
TXN0000134,RULE0006
TXN0000135,RULE0006
TXN0000136,RULE0009
TXN0000136,RULE0011
TXN0000137,RULE0013
TXN0000138,RULE0001
TXN0000139,RULE0012
TXN0000139,RULE0019
TXN0000140,RULE0008
TXN0000141,RULE0007
TXN0000142,RULE0006
TXN0000143,RULE0008
TXN0000144,RULE0010
TXN0000145,RULE0008
TXN0000146,RULE0017
TXN0000147,RULE0016
TXN0000148,RULE0013
TXN0000149,RULE0004
TXN0000150,RULE0005
TXN0000150,RULE0003
TXN0000150,RULE0000
TXN0000151,RULE0007
TXN0000151,RULE0014
TXN0000152,RULE0002
TXN0000153,RULE0000
TXN0000154,RULE0007
TXN0000155,RULE0008
TXN0000155,RULE0016
TXN0000156,RULE0013
TXN0000157,RULE0018
TXN0000157,RULE0011
TXN0000158,RULE0017
TXN0000158,RULE0011
TXN0000159,RULE0008
TXN0000160,RULE0019
TXN0000161,RULE0018
TXN0000162,RULE0003
TXN0000162,RULE0006
TXN0000163,RULE0013
TXN0000163,RULE0006
TXN0000164,RULE0012
TXN0000164,RULE0010
TXN0000165,RULE0005
TXN0000166,RULE0014
TXN0000167,RULE0015
TXN0000168,RULE0011
TXN0000169,RULE0011
TXN0000170,RULE0013
TXN0000170,RULE0002
TXN0000171,RULE0009
TXN0000172,RULE0008
TXN0000173,RULE0002
TXN0000173,RULE0018
TXN0000173,RULE0011
TXN0000174,RULE0017
TXN0000175,RULE0017
TXN0000176,RULE0009
TXN0000177,RULE0015
TXN0000178,RULE0006
TXN0000178,RULE0019
TXN0000179,RULE0000
TXN0000180,RULE0015
TXN0000181,RULE0003
TXN0000181,RULE0011
TXN0000182,RULE0001
TXN0000182,RULE0003
TXN0000183,RULE0007
TXN0000184,RULE0010
TXN0000185,RULE0000
TXN0000186,RULE0005
TXN0000187,RULE0013
TXN0000187,RULE0008
TXN0000188,RULE0005
TXN0000189,RULE0008
TXN0000189,RULE0018
TXN0000190,RULE0002
TXN0000191,RULE0016
TXN0000192,RULE0003
TXN0000192,RULE0012
TXN0000192,RULE0008
TXN0000193,RULE0019
TXN0000193,RULE0000
TXN0000194,RULE0019
TXN0000195,RULE0002
TXN0000196,RULE0015
TXN0000197,RULE0000
TXN0000198,RULE0019
TXN0000199,RULE0012
TXN0000199,RULE0014
TXN0000200,RULE0012
TXN0000201,RULE0001
TXN0000202,RULE0012
TXN0000203,RULE0005
TXN0000204,RULE0014
TXN0000204,RULE0005
TXN0000205,RULE0007
TXN0000206,RULE0001
TXN0000207,RULE0012
TXN0000208,RULE0014
TXN0000209,RULE0008
TXN0000209,RULE0011
TXN0000209,RULE0015
TXN0000210,RULE0011
TXN0000211,RULE0014
TXN0000212,RULE0005
TXN0000213,RULE0015
TXN0000213,RULE0014
TXN0000214,RULE0003
TXN0000215,RULE0009
TXN0000216,RULE0003
TXN0000217,RULE0014
TXN0000217,RULE0015
TXN0000218,RULE0005
TXN0000219,RULE0013
TXN0000219,RULE0000
TXN0000220,RULE0018
TXN0000220,RULE0013
TXN0000221,RULE0013
TXN0000222,RULE0017
TXN0000223,RULE0017
TXN0000223,RULE0013
TXN0000224,RULE0001
TXN0000224,RULE0016
TXN0000225,RULE0019
TXN0000226,RULE0011
TXN0000227,RULE0015
TXN0000228,RULE0018
TXN0000228,RULE0009
TXN0000229,RULE0006
TXN0000229,RULE0013
TXN0000230,RULE0015
TXN0000231,RULE0012
TXN0000232,RULE0015
TXN0000233,RULE0015
TXN0000234,RULE0011
TXN0000235,RULE0008
TXN0000236,RULE0016
TXN0000236,RULE0014
TXN0000237,RULE0012
TXN0000238,RULE0008
TXN0000239,RULE0008
TXN0000239,RULE0014
TXN0000240,RULE0011
TXN0000240,RULE0019
TXN0000241,RULE0007
TXN0000241,RULE0008
TXN0000242,RULE0008
TXN0000242,RULE0010
TXN0000243,RULE0004
TXN0000244,RULE0011
TXN0000245,RULE0015
TXN0000246,RULE0000
TXN0000247,RULE0008
TXN0000248,RULE0016
TXN0000249,RULE0010
TXN0000250,RULE0019
TXN0000250,RULE0008
TXN0000251,RULE0000
TXN0000252,RULE0011
TXN0000253,RULE0001
TXN0000254,RULE0015
TXN0000254,RULE0016
TXN0000255,RULE0007
TXN0000256,RULE0006
TXN0000257,RULE0011
TXN0000257,RULE0012
TXN0000258,RULE0005
TXN0000259,RULE0003
TXN0000259,RULE0007
TXN0000260,RULE0012
TXN0000261,RULE0016
TXN0000262,RULE0008
TXN0000263,RULE0000
TXN0000263,RULE0015
TXN0000264,RULE0006
TXN0000265,RULE0008
TXN0000266,RULE0000
TXN0000267,RULE0012
TXN0000267,RULE0006
TXN0000268,RULE0008
TXN0000269,RULE0010
TXN0000269,RULE0003
TXN0000270,RULE0004
TXN0000271,RULE0016
TXN0000272,RULE0017
TXN0000273,RULE0018
TXN0000274,RULE0006
TXN0000275,RULE0012
TXN0000275,RULE0014
TXN0000276,RULE0013
TXN0000277,RULE0012
TXN0000278,RULE0001
TXN0000278,RULE0007
TXN0000279,RULE0004
TXN0000280,RULE0006
TXN0000280,RULE0018
TXN0000281,RULE0008
TXN0000282,RULE0019
TXN0000283,RULE0001
TXN0000284,RULE0018
TXN0000284,RULE0009
TXN0000285,RULE0002
TXN0000285,RULE0001
TXN0000286,RULE0000
TXN0000286,RULE0005
TXN0000287,RULE0013
TXN0000288,RULE0017
TXN0000289,RULE0019
TXN0000290,RULE0012
TXN0000291,RULE0016
TXN0000292,RULE0014
TXN0000293,RULE0015
TXN0000294,RULE0006
TXN0000295,RULE0000
TXN0000295,RULE0013
TXN0000295,RULE0002
TXN0000296,RULE0006
TXN0000297,RULE0014
TXN0000297,RULE0011
TXN0000298,RULE0015
TXN0000299,RULE0006
TXN0000300,RULE0000
TXN0000300,RULE0011
TXN0000301,RULE0005
TXN0000302,RULE0005
TXN0000303,RULE0000
TXN0000303,RULE0012
TXN0000304,RULE0015
TXN0000304,RULE0010
TXN0000305,RULE0015
TXN0000306,RULE0002
TXN0000307,RULE0017
TXN0000308,RULE0003
TXN0000309,RULE0019
TXN0000309,RULE0005
TXN0000310,RULE0012
TXN0000311,RULE0006
TXN0000311,RULE0018
TXN0000312,RULE0006
TXN0000313,RULE0008
TXN0000314,RULE0018
TXN0000315,RULE0009
TXN0000316,RULE0003
TXN0000316,RULE0006
TXN0000316,RULE0007
TXN0000317,RULE0016
TXN0000318,RULE0010
TXN0000319,RULE0016
TXN0000319,RULE0000
TXN0000320,RULE0002
TXN0000321,RULE0012
TXN0000321,RULE0011
TXN0000322,RULE0000
TXN0000323,RULE0008
TXN0000323,RULE0001
TXN0000324,RULE0014
TXN0000325,RULE0017
TXN0000326,RULE0009
TXN0000327,RULE0008
TXN0000328,RULE0006
TXN0000329,RULE0007
TXN0000329,RULE0008
TXN0000330,RULE0011
TXN0000331,RULE0013
TXN0000332,RULE0010
TXN0000332,RULE0009
TXN0000333,RULE0000
TXN0000334,RULE0008
TXN0000334,RULE0004
TXN0000335,RULE0016
TXN0000336,RULE0000
TXN0000337,RULE0014
TXN0000338,RULE0016
TXN0000339,RULE0012
TXN0000340,RULE0008
TXN0000340,RULE0007
TXN0000341,RULE0002
TXN0000341,RULE0013
TXN0000342,RULE0016
TXN0000343,RULE0019
TXN0000344,RULE0008
TXN0000345,RULE0008
TXN0000345,RULE0001
TXN0000346,RULE0018
TXN0000347,RULE0018
TXN0000347,RULE0006
TXN0000348,RULE0005
TXN0000349,RULE0001
TXN0000349,RULE0014
TXN0000349,RULE0011
TXN0000350,RULE0010
TXN0000351,RULE0019
TXN0000352,RULE0001
TXN0000353,RULE0011
TXN0000354,RULE0001
TXN0000355,RULE0019
TXN0000355,RULE0012
TXN0000356,RULE0007
TXN0000357,RULE0019
TXN0000358,RULE0005
TXN0000358,RULE0007
TXN0000359,RULE0012
TXN0000360,RULE0000
TXN0000361,RULE0000
TXN0000361,RULE0014
TXN0000361,RULE0003
TXN0000362,RULE0008
TXN0000362,RULE0001
TXN0000363,RULE0014
TXN0000363,RULE0006
TXN0000364,RULE0000
TXN0000364,RULE0003
TXN0000365,RULE0019
TXN0000366,RULE0002
TXN0000367,RULE0010
TXN0000368,RULE0009
TXN0000369,RULE0002
TXN0000370,RULE0017
TXN0000371,RULE0001
TXN0000372,RULE0012
TXN0000372,RULE0016
TXN0000373,RULE0001
TXN0000374,RULE0003
TXN0000375,RULE0001
TXN0000375,RULE0018
TXN0000376,RULE0001
TXN0000377,RULE0011
TXN0000377,RULE0009
TXN0000378,RULE0014
TXN0000379,RULE0016
TXN0000380,RULE0015
TXN0000381,RULE0006
TXN0000382,RULE0016
TXN0000383,RULE0004
TXN0000383,RULE0008
TXN0000384,RULE0010
TXN0000384,RULE0019
TXN0000385,RULE0003
TXN0000386,RULE0002
TXN0000387,RULE0015
TXN0000388,RULE0006
TXN0000389,RULE0004
TXN0000389,RULE0013
TXN0000390,RULE0004
TXN0000390,RULE0018
TXN0000391,RULE0003
TXN0000392,RULE0005
TXN0000393,RULE0011
TXN0000393,RULE0014
TXN0000394,RULE0016
TXN0000395,RULE0002
TXN0000395,RULE0010
TXN0000396,RULE0018
TXN0000396,RULE0001
TXN0000397,RULE0016
TXN0000398,RULE0013
TXN0000399,RULE0019
TXN0000399,RULE0010
TXN0000400,RULE0008
TXN0000400,RULE0016
TXN0000401,RULE0003
TXN0000402,RULE0010
TXN0000403,RULE0009
TXN0000404,RULE0009
TXN0000405,RULE0003
TXN0000406,RULE0010
TXN0000406,RULE0000
TXN0000407,RULE0004
TXN0000408,RULE0009
TXN0000409,RULE0009
TXN0000410,RULE0010
TXN0000411,RULE0013
TXN0000412,RULE0011
TXN0000413,RULE0011
TXN0000414,RULE0006
TXN0000415,RULE0010
TXN0000416,RULE0002
TXN0000417,RULE0016
TXN0000417,RULE0004
TXN0000418,RULE0014
TXN0000419,RULE0010
TXN0000420,RULE0014
TXN0000421,RULE0015
TXN0000422,RULE0018
TXN0000423,RULE0011
TXN0000423,RULE0009
TXN0000424,RULE0003
TXN0000424,RULE0004
TXN0000425,RULE0014
TXN0000426,RULE0009
TXN0000427,RULE0007
TXN0000427,RULE0015
TXN0000428,RULE0019
TXN0000429,RULE0015
TXN0000430,RULE0009
TXN0000431,RULE0011
TXN0000431,RULE0009
TXN0000432,RULE0009
TXN0000433,RULE0013
TXN0000434,RULE0008
TXN0000435,RULE0003
TXN0000435,RULE0013
TXN0000436,RULE0006
TXN0000437,RULE0010
TXN0000438,RULE0015
TXN0000438,RULE0003
TXN0000439,RULE0011
TXN0000440,RULE0010
TXN0000441,RULE0005
TXN0000441,RULE0014
TXN0000442,RULE0008
TXN0000443,RULE0000
TXN0000444,RULE0003
TXN0000445,RULE0004
TXN0000445,RULE0015
TXN0000446,RULE0015
TXN0000447,RULE0006
TXN0000448,RULE0009
TXN0000448,RULE0011
TXN0000449,RULE0006
TXN0000449,RULE0008
TXN0000450,RULE0001
TXN0000451,RULE0009
TXN0000452,RULE0010
TXN0000452,RULE0017
TXN0000452,RULE0007
TXN0000453,RULE0011
TXN0000453,RULE0019
TXN0000454,RULE0010
TXN0000455,RULE0011
TXN0000455,RULE0013
TXN0000456,RULE0003
TXN0000456,RULE0013
TXN0000457,RULE0006
TXN0000457,RULE0019
TXN0000457,RULE0011
TXN0000458,RULE0015
TXN0000458,RULE0013
TXN0000459,RULE0001
TXN0000460,RULE0019
TXN0000461,RULE0000
TXN0000462,RULE0018
TXN0000463,RULE0016
TXN0000464,RULE0001
TXN0000465,RULE0002
TXN0000466,RULE0011
TXN0000467,RULE0015
TXN0000467,RULE0017
TXN0000468,RULE0005
TXN0000469,RULE0018
TXN0000470,RULE0007
TXN0000471,RULE0017
TXN0000472,RULE0001
TXN0000473,RULE0019
TXN0000473,RULE0007
TXN0000474,RULE0013
TXN0000474,RULE0001
TXN0000475,RULE0016
TXN0000476,RULE0017
TXN0000476,RULE0011
TXN0000476,RULE0000
TXN0000477,RULE0001
TXN0000477,RULE0011
TXN0000477,RULE0018
TXN0000478,RULE0017
TXN0000478,RULE0006
TXN0000479,RULE0002
TXN0000480,RULE0006
TXN0000481,RULE0005
TXN0000482,RULE0001
TXN0000483,RULE0006
TXN0000484,RULE0007
TXN0000485,RULE0018
TXN0000485,RULE0013
TXN0000486,RULE0018
TXN0000487,RULE0000
TXN0000488,RULE0007
TXN0000489,RULE0014
TXN0000490,RULE0002
TXN0000491,RULE0019
TXN0000492,RULE0009
TXN0000493,RULE0014
TXN0000494,RULE0013
TXN0000495,RULE0013
TXN0000495,RULE0012
TXN0000496,RULE0008
TXN0000497,RULE0004
TXN0000497,RULE0000
TXN0000498,RULE0009
TXN0000499,RULE0002
TXN0000500,RULE0005
TXN0000501,RULE0012
TXN0000501,RULE0013
TXN0000502,RULE0008
TXN0000503,RULE0013
TXN0000504,RULE0000
TXN0000505,RULE0017
TXN0000506,RULE0005
TXN0000507,RULE0019
TXN0000507,RULE0013
TXN0000508,RULE0014
TXN0000509,RULE0010
TXN0000510,RULE0017
TXN0000511,RULE0009
TXN0000512,RULE0018
TXN0000513,RULE0012
TXN0000514,RULE0002
TXN0000515,RULE0008
TXN0000516,RULE0019
TXN0000517,RULE0018
TXN0000518,RULE0010
TXN0000519,RULE0010
TXN0000520,RULE0013
TXN0000521,RULE0004
TXN0000522,RULE0008
TXN0000523,RULE0004
TXN0000524,RULE0018
TXN0000525,RULE0017
TXN0000525,RULE0018
TXN0000526,RULE0008
TXN0000526,RULE0018
TXN0000527,RULE0013
TXN0000528,RULE0016
TXN0000529,RULE0003
TXN0000530,RULE0017
TXN0000531,RULE0004
TXN0000532,RULE0004
TXN0000533,RULE0004
TXN0000534,RULE0017
TXN0000535,RULE0005
TXN0000536,RULE0007
TXN0000536,RULE0014
TXN0000537,RULE0015
TXN0000538,RULE0008
TXN0000538,RULE0001
TXN0000539,RULE0002
TXN0000539,RULE0006
TXN0000539,RULE0016
TXN0000540,RULE0009
TXN0000541,RULE0016
TXN0000541,RULE0010
TXN0000542,RULE0007
TXN0000543,RULE0008
TXN0000544,RULE0010
TXN0000544,RULE0018
TXN0000545,RULE0010
TXN0000546,RULE0014
TXN0000547,RULE0011
TXN0000548,RULE0014
TXN0000548,RULE0016
TXN0000549,RULE0000
TXN0000550,RULE0011
TXN0000551,RULE0004
TXN0000552,RULE0015
TXN0000552,RULE0013
TXN0000553,RULE0008
TXN0000554,RULE0008
TXN0000554,RULE0006
TXN0000555,RULE0007
TXN0000555,RULE0005
TXN0000555,RULE0014
TXN0000556,RULE0013
TXN0000557,RULE0013
TXN0000558,RULE0008
TXN0000559,RULE0005
TXN0000559,RULE0001
TXN0000560,RULE0004
TXN0000561,RULE0016
TXN0000562,RULE0008
TXN0000563,RULE0003
TXN0000564,RULE0004
TXN0000564,RULE0001
TXN0000565,RULE0002
TXN0000566,RULE0002
TXN0000567,RULE0016
TXN0000568,RULE0000
TXN0000569,RULE0013
TXN0000569,RULE0011
TXN0000570,RULE0007
TXN0000571,RULE0017
TXN0000572,RULE0017
TXN0000573,RULE0008
TXN0000574,RULE0005
TXN0000574,RULE0019
TXN0000574,RULE0016
TXN0000575,RULE0015
TXN0000575,RULE0013
TXN0000576,RULE0006
TXN0000577,RULE0015
TXN0000578,RULE0001
TXN0000579,RULE0004
TXN0000579,RULE0006
TXN0000580,RULE0003
TXN0000581,RULE0001
TXN0000582,RULE0016
TXN0000582,RULE0002
TXN0000583,RULE0015
TXN0000583,RULE0001
TXN0000584,RULE0004
TXN0000585,RULE0002
TXN0000586,RULE0011
TXN0000587,RULE0009
TXN0000588,RULE0013
TXN0000589,RULE0019
TXN0000590,RULE0004
TXN0000591,RULE0005
TXN0000592,RULE0019
TXN0000593,RULE0003
TXN0000594,RULE0006
TXN0000594,RULE0010
TXN0000595,RULE0016
TXN0000595,RULE0006
TXN0000596,RULE0000
TXN0000597,RULE0015
TXN0000598,RULE0011
TXN0000598,RULE0003
TXN0000599,RULE0013
TXN0000600,RULE0019
TXN0000601,RULE0004
TXN0000601,RULE0003
TXN0000602,RULE0018
TXN0000603,RULE0010
TXN0000604,RULE0006
TXN0000604,RULE0014
TXN0000605,RULE0014
TXN0000606,RULE0004
TXN0000607,RULE0007
TXN0000608,RULE0004
TXN0000609,RULE0007
TXN0000610,RULE0005
TXN0000610,RULE0013
TXN0000611,RULE0011
TXN0000612,RULE0001
TXN0000613,RULE0006
TXN0000614,RULE0013
TXN0000615,RULE0010
TXN0000615,RULE0016
TXN0000615,RULE0000
TXN0000616,RULE0004
TXN0000617,RULE0010
TXN0000618,RULE0004
TXN0000619,RULE0004
TXN0000620,RULE0007
TXN0000620,RULE0012
TXN0000621,RULE0015
TXN0000622,RULE0004
TXN0000622,RULE0014
TXN0000623,RULE0003
TXN0000623,RULE0000
TXN0000624,RULE0011
TXN0000625,RULE0013
TXN0000625,RULE0017
TXN0000626,RULE0013
TXN0000627,RULE0010
TXN0000628,RULE0002
TXN0000629,RULE0005
TXN0000629,RULE0002
TXN0000630,RULE0002
TXN0000631,RULE0014
TXN0000631,RULE0006
TXN0000632,RULE0007
TXN0000632,RULE0011
TXN0000633,RULE0006
TXN0000633,RULE0018
TXN0000634,RULE0007
TXN0000634,RULE0000
TXN0000635,RULE0011
TXN0000636,RULE0009
TXN0000637,RULE0010
TXN0000637,RULE0002
TXN0000638,RULE0013
TXN0000638,RULE0010
TXN0000639,RULE0001
TXN0000640,RULE0018
TXN0000640,RULE0009
TXN0000641,RULE0003
TXN0000642,RULE0007
TXN0000642,RULE0001
TXN0000643,RULE0005
TXN0000644,RULE0008
TXN0000645,RULE0016
TXN0000646,RULE0010
TXN0000646,RULE0003
TXN0000647,RULE0004
TXN0000648,RULE0009
TXN0000648,RULE0002
TXN0000649,RULE0002
TXN0000649,RULE0010
TXN0000650,RULE0017
TXN0000650,RULE0016
TXN0000651,RULE0010
TXN0000652,RULE0019
TXN0000653,RULE0009
TXN0000654,RULE0011
TXN0000655,RULE0007
TXN0000655,RULE0013
TXN0000656,RULE0007
TXN0000657,RULE0015
TXN0000658,RULE0011
TXN0000658,RULE0009
TXN0000659,RULE0001
TXN0000660,RULE0017
TXN0000661,RULE0003
TXN0000661,RULE0012
TXN0000662,RULE0008
TXN0000662,RULE0007
TXN0000663,RULE0014
TXN0000664,RULE0004
TXN0000665,RULE0014
TXN0000666,RULE0008
TXN0000667,RULE0003
TXN0000668,RULE0010
TXN0000668,RULE0005
TXN0000669,RULE0007
TXN0000670,RULE0018
TXN0000670,RULE0015
TXN0000671,RULE0017
TXN0000672,RULE0016
TXN0000673,RULE0012
TXN0000674,RULE0011
TXN0000675,RULE0019
TXN0000676,RULE0007
TXN0000677,RULE0018
TXN0000677,RULE0007
TXN0000677,RULE0000
TXN0000678,RULE0002
TXN0000678,RULE0001
TXN0000679,RULE0011
TXN0000680,RULE0018
TXN0000680,RULE0002
TXN0000681,RULE0019
TXN0000681,RULE0017
TXN0000682,RULE0002
TXN0000683,RULE0006
TXN0000684,RULE0012
TXN0000684,RULE0009
TXN0000684,RULE0015
TXN0000685,RULE0019
TXN0000686,RULE0008
TXN0000686,RULE0009
TXN0000687,RULE0011
TXN0000688,RULE0009
TXN0000688,RULE0011
TXN0000689,RULE0010
TXN0000689,RULE0018
TXN0000690,RULE0011
TXN0000691,RULE0015
TXN0000692,RULE0012
TXN0000692,RULE0011
TXN0000693,RULE0008
TXN0000694,RULE0000
TXN0000695,RULE0010
TXN0000696,RULE0005
TXN0000697,RULE0018
TXN0000698,RULE0005
TXN0000699,RULE0004
TXN0000700,RULE0012
TXN0000700,RULE0002
TXN0000700,RULE0003
TXN0000701,RULE0016
TXN0000702,RULE0000
TXN0000702,RULE0003
TXN0000703,RULE0019
TXN0000704,RULE0007
TXN0000704,RULE0013
TXN0000705,RULE0018
TXN0000705,RULE0002
TXN0000706,RULE0018
TXN0000707,RULE0017
TXN0000708,RULE0014
TXN0000709,RULE0006
TXN0000710,RULE0015
TXN0000710,RULE0012
TXN0000710,RULE0005
TXN0000711,RULE0011
TXN0000712,RULE0016
TXN0000712,RULE0014
TXN0000713,RULE0015
TXN0000714,RULE0001
TXN0000714,RULE0002
TXN0000715,RULE0018
TXN0000716,RULE0012
TXN0000717,RULE0003
TXN0000718,RULE0010
TXN0000719,RULE0019
TXN0000720,RULE0009
TXN0000720,RULE0013
TXN0000721,RULE0015
TXN0000722,RULE0010
TXN0000723,RULE0011
TXN0000723,RULE0012
TXN0000723,RULE0003
TXN0000724,RULE0005
TXN0000724,RULE0004
TXN0000724,RULE0001
TXN0000725,RULE0003
TXN0000726,RULE0011
TXN0000726,RULE0012
TXN0000726,RULE0007
TXN0000727,RULE0018
TXN0000727,RULE0014
TXN0000728,RULE0016
TXN0000728,RULE0005
TXN0000729,RULE0001
TXN0000730,RULE0003
TXN0000731,RULE0008
TXN0000732,RULE0016
TXN0000732,RULE0013
TXN0000733,RULE0006
TXN0000734,RULE0003
TXN0000735,RULE0003
TXN0000736,RULE0015
TXN0000737,RULE0014
TXN0000738,RULE0009
TXN0000738,RULE0015
TXN0000739,RULE0007
TXN0000740,RULE0019
TXN0000741,RULE0010
TXN0000741,RULE0017
TXN0000742,RULE0017
TXN0000743,RULE0012
TXN0000744,RULE0018
TXN0000745,RULE0003
TXN0000746,RULE0004
TXN0000747,RULE0002
TXN0000747,RULE0006
TXN0000748,RULE0012
TXN0000749,RULE0013
TXN0000749,RULE0018
TXN0000750,RULE0012
TXN0000751,RULE0003
TXN0000751,RULE0018
TXN0000752,RULE0013
TXN0000753,RULE0018
TXN0000753,RULE0006
TXN0000753,RULE0019
TXN0000754,RULE0001
TXN0000755,RULE0002
TXN0000756,RULE0017
TXN0000757,RULE0006
TXN0000758,RULE0012
TXN0000759,RULE0016
TXN0000760,RULE0015
TXN0000760,RULE0011
TXN0000761,RULE0010
TXN0000762,RULE0005
TXN0000762,RULE0013
TXN0000763,RULE0001
TXN0000764,RULE0008
TXN0000765,RULE0015
TXN0000765,RULE0008
TXN0000766,RULE0003
TXN0000767,RULE0017
TXN0000768,RULE0018
TXN0000769,RULE0018
TXN0000769,RULE0006
TXN0000770,RULE0011
TXN0000771,RULE0007
TXN0000772,RULE0005
TXN0000773,RULE0004
TXN0000773,RULE0018
TXN0000774,RULE0014
TXN0000775,RULE0016
TXN0000776,RULE0000
TXN0000777,RULE0018
TXN0000777,RULE0008
TXN0000778,RULE0014
TXN0000779,RULE0001
TXN0000780,RULE0015
TXN0000781,RULE0015
TXN0000782,RULE0018
TXN0000782,RULE0002
TXN0000783,RULE0006
TXN0000784,RULE0004
TXN0000785,RULE0006
TXN0000786,RULE0010
TXN0000787,RULE0007
TXN0000788,RULE0002
TXN0000789,RULE0010
TXN0000790,RULE0001
TXN0000791,RULE0004
TXN0000791,RULE0014
TXN0000792,RULE0019
TXN0000793,RULE0001
TXN0000794,RULE0006
TXN0000794,RULE0012
TXN0000795,RULE0011
TXN0000796,RULE0011
TXN0000797,RULE0005
TXN0000797,RULE0008
TXN0000797,RULE0006
TXN0000798,RULE0003
TXN0000799,RULE0012
TXN0000800,RULE0014
TXN0000800,RULE0000
TXN0000801,RULE0017
TXN0000801,RULE0010
TXN0000802,RULE0012
TXN0000803,RULE0008
TXN0000804,RULE0018
TXN0000805,RULE0008
TXN0000806,RULE0003
TXN0000807,RULE0002
TXN0000808,RULE0004
TXN0000809,RULE0018
TXN0000809,RULE0015
TXN0000810,RULE0006
TXN0000811,RULE0018
TXN0000812,RULE0000
TXN0000813,RULE0016
TXN0000814,RULE0016
TXN0000814,RULE0017
TXN0000815,RULE0019
TXN0000815,RULE0013
TXN0000816,RULE0019
TXN0000817,RULE0006
TXN0000818,RULE0018
TXN0000818,RULE0007
TXN0000818,RULE0011
TXN0000819,RULE0010
TXN0000820,RULE0009
TXN0000821,RULE0002
TXN0000821,RULE0003
TXN0000822,RULE0015
TXN0000823,RULE0006
TXN0000824,RULE0011
TXN0000825,RULE0002
TXN0000826,RULE0013
TXN0000826,RULE0009
TXN0000827,RULE0005
TXN0000827,RULE0012
TXN0000828,RULE0010
TXN0000829,RULE0009
TXN0000829,RULE0013
TXN0000830,RULE0000
TXN0000830,RULE0005
TXN0000830,RULE0003
TXN0000831,RULE0010
TXN0000831,RULE0008
TXN0000832,RULE0019
TXN0000832,RULE0005
TXN0000833,RULE0007
TXN0000834,RULE0000
TXN0000835,RULE0002
TXN0000836,RULE0007
TXN0000836,RULE0009
TXN0000837,RULE0012
TXN0000838,RULE0001
TXN0000839,RULE0019
TXN0000839,RULE0010
TXN0000840,RULE0008
TXN0000840,RULE0015
TXN0000841,RULE0001
TXN0000842,RULE0007
TXN0000843,RULE0016
TXN0000843,RULE0002
TXN0000844,RULE0018
TXN0000845,RULE0011
TXN0000845,RULE0003
TXN0000845,RULE0012
TXN0000846,RULE0004
TXN0000847,RULE0002
TXN0000848,RULE0000
TXN0000848,RULE0005
TXN0000849,RULE0003
TXN0000850,RULE0012
TXN0000851,RULE0016
TXN0000852,RULE0019
TXN0000853,RULE0008
TXN0000854,RULE0002
TXN0000855,RULE0010
TXN0000856,RULE0006
TXN0000857,RULE0006
TXN0000858,RULE0011
TXN0000859,RULE0000
TXN0000859,RULE0004
TXN0000860,RULE0019
TXN0000861,RULE0002
TXN0000861,RULE0010
TXN0000862,RULE0010
TXN0000862,RULE0017
TXN0000863,RULE0019
TXN0000864,RULE0011
TXN0000865,RULE0017
TXN0000865,RULE0005
TXN0000866,RULE0010
TXN0000867,RULE0009
TXN0000868,RULE0005
TXN0000869,RULE0018
TXN0000870,RULE0003
TXN0000870,RULE0009
TXN0000871,RULE0018
TXN0000872,RULE0008
TXN0000872,RULE0016
TXN0000873,RULE0003
TXN0000874,RULE0002
TXN0000875,RULE0016
TXN0000876,RULE0012
TXN0000876,RULE0018
TXN0000876,RULE0006
TXN0000877,RULE0009
TXN0000878,RULE0013
TXN0000878,RULE0010
TXN0000879,RULE0003
TXN0000880,RULE0000
TXN0000880,RULE0003
TXN0000881,RULE0001
TXN0000882,RULE0019
TXN0000883,RULE0009
TXN0000883,RULE0019
TXN0000884,RULE0016
TXN0000885,RULE0016
TXN0000886,RULE0011
TXN0000887,RULE0017
TXN0000888,RULE0017
TXN0000889,RULE0005
TXN0000890,RULE0019
TXN0000890,RULE0003
TXN0000891,RULE0012
TXN0000892,RULE0010
TXN0000893,RULE0003
TXN0000893,RULE0013
TXN0000894,RULE0008
TXN0000895,RULE0018
TXN0000896,RULE0010
TXN0000897,RULE0004
TXN0000898,RULE0017
TXN0000898,RULE0000
TXN0000899,RULE0003
TXN0000899,RULE0006
TXN0000900,RULE0010
TXN0000901,RULE0006
TXN0000901,RULE0003
TXN0000902,RULE0017
TXN0000903,RULE0007
TXN0000903,RULE0009
TXN0000904,RULE0008
TXN0000905,RULE0000
TXN0000905,RULE0004
TXN0000906,RULE0008
TXN0000907,RULE0012
TXN0000908,RULE0002
TXN0000909,RULE0005
TXN0000910,RULE0004
TXN0000911,RULE0008
TXN0000912,RULE0017
TXN0000913,RULE0001
TXN0000914,RULE0015
TXN0000914,RULE0012
TXN0000915,RULE0004
TXN0000916,RULE0006
TXN0000917,RULE0018
TXN0000918,RULE0015
TXN0000918,RULE0013
TXN0000919,RULE0015
TXN0000919,RULE0009
TXN0000920,RULE0017
TXN0000921,RULE0015
TXN0000921,RULE0019
TXN0000922,RULE0002
TXN0000922,RULE0001
TXN0000923,RULE0010
TXN0000924,RULE0009
TXN0000925,RULE0001
TXN0000925,RULE0000
TXN0000926,RULE0006
TXN0000927,RULE0011
TXN0000928,RULE0000
TXN0000928,RULE0015
TXN0000929,RULE0004
TXN0000929,RULE0009
TXN0000929,RULE0014
TXN0000930,RULE0004
TXN0000930,RULE0011
TXN0000931,RULE0013
TXN0000932,RULE0002
TXN0000933,RULE0017
TXN0000934,RULE0006
TXN0000935,RULE0015
TXN0000936,RULE0013
TXN0000936,RULE0007
TXN0000936,RULE0017
TXN0000937,RULE0005
TXN0000938,RULE0003
TXN0000939,RULE0005
TXN0000939,RULE0016
TXN0000940,RULE0012
TXN0000941,RULE0005
TXN0000942,RULE0014
TXN0000942,RULE0017
TXN0000943,RULE0016
TXN0000944,RULE0001
TXN0000945,RULE0007
TXN0000946,RULE0014
TXN0000947,RULE0007
TXN0000947,RULE0002
TXN0000948,RULE0019
TXN0000949,RULE0007
TXN0000950,RULE0002
TXN0000951,RULE0018
TXN0000951,RULE0019
TXN0000952,RULE0002
TXN0000953,RULE0010
TXN0000954,RULE0014
TXN0000955,RULE0011
TXN0000955,RULE0000
TXN0000956,RULE0000
TXN0000956,RULE0015
TXN0000957,RULE0000
TXN0000958,RULE0017
TXN0000958,RULE0009
TXN0000959,RULE0018
TXN0000960,RULE0012
TXN0000961,RULE0011
TXN0000962,RULE0016
TXN0000963,RULE0013
TXN0000964,RULE0002
TXN0000965,RULE0000
TXN0000966,RULE0018
TXN0000966,RULE0011
TXN0000967,RULE0008
TXN0000968,RULE0011
TXN0000969,RULE0005
TXN0000970,RULE0011
TXN0000971,RULE0010
TXN0000972,RULE0006
TXN0000973,RULE0010
TXN0000973,RULE0002
TXN0000974,RULE0003
TXN0000975,RULE0006
TXN0000976,RULE0011
TXN0000977,RULE0003
TXN0000978,RULE0013
TXN0000979,RULE0010
TXN0000980,RULE0007
TXN0000981,RULE0013
TXN0000981,RULE0007
TXN0000981,RULE0012
TXN0000982,RULE0019
TXN0000982,RULE0000
TXN0000983,RULE0010
TXN0000983,RULE0000
TXN0000984,RULE0015
TXN0000985,RULE0004
TXN0000986,RULE0008
TXN0000987,RULE0015
TXN0000988,RULE0014
TXN0000988,RULE0001
TXN0000989,RULE0006
TXN0000989,RULE0005
TXN0000989,RULE0019
TXN0000990,RULE0017
TXN0000991,RULE0016
TXN0000992,RULE0002
TXN0000993,RULE0016
TXN0000993,RULE0018
TXN0000994,RULE0011
TXN0000994,RULE0009
TXN0000995,RULE0010
TXN0000996,RULE0003
TXN0000996,RULE0002
TXN0000997,RULE0014
TXN0000997,RULE0010
TXN0000998,RULE0013
TXN0000998,RULE0007
TXN0000999,RULE0015
TXN0000999,RULE0006
TXN0001000,RULE0009
TXN0001001,RULE0006
TXN0001002,RULE0003
TXN0001003,RULE0017
TXN0001003,RULE0016
TXN0001004,RULE0007
TXN0001005,RULE0013
TXN0001006,RULE0010
TXN0001006,RULE0018
TXN0001007,RULE0000
TXN0001007,RULE0019
TXN0001008,RULE0017
TXN0001009,RULE0000
TXN0001010,RULE0013
TXN0001011,RULE0011
TXN0001012,RULE0001
TXN0001012,RULE0019
TXN0001013,RULE0016
TXN0001014,RULE0002
TXN0001015,RULE0000
TXN0001015,RULE0017
TXN0001016,RULE0001
TXN0001017,RULE0008
TXN0001018,RULE0002
TXN0001018,RULE0013
TXN0001018,RULE0017
TXN0001019,RULE0014
TXN0001020,RULE0006
TXN0001021,RULE0002
TXN0001022,RULE0019
TXN0001023,RULE0000
TXN0001024,RULE0004
TXN0001025,RULE0008
TXN0001025,RULE0006
TXN0001025,RULE0009
TXN0001026,RULE0008
TXN0001027,RULE0006
TXN0001028,RULE0004
TXN0001029,RULE0013
TXN0001030,RULE0001
TXN0001031,RULE0009
TXN0001031,RULE0012
TXN0001032,RULE0000
TXN0001033,RULE0003
TXN0001034,RULE0007
TXN0001035,RULE0010
TXN0001036,RULE0014
TXN0001036,RULE0018
TXN0001036,RULE0009
TXN0001037,RULE0015
TXN0001038,RULE0004
TXN0001038,RULE0019
TXN0001039,RULE0019
TXN0001040,RULE0013
TXN0001040,RULE0014
TXN0001040,RULE0004
TXN0001041,RULE0015
TXN0001042,RULE0002
TXN0001043,RULE0019
TXN0001043,RULE0017
TXN0001044,RULE0017
TXN0001044,RULE0015
TXN0001045,RULE0014
TXN0001045,RULE0015
TXN0001046,RULE0014
TXN0001047,RULE0002
TXN0001047,RULE0006
TXN0001048,RULE0014
TXN0001049,RULE0004
TXN0001050,RULE0019
TXN0001050,RULE0017
TXN0001051,RULE0018
TXN0001052,RULE0014
TXN0001053,RULE0005
TXN0001054,RULE0016
TXN0001055,RULE0001
TXN0001056,RULE0003
TXN0001057,RULE0010
TXN0001058,RULE0016
TXN0001059,RULE0016
TXN0001060,RULE0002
TXN0001060,RULE0014
TXN0001061,RULE0007
TXN0001061,RULE0008
TXN0001062,RULE0017
TXN0001063,RULE0000
TXN0001063,RULE0015
TXN0001064,RULE0018
TXN0001064,RULE0012
TXN0001064,RULE0009
TXN0001065,RULE0001
TXN0001065,RULE0007
TXN0001066,RULE0003
TXN0001067,RULE0015
TXN0001068,RULE0016
TXN0001068,RULE0010
TXN0001069,RULE0018
TXN0001070,RULE0017
TXN0001071,RULE0007
TXN0001072,RULE0004
TXN0001073,RULE0008
TXN0001074,RULE0019
TXN0001074,RULE0006
TXN0001075,RULE0018
TXN0001075,RULE0005
TXN0001076,RULE0018
TXN0001077,RULE0000
TXN0001078,RULE0007
TXN0001078,RULE0016
TXN0001079,RULE0013
TXN0001080,RULE0000
TXN0001080,RULE0004
TXN0001081,RULE0014
TXN0001081,RULE0002
TXN0001081,RULE0011
TXN0001082,RULE0017
TXN0001083,RULE0005
TXN0001084,RULE0011
TXN0001085,RULE0011
TXN0001086,RULE0007
TXN0001086,RULE0010
TXN0001087,RULE0001
TXN0001088,RULE0016
TXN0001089,RULE0013
TXN0001089,RULE0014
TXN0001090,RULE0016
TXN0001091,RULE0017
TXN0001091,RULE0018
TXN0001092,RULE0005
TXN0001092,RULE0004
TXN0001093,RULE0003
TXN0001093,RULE0001
TXN0001093,RULE0018
TXN0001094,RULE0004
TXN0001095,RULE0000
TXN0001096,RULE0000
TXN0001096,RULE0009
TXN0001097,RULE0002
TXN0001098,RULE0005
TXN0001098,RULE0009
TXN0001098,RULE0012
TXN0001099,RULE0014
TXN0001100,RULE0015
TXN0001101,RULE0000
TXN0001102,RULE0008
TXN0001102,RULE0003
TXN0001103,RULE0000
TXN0001103,RULE0009
TXN0001104,RULE0013
TXN0001105,RULE0016
TXN0001106,RULE0008
TXN0001107,RULE0013
TXN0001108,RULE0009
TXN0001109,RULE0015
TXN0001110,RULE0008
TXN0001111,RULE0013
TXN0001112,RULE0003
TXN0001113,RULE0003
TXN0001113,RULE0016
TXN0001114,RULE0000
TXN0001115,RULE0005
TXN0001116,RULE0001
TXN0001117,RULE0009
TXN0001118,RULE0000
TXN0001119,RULE0004
TXN0001120,RULE0012
TXN0001121,RULE0016
TXN0001122,RULE0019
TXN0001123,RULE0008
TXN0001123,RULE0001
TXN0001124,RULE0001
TXN0001124,RULE0008
TXN0001125,RULE0007
TXN0001125,RULE0016
TXN0001126,RULE0014
TXN0001126,RULE0019
TXN0001126,RULE0016
TXN0001127,RULE0018
TXN0001127,RULE0004
TXN0001128,RULE0018
TXN0001129,RULE0014
TXN0001130,RULE0016
TXN0001131,RULE0006
TXN0001132,RULE0016
TXN0001133,RULE0009
TXN0001134,RULE0007
TXN0001135,RULE0008
TXN0001136,RULE0012
TXN0001136,RULE0011
TXN0001137,RULE0003
TXN0001138,RULE0011
TXN0001139,RULE0015
TXN0001140,RULE0007
TXN0001141,RULE0014
TXN0001142,RULE0004
TXN0001143,RULE0012
TXN0001144,RULE0015
TXN0001144,RULE0009
TXN0001145,RULE0010
TXN0001146,RULE0004
TXN0001147,RULE0004
TXN0001148,RULE0002
TXN0001149,RULE0008
TXN0001149,RULE0003
TXN0001150,RULE0003
TXN0001151,RULE0000
TXN0001152,RULE0000
TXN0001153,RULE0015
TXN0001154,RULE0012
TXN0001155,RULE0006
TXN0001156,RULE0001
TXN0001157,RULE0004
TXN0001158,RULE0009
TXN0001159,RULE0013
TXN0001160,RULE0014
TXN0001160,RULE0007
TXN0001161,RULE0011
TXN0001161,RULE0006
TXN0001162,RULE0004
TXN0001163,RULE0013
TXN0001164,RULE0013
TXN0001165,RULE0010
TXN0001166,RULE0019
TXN0001167,RULE0019
TXN0001168,RULE0004
TXN0001169,RULE0002
TXN0001170,RULE0010
TXN0001171,RULE0014
TXN0001172,RULE0010
TXN0001172,RULE0017
TXN0001173,RULE0012
TXN0001173,RULE0016
TXN0001173,RULE0004
TXN0001174,RULE0019
TXN0001174,RULE0011
TXN0001175,RULE0003
TXN0001176,RULE0019
TXN0001177,RULE0009
TXN0001178,RULE0005
TXN0001178,RULE0006
TXN0001178,RULE0004
TXN0001179,RULE0017
TXN0001180,RULE0007
TXN0001181,RULE0016
TXN0001181,RULE0001
TXN0001182,RULE0010
TXN0001183,RULE0005
TXN0001183,RULE0016
TXN0001184,RULE0010
TXN0001185,RULE0015
TXN0001186,RULE0015
TXN0001187,RULE0016
TXN0001187,RULE0002
TXN0001188,RULE0014
TXN0001189,RULE0011
TXN0001189,RULE0008
TXN0001190,RULE0009
TXN0001190,RULE0004
TXN0001191,RULE0008
TXN0001192,RULE0015
TXN0001192,RULE0019
TXN0001193,RULE0008
TXN0001194,RULE0008
TXN0001195,RULE0008
TXN0001196,RULE0007
TXN0001196,RULE0001
TXN0001197,RULE0009
TXN0001198,RULE0001
TXN0001198,RULE0013
TXN0001199,RULE0018
TXN0001200,RULE0016
TXN0001201,RULE0012
TXN0001201,RULE0009
TXN0001202,RULE0004
TXN0001203,RULE0014
TXN0001203,RULE0011
TXN0001203,RULE0018
TXN0001204,RULE0015
TXN0001204,RULE0014
TXN0001205,RULE0017
TXN0001206,RULE0009
TXN0001207,RULE0012
TXN0001208,RULE0003
TXN0001209,RULE0000
TXN0001210,RULE0008
TXN0001210,RULE0000
TXN0001211,RULE0011
TXN0001212,RULE0011
TXN0001213,RULE0019
TXN0001213,RULE0013
TXN0001214,RULE0013
TXN0001215,RULE0019
TXN0001216,RULE0007
TXN0001216,RULE0004
TXN0001217,RULE0008
TXN0001217,RULE0014
TXN0001218,RULE0018
TXN0001219,RULE0004
TXN0001220,RULE0003
TXN0001221,RULE0009
TXN0001221,RULE0006
TXN0001222,RULE0012
TXN0001223,RULE0006
TXN0001223,RULE0004
TXN0001224,RULE0007
TXN0001225,RULE0018
TXN0001225,RULE0009
TXN0001226,RULE0019
TXN0001227,RULE0016
TXN0001228,RULE0008
TXN0001229,RULE0014
TXN0001229,RULE0017
TXN0001230,RULE0004
TXN0001231,RULE0007
TXN0001232,RULE0015
TXN0001233,RULE0008
TXN0001234,RULE0008
TXN0001235,RULE0009
TXN0001236,RULE0011
TXN0001237,RULE0011
TXN0001237,RULE0014
TXN0001238,RULE0003
TXN0001238,RULE0005
TXN0001239,RULE0006
TXN0001240,RULE0015
TXN0001240,RULE0009
TXN0001241,RULE0004
TXN0001242,RULE0003
TXN0001243,RULE0004
TXN0001244,RULE0008
TXN0001244,RULE0000
TXN0001245,RULE0019
TXN0001246,RULE0012
TXN0001246,RULE0004
TXN0001246,RULE0015
TXN0001247,RULE0014
TXN0001248,RULE0008
TXN0001249,RULE0008
TXN0001249,RULE0001
TXN0001250,RULE0012
TXN0001251,RULE0011
TXN0001252,RULE0005
TXN0001253,RULE0007
TXN0001254,RULE0003
TXN0001255,RULE0011
TXN0001255,RULE0000
TXN0001255,RULE0004
TXN0001256,RULE0004
TXN0001256,RULE0017
TXN0001257,RULE0005
TXN0001257,RULE0001
TXN0001258,RULE0009
TXN0001259,RULE0010
TXN0001260,RULE0005
TXN0001261,RULE0016
TXN0001261,RULE0004
TXN0001262,RULE0013
TXN0001263,RULE0008
TXN0001264,RULE0019
TXN0001265,RULE0008
TXN0001266,RULE0007
TXN0001267,RULE0014
TXN0001267,RULE0006
TXN0001268,RULE0004
TXN0001268,RULE0014
TXN0001269,RULE0006
TXN0001270,RULE0018
TXN0001271,RULE0011
TXN0001272,RULE0000
TXN0001273,RULE0000
TXN0001274,RULE0005
TXN0001275,RULE0006
TXN0001276,RULE0008
TXN0001276,RULE0016
TXN0001277,RULE0018
TXN0001278,RULE0012
TXN0001279,RULE0010
TXN0001279,RULE0006
TXN0001279,RULE0015
TXN0001280,RULE0011
TXN0001281,RULE0003
TXN0001282,RULE0011
TXN0001282,RULE0005
TXN0001282,RULE0000
TXN0001283,RULE0017
TXN0001284,RULE0017
TXN0001285,RULE0000
TXN0001286,RULE0018
TXN0001287,RULE0001
TXN0001287,RULE0015
TXN0001287,RULE0006
TXN0001288,RULE0014
TXN0001288,RULE0019
TXN0001289,RULE0007
TXN0001289,RULE0003
TXN0001290,RULE0019
TXN0001290,RULE0015
TXN0001290,RULE0006
TXN0001291,RULE0008
TXN0001291,RULE0002
TXN0001292,RULE0016
TXN0001292,RULE0010
TXN0001293,RULE0005
TXN0001294,RULE0014
TXN0001295,RULE0011
TXN0001296,RULE0000
TXN0001297,RULE0013
TXN0001298,RULE0000
TXN0001299,RULE0001
TXN0001300,RULE0005
TXN0001301,RULE0015
TXN0001302,RULE0005
TXN0001303,RULE0003
TXN0001303,RULE0016
TXN0001304,RULE0008
TXN0001305,RULE0007
TXN0001306,RULE0010
TXN0001307,RULE0001
TXN0001308,RULE0006
TXN0001309,RULE0010
TXN0001310,RULE0019
TXN0001310,RULE0016
TXN0001311,RULE0011
TXN0001311,RULE0003
TXN0001312,RULE0014
TXN0001313,RULE0000
TXN0001313,RULE0006
TXN0001314,RULE0000
TXN0001315,RULE0017
TXN0001315,RULE0016
TXN0001316,RULE0013
TXN0001317,RULE0019
TXN0001317,RULE0009
TXN0001318,RULE0014
TXN0001318,RULE0010
TXN0001319,RULE0008
TXN0001320,RULE0007
TXN0001321,RULE0001
TXN0001321,RULE0014
TXN0001322,RULE0017
TXN0001323,RULE0011
TXN0001324,RULE0015
TXN0001325,RULE0017
TXN0001326,RULE0000
TXN0001327,RULE0018
TXN0001328,RULE0009
TXN0001328,RULE0010
TXN0001329,RULE0019
TXN0001330,RULE0014
TXN0001330,RULE0005
TXN0001331,RULE0012
TXN0001331,RULE0013
TXN0001332,RULE0012
TXN0001333,RULE0005
TXN0001334,RULE0010
TXN0001335,RULE0003
TXN0001336,RULE0004
TXN0001337,RULE0007
TXN0001338,RULE0008
TXN0001339,RULE0010
TXN0001339,RULE0001
TXN0001340,RULE0008
TXN0001341,RULE0004
TXN0001341,RULE0003
TXN0001342,RULE0012
TXN0001343,RULE0006
TXN0001344,RULE0019
TXN0001344,RULE0006
TXN0001345,RULE0009
TXN0001345,RULE0003
TXN0001346,RULE0012
TXN0001347,RULE0001
TXN0001348,RULE0017
TXN0001349,RULE0013
TXN0001350,RULE0011
TXN0001351,RULE0014
TXN0001352,RULE0002
TXN0001353,RULE0002
TXN0001353,RULE0001
TXN0001353,RULE0012
TXN0001354,RULE0013
TXN0001355,RULE0004
TXN0001356,RULE0009
TXN0001356,RULE0002
TXN0001356,RULE0016
TXN0001357,RULE0007
TXN0001358,RULE0014
TXN0001359,RULE0010
TXN0001360,RULE0015
TXN0001361,RULE0005
TXN0001362,RULE0006
TXN0001363,RULE0003
TXN0001363,RULE0013
TXN0001364,RULE0011
TXN0001364,RULE0016
TXN0001365,RULE0008
TXN0001365,RULE0007
TXN0001365,RULE0014
TXN0001366,RULE0008
TXN0001367,RULE0009
TXN0001368,RULE0018
TXN0001369,RULE0011
TXN0001370,RULE0016
TXN0001371,RULE0011
TXN0001371,RULE0012
TXN0001372,RULE0005
TXN0001372,RULE0013
TXN0001373,RULE0018
TXN0001373,RULE0004
TXN0001374,RULE0007
TXN0001374,RULE0005
TXN0001375,RULE0006
TXN0001376,RULE0015
TXN0001376,RULE0003
TXN0001376,RULE0004
TXN0001377,RULE0015
TXN0001378,RULE0002
TXN0001378,RULE0004
TXN0001378,RULE0007
TXN0001379,RULE0017
TXN0001380,RULE0014
TXN0001380,RULE0016
TXN0001381,RULE0011
TXN0001381,RULE0018
TXN0001382,RULE0007
TXN0001383,RULE0009
TXN0001384,RULE0012
TXN0001385,RULE0000
TXN0001386,RULE0000
TXN0001387,RULE0010
TXN0001387,RULE0015
TXN0001388,RULE0006
TXN0001388,RULE0013
TXN0001389,RULE0001
TXN0001390,RULE0006
TXN0001391,RULE0008
TXN0001392,RULE0007
TXN0001393,RULE0012
TXN0001393,RULE0010
TXN0001394,RULE0004
TXN0001395,RULE0010
TXN0001396,RULE0017
TXN0001397,RULE0019
TXN0001398,RULE0014
TXN0001398,RULE0019
TXN0001398,RULE0000
TXN0001399,RULE0001
TXN0001399,RULE0013
TXN0001400,RULE0015
TXN0001401,RULE0012
TXN0001402,RULE0008
TXN0001403,RULE0007
TXN0001403,RULE0014
TXN0001404,RULE0001
TXN0001405,RULE0018
TXN0001405,RULE0002
TXN0001406,RULE0015
TXN0001406,RULE0009
TXN0001407,RULE0009
TXN0001407,RULE0006
TXN0001408,RULE0014
TXN0001409,RULE0012
TXN0001410,RULE0014
TXN0001411,RULE0002
TXN0001412,RULE0015
TXN0001412,RULE0019
TXN0001413,RULE0000
TXN0001413,RULE0010
TXN0001414,RULE0011
TXN0001415,RULE0013
TXN0001415,RULE0019
TXN0001416,RULE0004
TXN0001417,RULE0017
TXN0001418,RULE0009
TXN0001418,RULE0002
TXN0001419,RULE0015
TXN0001420,RULE0007
TXN0001421,RULE0008
TXN0001422,RULE0019
TXN0001423,RULE0015
TXN0001424,RULE0006
TXN0001425,RULE0018
TXN0001425,RULE0005
TXN0001426,RULE0005
TXN0001427,RULE0007
TXN0001428,RULE0018
TXN0001429,RULE0016
TXN0001429,RULE0005
TXN0001430,RULE0018
TXN0001431,RULE0000
TXN0001431,RULE0014
TXN0001432,RULE0003
TXN0001433,RULE0004
TXN0001434,RULE0000
TXN0001435,RULE0008
TXN0001436,RULE0008
TXN0001436,RULE0011
TXN0001437,RULE0015
TXN0001438,RULE0008
TXN0001439,RULE0014
TXN0001440,RULE0012
TXN0001441,RULE0009
TXN0001442,RULE0017
TXN0001443,RULE0007
TXN0001444,RULE0003
TXN0001445,RULE0009
TXN0001446,RULE0012
TXN0001447,RULE0014
TXN0001448,RULE0012
TXN0001448,RULE0011
TXN0001449,RULE0013
TXN0001449,RULE0012
TXN0001450,RULE0008
TXN0001451,RULE0012
TXN0001452,RULE0011
TXN0001453,RULE0016
TXN0001454,RULE0010
TXN0001455,RULE0004
TXN0001455,RULE0018
TXN0001456,RULE0010
TXN0001457,RULE0005
TXN0001457,RULE0002
TXN0001458,RULE0001
TXN0001459,RULE0019
TXN0001460,RULE0015
TXN0001461,RULE0018
TXN0001462,RULE0015
TXN0001463,RULE0014
TXN0001463,RULE0011
TXN0001463,RULE0009
TXN0001464,RULE0004
TXN0001464,RULE0005
TXN0001465,RULE0002
TXN0001466,RULE0017
TXN0001467,RULE0001
TXN0001468,RULE0019
TXN0001469,RULE0017
TXN0001470,RULE0007
TXN0001471,RULE0013
TXN0001472,RULE0008
TXN0001472,RULE0001
TXN0001473,RULE0015
TXN0001474,RULE0013
TXN0001475,RULE0013
TXN0001475,RULE0006
TXN0001476,RULE0007
TXN0001477,RULE0002
TXN0001478,RULE0001
TXN0001479,RULE0017
TXN0001480,RULE0018
TXN0001481,RULE0007
TXN0001481,RULE0019
TXN0001482,RULE0002
TXN0001482,RULE0003
TXN0001483,RULE0016
TXN0001483,RULE0008
TXN0001484,RULE0012
TXN0001485,RULE0016
TXN0001486,RULE0010
TXN0001487,RULE0010
TXN0001488,RULE0009
TXN0001489,RULE0018
TXN0001490,RULE0010
TXN0001491,RULE0006
TXN0001492,RULE0014
TXN0001493,RULE0011
TXN0001493,RULE0014
TXN0001494,RULE0016
TXN0001494,RULE0006
TXN0001495,RULE0014
TXN0001496,RULE0017
TXN0001496,RULE0006
TXN0001496,RULE0016
TXN0001497,RULE0002
TXN0001498,RULE0010
TXN0001499,RULE0012
TXN0001500,RULE0019
TXN0001500,RULE0013
TXN0001500,RULE0007
TXN0001501,RULE0006
TXN0001502,RULE0017
TXN0001502,RULE0018
TXN0001503,RULE0017
TXN0001504,RULE0008
TXN0001505,RULE0017
TXN0001506,RULE0010
TXN0001506,RULE0012
TXN0001507,RULE0003
TXN0001507,RULE0018
TXN0001508,RULE0013
TXN0001508,RULE0004
TXN0001508,RULE0008
TXN0001509,RULE0019
TXN0001509,RULE0009
TXN0001510,RULE0013
TXN0001511,RULE0005
TXN0001511,RULE0018
TXN0001512,RULE0017
TXN0001513,RULE0013
TXN0001514,RULE0011
TXN0001515,RULE0015
TXN0001515,RULE0018
TXN0001516,RULE0013
TXN0001517,RULE0019
TXN0001518,RULE0001
TXN0001518,RULE0002
TXN0001519,RULE0000
TXN0001519,RULE0004
TXN0001520,RULE0015
TXN0001521,RULE0019
TXN0001521,RULE0001
TXN0001522,RULE0019
TXN0001523,RULE0004
TXN0001524,RULE0006
TXN0001524,RULE0017
TXN0001525,RULE0014
TXN0001525,RULE0005
TXN0001525,RULE0003
TXN0001526,RULE0003
TXN0001526,RULE0011
TXN0001527,RULE0018
TXN0001528,RULE0008
TXN0001529,RULE0012
TXN0001529,RULE0005
TXN0001530,RULE0008
TXN0001530,RULE0013
TXN0001531,RULE0004
TXN0001532,RULE0012
TXN0001533,RULE0013
TXN0001534,RULE0007
TXN0001535,RULE0011
TXN0001536,RULE0004
TXN0001537,RULE0004
TXN0001538,RULE0010
TXN0001539,RULE0017
TXN0001540,RULE0008
TXN0001541,RULE0001
TXN0001542,RULE0010
TXN0001543,RULE0019
TXN0001544,RULE0009
TXN0001544,RULE0002
TXN0001545,RULE0005
TXN0001546,RULE0009
TXN0001547,RULE0006
TXN0001548,RULE0011
TXN0001548,RULE0001
TXN0001549,RULE0011
TXN0001550,RULE0019
TXN0001551,RULE0007
TXN0001552,RULE0016
TXN0001552,RULE0001
TXN0001553,RULE0018
TXN0001553,RULE0014
TXN0001554,RULE0008
TXN0001555,RULE0009
TXN0001556,RULE0006
TXN0001556,RULE0002
TXN0001557,RULE0019
TXN0001558,RULE0015
TXN0001559,RULE0017
TXN0001560,RULE0010
TXN0001561,RULE0007
TXN0001561,RULE0004
TXN0001562,RULE0015
TXN0001562,RULE0019
TXN0001563,RULE0007
TXN0001564,RULE0011
TXN0001565,RULE0014
TXN0001566,RULE0014
TXN0001567,RULE0011
TXN0001568,RULE0007
TXN0001569,RULE0009
TXN0001570,RULE0003
TXN0001571,RULE0003
TXN0001572,RULE0012
TXN0001573,RULE0003
TXN0001574,RULE0007
TXN0001575,RULE0018
TXN0001576,RULE0004
TXN0001576,RULE0008
TXN0001577,RULE0001
TXN0001578,RULE0002
TXN0001578,RULE0011
TXN0001579,RULE0003
TXN0001580,RULE0008
TXN0001581,RULE0007
TXN0001581,RULE0019
TXN0001582,RULE0013
TXN0001583,RULE0019
TXN0001584,RULE0017
TXN0001584,RULE0010
TXN0001585,RULE0009
TXN0001586,RULE0015
TXN0001586,RULE0006
TXN0001587,RULE0018
TXN0001588,RULE0004
TXN0001589,RULE0019
TXN0001590,RULE0007
TXN0001590,RULE0014
TXN0001591,RULE0019
TXN0001591,RULE0003
TXN0001592,RULE0014
TXN0001593,RULE0007
TXN0001594,RULE0011
TXN0001595,RULE0002
TXN0001596,RULE0005
TXN0001596,RULE0002
TXN0001597,RULE0002
TXN0001597,RULE0013
TXN0001598,RULE0005
TXN0001598,RULE0019
TXN0001599,RULE0012
TXN0001600,RULE0010
TXN0001600,RULE0002
TXN0001601,RULE0008
TXN0001602,RULE0006
TXN0001602,RULE0012
TXN0001603,RULE0006
TXN0001604,RULE0009
TXN0001605,RULE0005
TXN0001606,RULE0018
TXN0001606,RULE0013
TXN0001607,RULE0008
TXN0001608,RULE0000
TXN0001609,RULE0014
TXN0001610,RULE0005
TXN0001611,RULE0014
TXN0001611,RULE0012
TXN0001612,RULE0007
TXN0001612,RULE0010
TXN0001613,RULE0016
TXN0001614,RULE0016
TXN0001615,RULE0014
TXN0001615,RULE0017
TXN0001616,RULE0015
TXN0001617,RULE0019
TXN0001618,RULE0006
TXN0001618,RULE0017
TXN0001619,RULE0006
TXN0001619,RULE0001
TXN0001620,RULE0018
TXN0001621,RULE0001
TXN0001622,RULE0006
TXN0001623,RULE0004
TXN0001624,RULE0013
TXN0001625,RULE0015
TXN0001626,RULE0010
TXN0001626,RULE0009
TXN0001627,RULE0017
TXN0001628,RULE0015
TXN0001629,RULE0009
TXN0001630,RULE0000
TXN0001630,RULE0007
TXN0001630,RULE0009
TXN0001631,RULE0013
TXN0001632,RULE0007
TXN0001633,RULE0009
TXN0001634,RULE0011
TXN0001634,RULE0013
TXN0001635,RULE0016
TXN0001635,RULE0009
TXN0001636,RULE0002
TXN0001636,RULE0010
TXN0001637,RULE0013
TXN0001638,RULE0010
TXN0001638,RULE0003
TXN0001639,RULE0015
TXN0001640,RULE0002
TXN0001641,RULE0016
TXN0001641,RULE0011
TXN0001642,RULE0015
TXN0001643,RULE0012
TXN0001644,RULE0018
TXN0001645,RULE0018
TXN0001646,RULE0013
TXN0001647,RULE0007
TXN0001648,RULE0014
TXN0001648,RULE0010
TXN0001649,RULE0018
TXN0001650,RULE0008
TXN0001650,RULE0016
TXN0001651,RULE0004
TXN0001652,RULE0018
TXN0001653,RULE0004
TXN0001654,RULE0008
TXN0001655,RULE0015
TXN0001656,RULE0011
TXN0001656,RULE0006
TXN0001657,RULE0004
TXN0001658,RULE0012
TXN0001659,RULE0008
TXN0001660,RULE0004
TXN0001661,RULE0009
TXN0001661,RULE0006
TXN0001662,RULE0019
TXN0001663,RULE0001
TXN0001663,RULE0017
TXN0001664,RULE0015
TXN0001665,RULE0018
TXN0001666,RULE0003
TXN0001667,RULE0006
TXN0001668,RULE0004
TXN0001669,RULE0006
TXN0001670,RULE0005
TXN0001671,RULE0011
TXN0001672,RULE0009
TXN0001673,RULE0004
TXN0001674,RULE0000
TXN0001675,RULE0013
TXN0001676,RULE0018
TXN0001677,RULE0006
TXN0001677,RULE0001
TXN0001678,RULE0014
TXN0001678,RULE0017
TXN0001679,RULE0009
TXN0001679,RULE0015
TXN0001680,RULE0019
TXN0001681,RULE0014
TXN0001682,RULE0009
TXN0001683,RULE0013
TXN0001684,RULE0012
TXN0001684,RULE0009
TXN0001684,RULE0017
TXN0001685,RULE0000
TXN0001686,RULE0018
TXN0001687,RULE0006
TXN0001688,RULE0016
TXN0001689,RULE0011
TXN0001690,RULE0000
TXN0001690,RULE0016
TXN0001691,RULE0018
TXN0001692,RULE0013
TXN0001693,RULE0015
TXN0001694,RULE0012
TXN0001694,RULE0019
TXN0001695,RULE0004
TXN0001696,RULE0004
TXN0001697,RULE0005
TXN0001698,RULE0009
TXN0001699,RULE0013
TXN0001699,RULE0017
TXN0001700,RULE0019
TXN0001700,RULE0005
TXN0001701,RULE0001
TXN0001702,RULE0008
TXN0001702,RULE0014
TXN0001703,RULE0007
TXN0001704,RULE0008
TXN0001705,RULE0013
TXN0001705,RULE0019
TXN0001706,RULE0001
TXN0001707,RULE0009
TXN0001708,RULE0012
TXN0001709,RULE0001
TXN0001710,RULE0016
TXN0001710,RULE0012
TXN0001710,RULE0005
TXN0001711,RULE0017
TXN0001712,RULE0016
TXN0001713,RULE0015
TXN0001714,RULE0019
TXN0001714,RULE0005
TXN0001715,RULE0008
TXN0001716,RULE0008
TXN0001717,RULE0007
TXN0001717,RULE0011
TXN0001718,RULE0013
TXN0001719,RULE0010
TXN0001720,RULE0002
TXN0001721,RULE0009
TXN0001722,RULE0017
TXN0001723,RULE0007
TXN0001723,RULE0019
TXN0001723,RULE0003
TXN0001724,RULE0017
TXN0001725,RULE0012
TXN0001726,RULE0006
TXN0001727,RULE0013
TXN0001728,RULE0004
TXN0001729,RULE0006
TXN0001730,RULE0015
TXN0001731,RULE0007
TXN0001732,RULE0019
TXN0001733,RULE0000
TXN0001734,RULE0005
TXN0001735,RULE0000
TXN0001736,RULE0006
TXN0001737,RULE0011
TXN0001738,RULE0000
TXN0001739,RULE0007
TXN0001740,RULE0011
TXN0001741,RULE0002
TXN0001742,RULE0007
TXN0001742,RULE0012
TXN0001743,RULE0006
TXN0001744,RULE0009
TXN0001745,RULE0018
TXN0001745,RULE0017
TXN0001746,RULE0005
TXN0001747,RULE0005
TXN0001748,RULE0017
TXN0001749,RULE0013
TXN0001750,RULE0001
TXN0001751,RULE0005
TXN0001751,RULE0011
TXN0001752,RULE0007
TXN0001753,RULE0014
TXN0001754,RULE0010
TXN0001755,RULE0018
TXN0001756,RULE0000
TXN0001757,RULE0000
TXN0001758,RULE0018
TXN0001759,RULE0002
TXN0001760,RULE0012
TXN0001760,RULE0010
TXN0001760,RULE0006
TXN0001761,RULE0005
TXN0001761,RULE0009
TXN0001762,RULE0016
TXN0001762,RULE0007
TXN0001763,RULE0006
TXN0001764,RULE0016
TXN0001764,RULE0015
TXN0001765,RULE0002
TXN0001766,RULE0015
TXN0001767,RULE0019
TXN0001768,RULE0014
TXN0001769,RULE0001
TXN0001769,RULE0017
TXN0001769,RULE0014
TXN0001770,RULE0015
TXN0001771,RULE0005
TXN0001772,RULE0008
TXN0001772,RULE0001
TXN0001773,RULE0007
TXN0001774,RULE0016
TXN0001775,RULE0017
TXN0001776,RULE0006
TXN0001776,RULE0009
TXN0001777,RULE0018
TXN0001778,RULE0005
TXN0001779,RULE0005
TXN0001779,RULE0003
TXN0001780,RULE0000
TXN0001781,RULE0019
TXN0001782,RULE0006
TXN0001782,RULE0005
TXN0001783,RULE0002
TXN0001784,RULE0004
TXN0001785,RULE0011
TXN0001786,RULE0014
TXN0001787,RULE0011
TXN0001788,RULE0001
TXN0001789,RULE0002
TXN0001789,RULE0007
TXN0001790,RULE0013
TXN0001791,RULE0011
TXN0001792,RULE0005
TXN0001792,RULE0016
TXN0001793,RULE0006
TXN0001793,RULE0005
TXN0001793,RULE0012
TXN0001794,RULE0000
TXN0001795,RULE0002
TXN0001796,RULE0016
TXN0001797,RULE0013
TXN0001798,RULE0014
TXN0001798,RULE0017
TXN0001798,RULE0013
TXN0001799,RULE0019
TXN0001799,RULE0000
TXN0001800,RULE0003
TXN0001801,RULE0016
TXN0001802,RULE0008
TXN0001803,RULE0013
TXN0001803,RULE0014
TXN0001804,RULE0000
TXN0001805,RULE0001
TXN0001806,RULE0009
TXN0001807,RULE0010
TXN0001808,RULE0000
TXN0001809,RULE0000
TXN0001810,RULE0006
TXN0001811,RULE0016
TXN0001812,RULE0002
TXN0001813,RULE0010
TXN0001814,RULE0010
TXN0001815,RULE0000
TXN0001815,RULE0016
TXN0001816,RULE0010
TXN0001817,RULE0009
TXN0001818,RULE0015
TXN0001819,RULE0007
TXN0001820,RULE0016
TXN0001820,RULE0008
TXN0001821,RULE0019
TXN0001822,RULE0000
TXN0001823,RULE0007
TXN0001824,RULE0014
TXN0001824,RULE0012
TXN0001824,RULE0008
TXN0001825,RULE0001
TXN0001826,RULE0016
TXN0001827,RULE0010
TXN0001828,RULE0000
TXN0001828,RULE0002
TXN0001829,RULE0005
TXN0001830,RULE0014
TXN0001831,RULE0014
TXN0001832,RULE0004
TXN0001833,RULE0018
TXN0001834,RULE0017
TXN0001835,RULE0004
TXN0001835,RULE0000
TXN0001836,RULE0002
TXN0001837,RULE0002
TXN0001837,RULE0006
TXN0001838,RULE0013
TXN0001839,RULE0012
TXN0001839,RULE0017
TXN0001840,RULE0019
TXN0001841,RULE0011
TXN0001842,RULE0009
TXN0001843,RULE0010
TXN0001844,RULE0015
TXN0001845,RULE0008
TXN0001846,RULE0015
TXN0001846,RULE0002
TXN0001847,RULE0014
TXN0001847,RULE0001
TXN0001848,RULE0008
TXN0001849,RULE0014
TXN0001850,RULE0016
TXN0001851,RULE0006
TXN0001852,RULE0002
TXN0001853,RULE0008
TXN0001854,RULE0014
TXN0001854,RULE0000
TXN0001855,RULE0009
TXN0001856,RULE0002
TXN0001857,RULE0017
TXN0001857,RULE0016
TXN0001858,RULE0001
TXN0001859,RULE0003
TXN0001859,RULE0008
TXN0001860,RULE0010
TXN0001860,RULE0013
TXN0001861,RULE0012
TXN0001862,RULE0013
TXN0001863,RULE0018
TXN0001863,RULE0010
TXN0001864,RULE0018
TXN0001865,RULE0000
TXN0001866,RULE0001
TXN0001867,RULE0003
TXN0001868,RULE0009
TXN0001869,RULE0015
TXN0001870,RULE0014
TXN0001870,RULE0001
TXN0001871,RULE0004
TXN0001872,RULE0017
TXN0001873,RULE0011
TXN0001874,RULE0009
TXN0001874,RULE0014
TXN0001874,RULE0016
TXN0001875,RULE0014
TXN0001875,RULE0019
TXN0001876,RULE0010
TXN0001877,RULE0004
TXN0001877,RULE0001
TXN0001878,RULE0011
TXN0001879,RULE0005
TXN0001880,RULE0016
TXN0001881,RULE0015
TXN0001882,RULE0011
TXN0001882,RULE0016
TXN0001883,RULE0014
TXN0001884,RULE0019
TXN0001884,RULE0006
TXN0001884,RULE0018
TXN0001885,RULE0010
TXN0001886,RULE0000
TXN0001886,RULE0005
TXN0001887,RULE0008
TXN0001887,RULE0000
TXN0001888,RULE0019
TXN0001888,RULE0007
TXN0001889,RULE0012
TXN0001890,RULE0006
TXN0001891,RULE0016
TXN0001891,RULE0009
TXN0001892,RULE0009
TXN0001892,RULE0017
TXN0001893,RULE0004
TXN0001894,RULE0007
TXN0001895,RULE0007
TXN0001896,RULE0012
TXN0001897,RULE0011
TXN0001897,RULE0004
TXN0001898,RULE0019
TXN0001898,RULE0002
TXN0001899,RULE0017
TXN0001900,RULE0014
TXN0001901,RULE0004
TXN0001902,RULE0010
TXN0001903,RULE0007
TXN0001903,RULE0019
TXN0001903,RULE0009
TXN0001904,RULE0012
TXN0001904,RULE0005
TXN0001905,RULE0003
TXN0001906,RULE0006
TXN0001907,RULE0001
TXN0001908,RULE0004
TXN0001909,RULE0012
TXN0001910,RULE0008
TXN0001911,RULE0010
TXN0001911,RULE0005
TXN0001912,RULE0013
TXN0001912,RULE0006
TXN0001912,RULE0012
TXN0001913,RULE0016
TXN0001914,RULE0005
TXN0001915,RULE0006
TXN0001915,RULE0011
TXN0001916,RULE0009
TXN0001917,RULE0011
TXN0001918,RULE0003
TXN0001919,RULE0009
TXN0001919,RULE0006
TXN0001920,RULE0009
TXN0001921,RULE0002
TXN0001921,RULE0019
TXN0001922,RULE0010
TXN0001923,RULE0018
TXN0001924,RULE0018
TXN0001925,RULE0009
TXN0001926,RULE0002
TXN0001927,RULE0017
TXN0001928,RULE0005
TXN0001928,RULE0009
TXN0001929,RULE0016
TXN0001930,RULE0011
TXN0001931,RULE0019
TXN0001932,RULE0013
TXN0001933,RULE0015
TXN0001934,RULE0005
TXN0001935,RULE0012
TXN0001935,RULE0009
TXN0001936,RULE0019
TXN0001937,RULE0014
TXN0001937,RULE0005
TXN0001938,RULE0006
TXN0001939,RULE0019
TXN0001940,RULE0015
TXN0001941,RULE0018
TXN0001942,RULE0011
TXN0001942,RULE0007
TXN0001943,RULE0001
TXN0001943,RULE0014
TXN0001944,RULE0003
TXN0001945,RULE0002
TXN0001946,RULE0007
TXN0001946,RULE0008
TXN0001947,RULE0018
TXN0001948,RULE0007
TXN0001949,RULE0014
TXN0001950,RULE0017
TXN0001950,RULE0005
TXN0001951,RULE0006
TXN0001952,RULE0000
TXN0001952,RULE0016
TXN0001952,RULE0002
TXN0001953,RULE0012
TXN0001954,RULE0007
TXN0001954,RULE0015
TXN0001954,RULE0017
TXN0001955,RULE0012
TXN0001956,RULE0009
TXN0001956,RULE0006
TXN0001957,RULE0002
TXN0001957,RULE0008
TXN0001958,RULE0000
TXN0001959,RULE0018
TXN0001960,RULE0000
TXN0001961,RULE0019
TXN0001962,RULE0007
TXN0001963,RULE0009
TXN0001963,RULE0003
TXN0001964,RULE0004
TXN0001964,RULE0002
TXN0001965,RULE0015
TXN0001966,RULE0001
TXN0001967,RULE0000
TXN0001968,RULE0008
TXN0001969,RULE0011
TXN0001970,RULE0003
TXN0001971,RULE0005
TXN0001972,RULE0004
TXN0001973,RULE0006
TXN0001973,RULE0002
TXN0001974,RULE0000
TXN0001975,RULE0001
TXN0001975,RULE0005
TXN0001976,RULE0015
TXN0001976,RULE0005
TXN0001977,RULE0019
TXN0001978,RULE0016
TXN0001979,RULE0004
TXN0001979,RULE0003
TXN0001979,RULE0005
TXN0001980,RULE0012
TXN0001981,RULE0008
TXN0001981,RULE0017
TXN0001982,RULE0011
TXN0001983,RULE0014
TXN0001984,RULE0012
TXN0001985,RULE0014
TXN0001986,RULE0008
TXN0001987,RULE0001
TXN0001988,RULE0009
TXN0001989,RULE0008
TXN0001990,RULE0012
TXN0001991,RULE0015
TXN0001992,RULE0015
TXN0001993,RULE0017
TXN0001994,RULE0002
TXN0001994,RULE0011
TXN0001995,RULE0005
TXN0001996,RULE0010
TXN0001997,RULE0019
TXN0001997,RULE0008
TXN0001998,RULE0010
TXN0001999,RULE0013
