Customer,PaymentTransaction
CUST000000,TXN0000000
CUST000000,TXN0000001
CUST000007,TXN0000002
CUST000031,TXN0000003
CUST000000,TXN0000004
CUST000000,TXN0000005
CUST000008,TXN0000006
CUST000003,TXN0000007
CUST000000,TXN0000008
CUST000000,TXN0000009
CUST000000,TXN0000010
CUST000000,TXN0000011
CUST000002,TXN0000012
CUST000000,TXN0000013
CUST000007,TXN0000014
CUST000003,TXN0000015
CUST000002,TXN0000016
CUST000011,TXN0000017
CUST000000,TXN0000018
CUST000000,TXN0000019
CUST000000,TXN0000020
CUST000000,TXN0000021
CUST000000,TXN0000022
CUST000001,TXN0000023
CUST000001,TXN0000024
CUST000006,TXN0000025
CUST000093,TXN0000026
CUST000011,TXN0000027
CUST000002,TXN0000028
CUST000001,TXN0000029
CUST000005,TXN0000030
CUST000001,TXN0000031
CUST000499,TXN0000032
CUST000000,TXN0000033
CUST000000,TXN0000034
CUST000000,TXN0000035
CUST000000,TXN0000036
CUST000007,TXN0000037
CUST000230,TXN0000038
CUST000000,TXN0000039
CUST000001,TXN0000040
CUST000000,TXN0000041
CUST000442,TXN0000042
CUST000021,TXN0000043
CUST000000,TXN0000044
CUST000001,TXN0000045
CUST000000,TXN0000046
CUST000031,TXN0000047
CUST000000,TXN0000048
CUST000004,TXN0000049
CUST000000,TXN0000050
CUST000000,TXN0000051
CUST000000,TXN0000052
CUST000001,TXN0000053
CUST000000,TXN0000054
CUST000000,TXN0000055
CUST000000,TXN0000056
CUST000002,TXN0000057
CUST000000,TXN0000058
CUST000004,TXN0000059
CUST000000,TXN0000060
CUST000000,TXN0000061
CUST000000,TXN0000062
CUST000005,TXN0000063
CUST000001,TXN0000064
CUST000000,TXN0000065
CUST000009,TXN0000066
CUST000000,TXN0000067
CUST000000,TXN0000068
CUST000003,TXN0000069
CUST000009,TXN0000070
CUST000000,TXN0000071
CUST000000,TXN0000072
CUST000000,TXN0000073
CUST000000,TXN0000074
CUST000000,TXN0000075
CUST000008,TXN0000076
CUST000001,TXN0000077
CUST000000,TXN0000078
CUST000003,TXN0000079
CUST000000,TXN0000080
CUST000000,TXN0000081
CUST000002,TXN0000082
CUST000000,TXN0000083
CUST000000,TXN0000084
CUST000000,TXN0000085
CUST000000,TXN0000086
CUST000000,TXN0000087
CUST000063,TXN0000088
CUST000000,TXN0000089
CUST000002,TXN0000090
CUST000001,TXN0000091
CUST000000,TXN0000092
CUST000002,TXN0000093
CUST000004,TXN0000094
CUST000007,TXN0000095
CUST000005,TXN0000096
CUST000002,TXN0000097
CUST000000,TXN0000098
CUST000002,TXN0000099
CUST000000,TXN0000100
CUST000001,TXN0000101
CUST000000,TXN0000102
CUST000000,TXN0000103
CUST000001,TXN0000104
CUST000000,TXN0000105
CUST000004,TXN0000106
CUST000002,TXN0000107
CUST000000,TXN0000108
CUST000001,TXN0000109
CUST000010,TXN0000110
CUST000000,TXN0000111
CUST000000,TXN0000112
CUST000000,TXN0000113
CUST000000,TXN0000114
CUST000055,TXN0000115
CUST000000,TXN0000116
CUST000000,TXN0000117
CUST000001,TXN0000118
CUST000000,TXN0000119
CUST000005,TXN0000120
CUST000001,TXN0000121
CUST000001,TXN0000122
CUST000000,TXN0000123
CUST000000,TXN0000124
CUST000001,TXN0000125
CUST000000,TXN0000126
CUST000000,TXN0000127
CUST000005,TXN0000128
CUST000000,TXN0000129
CUST000003,TXN0000130
CUST000001,TXN0000131
CUST000000,TXN0000132
CUST000000,TXN0000133
CUST000002,TXN0000134
CUST000000,TXN0000135
CUST000000,TXN0000136
CUST000006,TXN0000137
CUST000001,TXN0000138
CUST000003,TXN0000139
CUST000004,TXN0000140
CUST000005,TXN0000141
CUST000000,TXN0000142
CUST000049,TXN0000143
CUST000001,TXN0000144
CUST000000,TXN0000145
CUST000000,TXN0000146
CUST000001,TXN0000147
CUST000000,TXN0000148
CUST000003,TXN0000149
CUST000000,TXN0000150
CUST000000,TXN0000151
CUST000004,TXN0000152
CUST000002,TXN0000153
CUST000002,TXN0000154
CUST000000,TXN0000155
CUST000003,TXN0000156
CUST000000,TXN0000157
CUST000000,TXN0000158
CUST000003,TXN0000159
CUST000001,TXN0000160
CUST000023,TXN0000161
CUST000000,TXN0000162
CUST000000,TXN0000163
CUST000000,TXN0000164
CUST000000,TXN0000165
CUST000000,TXN0000166
CUST000000,TXN0000167
CUST000000,TXN0000168
CUST000001,TXN0000169
CUST000006,TXN0000170
CUST000000,TXN0000171
CUST000005,TXN0000172
CUST000000,TXN0000173
CUST000001,TXN0000174
CUST000000,TXN0000175
CUST000006,TXN0000176
CUST000000,TXN0000177
CUST000000,TXN0000178
CUST000001,TXN0000179
CUST000000,TXN0000180
CUST000010,TXN0000181
CUST000003,TXN0000182
CUST000002,TXN0000183
CUST000004,TXN0000184
CUST000000,TXN0000185
CUST000001,TXN0000186
CUST000000,TXN0000187
CUST000000,TXN0000188
CUST000000,TXN0000189
CUST000001,TXN0000190
CUST000000,TXN0000191
CUST000000,TXN0000192
CUST000046,TXN0000193
CUST000006,TXN0000194
CUST000000,TXN0000195
CUST000000,TXN0000196
CUST000000,TXN0000197
CUST000000,TXN0000198
CUST000035,TXN0000199
CUST000000,TXN0000200
CUST000014,TXN0000201
CUST000001,TXN0000202
CUST000001,TXN0000203
CUST000000,TXN0000204
CUST000000,TXN0000205
CUST000018,TXN0000206
CUST000000,TXN0000207
CUST000001,TXN0000208
CUST000000,TXN0000209
CUST000001,TXN0000210
CUST000000,TXN0000211
CUST000002,TXN0000212
CUST000000,TXN0000213
CUST000092,TXN0000214
CUST000002,TXN0000215
CUST000002,TXN0000216
CUST000000,TXN0000217
CUST000000,TXN0000218
CUST000003,TXN0000219
CUST000000,TXN0000220
CUST000000,TXN0000221
CUST000021,TXN0000222
CUST000021,TXN0000223
CUST000000,TXN0000224
CUST000499,TXN0000225
CUST000013,TXN0000226
CUST000001,TXN0000227
CUST000000,TXN0000228
CUST000017,TXN0000229
CUST000001,TXN0000230
CUST000001,TXN0000231
CUST000001,TXN0000232
CUST000002,TXN0000233
CUST000000,TXN0000234
CUST000000,TXN0000235
CUST000000,TXN0000236
CUST000000,TXN0000237
CUST000001,TXN0000238
CUST000020,TXN0000239
CUST000002,TXN0000240
CUST000001,TXN0000241
CUST000000,TXN0000242
CUST000000,TXN0000243
CUST000010,TXN0000244
CUST000000,TXN0000245
CUST000001,TXN0000246
CUST000003,TXN0000247
CUST000010,TXN0000248
CUST000000,TXN0000249
CUST000000,TXN0000250
CUST000000,TXN0000251
CUST000000,TXN0000252
CUST000000,TXN0000253
CUST000061,TXN0000254
CUST000001,TXN0000255
CUST000029,TXN0000256
CUST000000,TXN0000257
CUST000000,TXN0000258
CUST000000,TXN0000259
CUST000186,TXN0000260
CUST000066,TXN0000261
CUST000000,TXN0000262
CUST000000,TXN0000263
CUST000002,TXN0000264
CUST000005,TXN0000265
CUST000013,TXN0000266
CUST000002,TXN0000267
CUST000000,TXN0000268
CUST000000,TXN0000269
CUST000000,TXN0000270
CUST000001,TXN0000271
CUST000000,TXN0000272
CUST000002,TXN0000273
CUST000001,TXN0000274
CUST000001,TXN0000275
CUST000000,TXN0000276
CUST000293,TXN0000277
CUST000041,TXN0000278
CUST000000,TXN0000279
CUST000000,TXN0000280
CUST000010,TXN0000281
CUST000008,TXN0000282
CUST000000,TXN0000283
CUST000000,TXN0000284
CUST000002,TXN0000285
CUST000000,TXN0000286
CUST000000,TXN0000287
CUST000001,TXN0000288
CUST000000,TXN0000289
CUST000000,TXN0000290
CUST000004,TXN0000291
CUST000000,TXN0000292
CUST000000,TXN0000293
CUST000000,TXN0000294
CUST000000,TXN0000295
CUST000000,TXN0000296
CUST000000,TXN0000297
CUST000004,TXN0000298
CUST000145,TXN0000299
CUST000000,TXN0000300
CUST000000,TXN0000301
CUST000002,TXN0000302
CUST000000,TXN0000303
CUST000094,TXN0000304
CUST000003,TXN0000305
CUST000000,TXN0000306
CUST000000,TXN0000307
CUST000000,TXN0000308
CUST000004,TXN0000309
CUST000003,TXN0000310
CUST000002,TXN0000311
CUST000051,TXN0000312
CUST000021,TXN0000313
CUST000077,TXN0000314
CUST000000,TXN0000315
CUST000000,TXN0000316
CUST000000,TXN0000317
CUST000000,TXN0000318
CUST000000,TXN0000319
CUST000000,TXN0000320
CUST000032,TXN0000321
CUST000002,TXN0000322
CUST000002,TXN0000323
CUST000000,TXN0000324
CUST000001,TXN0000325
CUST000002,TXN0000326
CUST000001,TXN0000327
CUST000000,TXN0000328
CUST000006,TXN0000329
CUST000000,TXN0000330
CUST000000,TXN0000331
CUST000000,TXN0000332
CUST000000,TXN0000333
CUST000012,TXN0000334
CUST000000,TXN0000335
CUST000499,TXN0000336
CUST000000,TXN0000337
CUST000000,TXN0000338
CUST000000,TXN0000339
CUST000003,TXN0000340
CUST000000,TXN0000341
CUST000000,TXN0000342
CUST000000,TXN0000343
CUST000012,TXN0000344
CUST000001,TXN0000345
CUST000001,TXN0000346
CUST000000,TXN0000347
CUST000000,TXN0000348
CUST000011,TXN0000349
CUST000000,TXN0000350
CUST000000,TXN0000351
CUST000000,TXN0000352
CUST000000,TXN0000353
CUST000002,TXN0000354
CUST000005,TXN0000355
CUST000000,TXN0000356
CUST000000,TXN0000357
CUST000000,TXN0000358
CUST000000,TXN0000359
CUST000006,TXN0000360
CUST000000,TXN0000361
CUST000000,TXN0000362
CUST000000,TXN0000363
CUST000004,TXN0000364
CUST000002,TXN0000365
CUST000007,TXN0000366
CUST000003,TXN0000367
CUST000019,TXN0000368
CUST000000,TXN0000369
CUST000001,TXN0000370
CUST000002,TXN0000371
CUST000000,TXN0000372
CUST000000,TXN0000373
CUST000001,TXN0000374
CUST000002,TXN0000375
CUST000045,TXN0000376
CUST000000,TXN0000377
CUST000000,TXN0000378
CUST000001,TXN0000379
CUST000000,TXN0000380
CUST000021,TXN0000381
CUST000004,TXN0000382
CUST000002,TXN0000383
CUST000003,TXN0000384
CUST000001,TXN0000385
CUST000000,TXN0000386
CUST000000,TXN0000387
CUST000001,TXN0000388
CUST000014,TXN0000389
CUST000001,TXN0000390
CUST000011,TXN0000391
CUST000000,TXN0000392
CUST000002,TXN0000393
CUST000002,TXN0000394
CUST000001,TXN0000395
CUST000026,TXN0000396
CUST000000,TXN0000397
CUST000000,TXN0000398
CUST000017,TXN0000399
CUST000000,TXN0000400
CUST000000,TXN0000401
CUST000000,TXN0000402
CUST000000,TXN0000403
CUST000009,TXN0000404
CUST000014,TXN0000405
CUST000000,TXN0000406
CUST000001,TXN0000407
CUST000000,TXN0000408
CUST000005,TXN0000409
CUST000001,TXN0000410
CUST000002,TXN0000411
CUST000003,TXN0000412
CUST000000,TXN0000413
CUST000000,TXN0000414
CUST000000,TXN0000415
CUST000002,TXN0000416
CUST000000,TXN0000417
CUST000000,TXN0000418
CUST000000,TXN0000419
CUST000000,TXN0000420
CUST000000,TXN0000421
CUST000000,TXN0000422
CUST000034,TXN0000423
CUST000000,TXN0000424
CUST000047,TXN0000425
CUST000000,TXN0000426
CUST000000,TXN0000427
CUST000000,TXN0000428
CUST000000,TXN0000429
CUST000000,TXN0000430
CUST000014,TXN0000431
CUST000000,TXN0000432
CUST000000,TXN0000433
CUST000001,TXN0000434
CUST000011,TXN0000435
CUST000007,TXN0000436
CUST000023,TXN0000437
CUST000000,TXN0000438
CUST000499,TXN0000439
CUST000199,TXN0000440
CUST000000,TXN0000441
CUST000003,TXN0000442
CUST000000,TXN0000443
CUST000000,TXN0000444
CUST000000,TXN0000445
CUST000001,TXN0000446
CUST000000,TXN0000447
CUST000004,TXN0000448
CUST000002,TXN0000449
CUST000001,TXN0000450
CUST000000,TXN0000451
CUST000014,TXN0000452
CUST000000,TXN0000453
CUST000004,TXN0000454
CUST000041,TXN0000455
CUST000000,TXN0000456
CUST000000,TXN0000457
CUST000000,TXN0000458
CUST000000,TXN0000459
CUST000000,TXN0000460
CUST000000,TXN0000461
CUST000000,TXN0000462
CUST000001,TXN0000463
CUST000000,TXN0000464
CUST000011,TXN0000465
CUST000002,TXN0000466
CUST000032,TXN0000467
CUST000001,TXN0000468
CUST000001,TXN0000469
CUST000000,TXN0000470
CUST000012,TXN0000471
CUST000000,TXN0000472
CUST000000,TXN0000473
CUST000002,TXN0000474
CUST000015,TXN0000475
CUST000000,TXN0000476
CUST000009,TXN0000477
CUST000009,TXN0000478
CUST000000,TXN0000479
CUST000000,TXN0000480
CUST000000,TXN0000481
CUST000002,TXN0000482
CUST000001,TXN0000483
CUST000000,TXN0000484
CUST000000,TXN0000485
CUST000047,TXN0000486
CUST000000,TXN0000487
CUST000000,TXN0000488
CUST000000,TXN0000489
CUST000000,TXN0000490
CUST000060,TXN0000491
CUST000000,TXN0000492
CUST000000,TXN0000493
CUST000001,TXN0000494
CUST000002,TXN0000495
CUST000000,TXN0000496
CUST000000,TXN0000497
CUST000001,TXN0000498
CUST000000,TXN0000499
CUST000000,TXN0000500
CUST000000,TXN0000501
CUST000000,TXN0000502
CUST000001,TXN0000503
CUST000000,TXN0000504
CUST000000,TXN0000505
CUST000001,TXN0000506
CUST000001,TXN0000507
CUST000001,TXN0000508
CUST000000,TXN0000509
CUST000000,TXN0000510
CUST000006,TXN0000511
CUST000002,TXN0000512
CUST000001,TXN0000513
CUST000003,TXN0000514
CUST000003,TXN0000515
CUST000001,TXN0000516
CUST000001,TXN0000517
CUST000000,TXN0000518
CUST000000,TXN0000519
CUST000000,TXN0000520
CUST000007,TXN0000521
CUST000002,TXN0000522
CUST000001,TXN0000523
CUST000000,TXN0000524
CUST000000,TXN0000525
CUST000000,TXN0000526
CUST000001,TXN0000527
CUST000013,TXN0000528
CUST000008,TXN0000529
CUST000000,TXN0000530
CUST000001,TXN0000531
CUST000006,TXN0000532
CUST000003,TXN0000533
CUST000065,TXN0000534
CUST000000,TXN0000535
CUST000005,TXN0000536
CUST000001,TXN0000537
CUST000002,TXN0000538
CUST000001,TXN0000539
CUST000008,TXN0000540
CUST000000,TXN0000541
CUST000000,TXN0000542
CUST000001,TXN0000543
CUST000000,TXN0000544
CUST000000,TXN0000545
CUST000000,TXN0000546
CUST000005,TXN0000547
CUST000000,TXN0000548
CUST000000,TXN0000549
CUST000003,TXN0000550
CUST000000,TXN0000551
CUST000005,TXN0000552
CUST000000,TXN0000553
CUST000000,TXN0000554
CUST000000,TXN0000555
CUST000000,TXN0000556
CUST000000,TXN0000557
CUST000000,TXN0000558
CUST000000,TXN0000559
CUST000008,TXN0000560
CUST000000,TXN0000561
CUST000006,TXN0000562
CUST000001,TXN0000563
CUST000499,TXN0000564
CUST000000,TXN0000565
CUST000000,TXN0000566
CUST000004,TXN0000567
CUST000000,TXN0000568
CUST000023,TXN0000569
CUST000123,TXN0000570
CUST000008,TXN0000571
CUST000001,TXN0000572
CUST000000,TXN0000573
CUST000009,TXN0000574
CUST000000,TXN0000575
CUST000002,TXN0000576
CUST000000,TXN0000577
CUST000003,TXN0000578
CUST000000,TXN0000579
CUST000180,TXN0000580
CUST000002,TXN0000581
CUST000001,TXN0000582
CUST000000,TXN0000583
CUST000001,TXN0000584
CUST000001,TXN0000585
CUST000001,TXN0000586
CUST000000,TXN0000587
CUST000000,TXN0000588
CUST000001,TXN0000589
CUST000004,TXN0000590
CUST000001,TXN0000591
CUST000000,TXN0000592
CUST000402,TXN0000593
CUST000000,TXN0000594
CUST000000,TXN0000595
CUST000001,TXN0000596
CUST000000,TXN0000597
CUST000000,TXN0000598
CUST000008,TXN0000599
CUST000002,TXN0000600
CUST000007,TXN0000601
CUST000001,TXN0000602
CUST000001,TXN0000603
CUST000001,TXN0000604
CUST000003,TXN0000605
CUST000000,TXN0000606
CUST000003,TXN0000607
CUST000000,TXN0000608
CUST000000,TXN0000609
CUST000002,TXN0000610
CUST000002,TXN0000611
CUST000110,TXN0000612
CUST000000,TXN0000613
CUST000001,TXN0000614
CUST000037,TXN0000615
CUST000014,TXN0000616
CUST000013,TXN0000617
CUST000001,TXN0000618
CUST000039,TXN0000619
CUST000000,TXN0000620
CUST000000,TXN0000621
CUST000002,TXN0000622
CUST000000,TXN0000623
CUST000000,TXN0000624
CUST000000,TXN0000625
CUST000002,TXN0000626
CUST000000,TXN0000627
CUST000000,TXN0000628
CUST000000,TXN0000629
CUST000000,TXN0000630
CUST000000,TXN0000631
CUST000003,TXN0000632
CUST000000,TXN0000633
CUST000047,TXN0000634
CUST000006,TXN0000635
CUST000000,TXN0000636
CUST000008,TXN0000637
CUST000002,TXN0000638
CUST000000,TXN0000639
CUST000000,TXN0000640
CUST000000,TXN0000641
CUST000098,TXN0000642
CUST000000,TXN0000643
CUST000000,TXN0000644
CUST000000,TXN0000645
CUST000000,TXN0000646
CUST000015,TXN0000647
CUST000033,TXN0000648
CUST000001,TXN0000649
CUST000000,TXN0000650
CUST000003,TXN0000651
CUST000001,TXN0000652
CUST000000,TXN0000653
CUST000000,TXN0000654
CUST000060,TXN0000655
CUST000121,TXN0000656
CUST000010,TXN0000657
CUST000000,TXN0000658
CUST000002,TXN0000659
CUST000003,TXN0000660
CUST000000,TXN0000661
CUST000021,TXN0000662
CUST000000,TXN0000663
CUST000001,TXN0000664
CUST000000,TXN0000665
CUST000003,TXN0000666
CUST000000,TXN0000667
CUST000000,TXN0000668
CUST000030,TXN0000669
CUST000003,TXN0000670
CUST000003,TXN0000671
CUST000000,TXN0000672
CUST000001,TXN0000673
CUST000115,TXN0000674
CUST000008,TXN0000675
CUST000002,TXN0000676
CUST000000,TXN0000677
CUST000000,TXN0000678
CUST000002,TXN0000679
CUST000000,TXN0000680
CUST000000,TXN0000681
CUST000165,TXN0000682
CUST000000,TXN0000683
CUST000006,TXN0000684
CUST000000,TXN0000685
CUST000087,TXN0000686
CUST000000,TXN0000687
CUST000007,TXN0000688
CUST000002,TXN0000689
CUST000010,TXN0000690
CUST000000,TXN0000691
CUST000000,TXN0000692
CUST000000,TXN0000693
CUST000442,TXN0000694
CUST000003,TXN0000695
CUST000003,TXN0000696
CUST000004,TXN0000697
CUST000003,TXN0000698
CUST000000,TXN0000699
CUST000001,TXN0000700
CUST000004,TXN0000701
CUST000000,TXN0000702
CUST000004,TXN0000703
CUST000000,TXN0000704
CUST000002,TXN0000705
CUST000001,TXN0000706
CUST000003,TXN0000707
CUST000000,TXN0000708
CUST000001,TXN0000709
CUST000015,TXN0000710
CUST000000,TXN0000711
CUST000004,TXN0000712
CUST000001,TXN0000713
CUST000000,TXN0000714
CUST000000,TXN0000715
CUST000007,TXN0000716
CUST000000,TXN0000717
CUST000000,TXN0000718
CUST000000,TXN0000719
CUST000018,TXN0000720
CUST000002,TXN0000721
CUST000000,TXN0000722
CUST000001,TXN0000723
CUST000000,TXN0000724
CUST000000,TXN0000725
CUST000005,TXN0000726
CUST000040,TXN0000727
CUST000000,TXN0000728
CUST000000,TXN0000729
CUST000001,TXN0000730
CUST000000,TXN0000731
CUST000000,TXN0000732
CUST000001,TXN0000733
CUST000001,TXN0000734
CUST000001,TXN0000735
CUST000000,TXN0000736
CUST000000,TXN0000737
CUST000000,TXN0000738
CUST000053,TXN0000739
CUST000001,TXN0000740
CUST000014,TXN0000741
CUST000006,TXN0000742
CUST000000,TXN0000743
CUST000000,TXN0000744
CUST000000,TXN0000745
CUST000000,TXN0000746
CUST000005,TXN0000747
CUST000068,TXN0000748
CUST000025,TXN0000749
CUST000001,TXN0000750
CUST000000,TXN0000751
CUST000000,TXN0000752
CUST000000,TXN0000753
CUST000008,TXN0000754
CUST000001,TXN0000755
CUST000000,TXN0000756
CUST000007,TXN0000757
CUST000007,TXN0000758
CUST000000,TXN0000759
CUST000010,TXN0000760
CUST000001,TXN0000761
CUST000000,TXN0000762
CUST000000,TXN0000763
CUST000001,TXN0000764
CUST000000,TXN0000765
CUST000000,TXN0000766
CUST000000,TXN0000767
CUST000003,TXN0000768
CUST000000,TXN0000769
CUST000019,TXN0000770
CUST000000,TXN0000771
CUST000003,TXN0000772
CUST000001,TXN0000773
CUST000000,TXN0000774
CUST000000,TXN0000775
CUST000000,TXN0000776
CUST000000,TXN0000777
CUST000000,TXN0000778
CUST000000,TXN0000779
CUST000000,TXN0000780
CUST000483,TXN0000781
CUST000000,TXN0000782
CUST000000,TXN0000783
CUST000000,TXN0000784
CUST000000,TXN0000785
CUST000000,TXN0000786
CUST000343,TXN0000787
CUST000000,TXN0000788
CUST000006,TXN0000789
CUST000000,TXN0000790
CUST000000,TXN0000791
CUST000000,TXN0000792
CUST000000,TXN0000793
CUST000000,TXN0000794
CUST000001,TXN0000795
CUST000040,TXN0000796
CUST000007,TXN0000797
CUST000000,TXN0000798
CUST000000,TXN0000799
CUST000001,TXN0000800
CUST000000,TXN0000801
CUST000009,TXN0000802
CUST000002,TXN0000803
CUST000002,TXN0000804
CUST000005,TXN0000805
CUST000143,TXN0000806
CUST000073,TXN0000807
CUST000003,TXN0000808
CUST000000,TXN0000809
CUST000004,TXN0000810
CUST000002,TXN0000811
CUST000000,TXN0000812
CUST000035,TXN0000813
CUST000005,TXN0000814
CUST000003,TXN0000815
CUST000000,TXN0000816
CUST000000,TXN0000817
CUST000000,TXN0000818
CUST000023,TXN0000819
CUST000021,TXN0000820
CUST000000,TXN0000821
CUST000000,TXN0000822
CUST000000,TXN0000823
CUST000419,TXN0000824
CUST000000,TXN0000825
CUST000002,TXN0000826
CUST000000,TXN0000827
CUST000001,TXN0000828
CUST000000,TXN0000829
CUST000000,TXN0000830
CUST000000,TXN0000831
CUST000000,TXN0000832
CUST000000,TXN0000833
CUST000000,TXN0000834
CUST000000,TXN0000835
CUST000005,TXN0000836
CUST000006,TXN0000837
CUST000000,TXN0000838
CUST000000,TXN0000839
CUST000000,TXN0000840
CUST000021,TXN0000841
CUST000000,TXN0000842
CUST000001,TXN0000843
CUST000001,TXN0000844
CUST000086,TXN0000845
CUST000018,TXN0000846
CUST000001,TXN0000847
CUST000001,TXN0000848
CUST000011,TXN0000849
CUST000000,TXN0000850
CUST000007,TXN0000851
CUST000002,TXN0000852
CUST000016,TXN0000853
CUST000000,TXN0000854
CUST000000,TXN0000855
CUST000001,TXN0000856
CUST000001,TXN0000857
CUST000002,TXN0000858
CUST000000,TXN0000859
CUST000000,TXN0000860
CUST000001,TXN0000861
CUST000003,TXN0000862
CUST000005,TXN0000863
CUST000001,TXN0000864
CUST000007,TXN0000865
CUST000000,TXN0000866
CUST000000,TXN0000867
CUST000423,TXN0000868
CUST000000,TXN0000869
CUST000001,TXN0000870
CUST000001,TXN0000871
CUST000007,TXN0000872
CUST000323,TXN0000873
CUST000002,TXN0000874
CUST000010,TXN0000875
CUST000000,TXN0000876
CUST000000,TXN0000877
CUST000001,TXN0000878
CUST000000,TXN0000879
CUST000007,TXN0000880
CUST000022,TXN0000881
CUST000000,TXN0000882
CUST000001,TXN0000883
CUST000000,TXN0000884
CUST000003,TXN0000885
CUST000000,TXN0000886
CUST000002,TXN0000887
CUST000000,TXN0000888
CUST000004,TXN0000889
CUST000001,TXN0000890
CUST000008,TXN0000891
CUST000010,TXN0000892
CUST000000,TXN0000893
CUST000000,TXN0000894
CUST000000,TXN0000895
CUST000000,TXN0000896
CUST000000,TXN0000897
CUST000000,TXN0000898
CUST000003,TXN0000899
CUST000000,TXN0000900
CUST000000,TXN0000901
CUST000000,TXN0000902
CUST000001,TXN0000903
CUST000005,TXN0000904
CUST000008,TXN0000905
CUST000000,TXN0000906
CUST000080,TXN0000907
CUST000011,TXN0000908
CUST000000,TXN0000909
CUST000000,TXN0000910
CUST000000,TXN0000911
CUST000499,TXN0000912
CUST000002,TXN0000913
CUST000032,TXN0000914
CUST000002,TXN0000915
CUST000000,TXN0000916
CUST000001,TXN0000917
CUST000002,TXN0000918
CUST000001,TXN0000919
CUST000000,TXN0000920
CUST000002,TXN0000921
CUST000000,TXN0000922
CUST000002,TXN0000923
CUST000144,TXN0000924
CUST000000,TXN0000925
CUST000002,TXN0000926
CUST000000,TXN0000927
CUST000017,TXN0000928
CUST000009,TXN0000929
CUST000000,TXN0000930
CUST000001,TXN0000931
CUST000000,TXN0000932
CUST000000,TXN0000933
CUST000001,TXN0000934
CUST000001,TXN0000935
CUST000001,TXN0000936
CUST000005,TXN0000937
CUST000000,TXN0000938
CUST000040,TXN0000939
CUST000000,TXN0000940
CUST000001,TXN0000941
CUST000000,TXN0000942
CUST000001,TXN0000943
CUST000005,TXN0000944
CUST000000,TXN0000945
CUST000001,TXN0000946
CUST000000,TXN0000947
CUST000000,TXN0000948
CUST000001,TXN0000949
CUST000055,TXN0000950
CUST000000,TXN0000951
CUST000000,TXN0000952
CUST000000,TXN0000953
CUST000001,TXN0000954
CUST000002,TXN0000955
CUST000001,TXN0000956
CUST000000,TXN0000957
CUST000000,TXN0000958
CUST000000,TXN0000959
CUST000001,TXN0000960
CUST000001,TXN0000961
CUST000001,TXN0000962
CUST000009,TXN0000963
CUST000004,TXN0000964
CUST000001,TXN0000965
CUST000000,TXN0000966
CUST000000,TXN0000967
CUST000000,TXN0000968
CUST000000,TXN0000969
CUST000002,TXN0000970
CUST000006,TXN0000971
CUST000001,TXN0000972
CUST000000,TXN0000973
CUST000000,TXN0000974
CUST000005,TXN0000975
CUST000003,TXN0000976
CUST000000,TXN0000977
CUST000000,TXN0000978
CUST000000,TXN0000979
CUST000007,TXN0000980
CUST000000,TXN0000981
CUST000004,TXN0000982
CUST000010,TXN0000983
CUST000002,TXN0000984
CUST000001,TXN0000985
CUST000004,TXN0000986
CUST000000,TXN0000987
CUST000000,TXN0000988
CUST000002,TXN0000989
CUST000000,TXN0000990
CUST000000,TXN0000991
CUST000000,TXN0000992
CUST000001,TXN0000993
CUST000000,TXN0000994
CUST000000,TXN0000995
CUST000005,TXN0000996
CUST000001,TXN0000997
CUST000007,TXN0000998
CUST000005,TXN0000999
CUST000036,TXN0001000
CUST000001,TXN0001001
CUST000049,TXN0001002
CUST000000,TXN0001003
CUST000000,TXN0001004
CUST000002,TXN0001005
CUST000000,TXN0001006
CUST000000,TXN0001007
CUST000001,TXN0001008
CUST000000,TXN0001009
CUST000000,TXN0001010
CUST000000,TXN0001011
CUST000001,TXN0001012
CUST000002,TXN0001013
CUST000007,TXN0001014
CUST000002,TXN0001015
CUST000001,TXN0001016
CUST000019,TXN0001017
CUST000001,TXN0001018
CUST000001,TXN0001019
CUST000001,TXN0001020
CUST000499,TXN0001021
CUST000000,TXN0001022
CUST000000,TXN0001023
CUST000002,TXN0001024
CUST000000,TXN0001025
CUST000499,TXN0001026
CUST000006,TXN0001027
CUST000000,TXN0001028
CUST000000,TXN0001029
CUST000004,TXN0001030
CUST000001,TXN0001031
CUST000002,TXN0001032
CUST000000,TXN0001033
CUST000000,TXN0001034
CUST000001,TXN0001035
CUST000000,TXN0001036
CUST000379,TXN0001037
CUST000001,TXN0001038
CUST000000,TXN0001039
CUST000000,TXN0001040
CUST000000,TXN0001041
CUST000000,TXN0001042
CUST000000,TXN0001043
CUST000001,TXN0001044
CUST000000,TXN0001045
CUST000000,TXN0001046
CUST000017,TXN0001047
CUST000001,TXN0001048
CUST000000,TXN0001049
CUST000005,TXN0001050
CUST000000,TXN0001051
CUST000000,TXN0001052
CUST000000,TXN0001053
CUST000001,TXN0001054
CUST000000,TXN0001055
CUST000000,TXN0001056
CUST000000,TXN0001057
CUST000000,TXN0001058
CUST000000,TXN0001059
CUST000000,TXN0001060
CUST000000,TXN0001061
CUST000046,TXN0001062
CUST000002,TXN0001063
CUST000045,TXN0001064
CUST000000,TXN0001065
CUST000000,TXN0001066
CUST000003,TXN0001067
CUST000000,TXN0001068
CUST000000,TXN0001069
CUST000009,TXN0001070
CUST000002,TXN0001071
CUST000000,TXN0001072
CUST000001,TXN0001073
CUST000002,TXN0001074
CUST000000,TXN0001075
CUST000003,TXN0001076
CUST000001,TXN0001077
CUST000000,TXN0001078
CUST000000,TXN0001079
CUST000002,TXN0001080
CUST000027,TXN0001081
CUST000000,TXN0001082
CUST000000,TXN0001083
CUST000002,TXN0001084
CUST000001,TXN0001085
CUST000000,TXN0001086
CUST000003,TXN0001087
CUST000015,TXN0001088
CUST000000,TXN0001089
CUST000030,TXN0001090
CUST000007,TXN0001091
CUST000000,TXN0001092
CUST000000,TXN0001093
CUST000004,TXN0001094
CUST000052,TXN0001095
CUST000081,TXN0001096
CUST000001,TXN0001097
CUST000000,TXN0001098
CUST000000,TXN0001099
CUST000001,TXN0001100
CUST000001,TXN0001101
CUST000000,TXN0001102
CUST000000,TXN0001103
CUST000000,TXN0001104
CUST000006,TXN0001105
CUST000000,TXN0001106
CUST000001,TXN0001107
CUST000000,TXN0001108
CUST000007,TXN0001109
CUST000000,TXN0001110
CUST000001,TXN0001111
CUST000000,TXN0001112
CUST000250,TXN0001113
CUST000000,TXN0001114
CUST000000,TXN0001115
CUST000000,TXN0001116
CUST000003,TXN0001117
CUST000001,TXN0001118
CUST000001,TXN0001119
CUST000000,TXN0001120
CUST000029,TXN0001121
CUST000015,TXN0001122
CUST000001,TXN0001123
CUST000015,TXN0001124
CUST000000,TXN0001125
CUST000000,TXN0001126
CUST000000,TXN0001127
CUST000000,TXN0001128
CUST000034,TXN0001129
CUST000000,TXN0001130
CUST000000,TXN0001131
CUST000001,TXN0001132
CUST000499,TXN0001133
CUST000000,TXN0001134
CUST000009,TXN0001135
CUST000008,TXN0001136
CUST000000,TXN0001137
CUST000000,TXN0001138
CUST000007,TXN0001139
CUST000002,TXN0001140
CUST000003,TXN0001141
CUST000000,TXN0001142
CUST000000,TXN0001143
CUST000000,TXN0001144
CUST000000,TXN0001145
CUST000000,TXN0001146
CUST000001,TXN0001147
CUST000000,TXN0001148
CUST000036,TXN0001149
CUST000001,TXN0001150
CUST000000,TXN0001151
CUST000000,TXN0001152
CUST000025,TXN0001153
CUST000003,TXN0001154
CUST000499,TXN0001155
CUST000000,TXN0001156
CUST000003,TXN0001157
CUST000014,TXN0001158
CUST000000,TXN0001159
CUST000000,TXN0001160
CUST000000,TXN0001161
CUST000006,TXN0001162
CUST000000,TXN0001163
CUST000000,TXN0001164
CUST000003,TXN0001165
CUST000207,TXN0001166
CUST000000,TXN0001167
CUST000002,TXN0001168
CUST000000,TXN0001169
CUST000001,TXN0001170
CUST000004,TXN0001171
CUST000000,TXN0001172
CUST000001,TXN0001173
CUST000000,TXN0001174
CUST000000,TXN0001175
CUST000000,TXN0001176
CUST000001,TXN0001177
CUST000021,TXN0001178
CUST000000,TXN0001179
CUST000013,TXN0001180
CUST000015,TXN0001181
CUST000000,TXN0001182
CUST000000,TXN0001183
CUST000004,TXN0001184
CUST000000,TXN0001185
CUST000011,TXN0001186
CUST000022,TXN0001187
CUST000000,TXN0001188
CUST000000,TXN0001189
CUST000000,TXN0001190
CUST000000,TXN0001191
CUST000036,TXN0001192
CUST000000,TXN0001193
CUST000001,TXN0001194
CUST000003,TXN0001195
CUST000013,TXN0001196
CUST000045,TXN0001197
CUST000005,TXN0001198
CUST000000,TXN0001199
CUST000006,TXN0001200
CUST000020,TXN0001201
CUST000000,TXN0001202
CUST000001,TXN0001203
CUST000000,TXN0001204
CUST000000,TXN0001205
CUST000002,TXN0001206
CUST000016,TXN0001207
CUST000001,TXN0001208
CUST000008,TXN0001209
CUST000004,TXN0001210
CUST000015,TXN0001211
CUST000001,TXN0001212
CUST000001,TXN0001213
CUST000001,TXN0001214
CUST000001,TXN0001215
CUST000002,TXN0001216
CUST000499,TXN0001217
CUST000000,TXN0001218
CUST000016,TXN0001219
CUST000004,TXN0001220
CUST000000,TXN0001221
CUST000000,TXN0001222
CUST000000,TXN0001223
CUST000002,TXN0001224
CUST000001,TXN0001225
CUST000005,TXN0001226
CUST000079,TXN0001227
CUST000002,TXN0001228
CUST000014,TXN0001229
CUST000000,TXN0001230
CUST000001,TXN0001231
CUST000002,TXN0001232
CUST000001,TXN0001233
CUST000000,TXN0001234
CUST000000,TXN0001235
CUST000006,TXN0001236
CUST000001,TXN0001237
CUST000000,TXN0001238
CUST000001,TXN0001239
CUST000000,TXN0001240
CUST000001,TXN0001241
CUST000000,TXN0001242
CUST000000,TXN0001243
CUST000001,TXN0001244
CUST000001,TXN0001245
CUST000000,TXN0001246
CUST000030,TXN0001247
CUST000000,TXN0001248
CUST000000,TXN0001249
CUST000001,TXN0001250
CUST000001,TXN0001251
CUST000000,TXN0001252
CUST000003,TXN0001253
CUST000000,TXN0001254
CUST000001,TXN0001255
CUST000000,TXN0001256
CUST000000,TXN0001257
CUST000001,TXN0001258
CUST000008,TXN0001259
CUST000000,TXN0001260
CUST000001,TXN0001261
CUST000000,TXN0001262
CUST000018,TXN0001263
CUST000019,TXN0001264
CUST000000,TXN0001265
CUST000001,TXN0001266
CUST000057,TXN0001267
CUST000000,TXN0001268
CUST000000,TXN0001269
CUST000000,TXN0001270
CUST000000,TXN0001271
CUST000003,TXN0001272
CUST000000,TXN0001273
CUST000000,TXN0001274
CUST000006,TXN0001275
CUST000000,TXN0001276
CUST000000,TXN0001277
CUST000004,TXN0001278
CUST000000,TXN0001279
CUST000017,TXN0001280
CUST000499,TXN0001281
CUST000001,TXN0001282
CUST000020,TXN0001283
CUST000001,TXN0001284
CUST000001,TXN0001285
CUST000002,TXN0001286
CUST000001,TXN0001287
CUST000024,TXN0001288
CUST000000,TXN0001289
CUST000000,TXN0001290
CUST000000,TXN0001291
CUST000007,TXN0001292
CUST000005,TXN0001293
CUST000000,TXN0001294
CUST000000,TXN0001295
CUST000001,TXN0001296
CUST000002,TXN0001297
CUST000002,TXN0001298
CUST000002,TXN0001299
CUST000000,TXN0001300
CUST000000,TXN0001301
CUST000032,TXN0001302
CUST000010,TXN0001303
CUST000000,TXN0001304
CUST000043,TXN0001305
CUST000000,TXN0001306
CUST000000,TXN0001307
CUST000001,TXN0001308
CUST000000,TXN0001309
CUST000003,TXN0001310
CUST000000,TXN0001311
CUST000001,TXN0001312
CUST000000,TXN0001313
CUST000001,TXN0001314
CUST000002,TXN0001315
CUST000000,TXN0001316
CUST000000,TXN0001317
CUST000000,TXN0001318
CUST000000,TXN0001319
CUST000000,TXN0001320
CUST000001,TXN0001321
CUST000007,TXN0001322
CUST000037,TXN0001323
CUST000001,TXN0001324
CUST000001,TXN0001325
CUST000037,TXN0001326
CUST000001,TXN0001327
CUST000000,TXN0001328
CUST000000,TXN0001329
CUST000001,TXN0001330
CUST000003,TXN0001331
CUST000000,TXN0001332
CUST000000,TXN0001333
CUST000003,TXN0001334
CUST000000,TXN0001335
CUST000000,TXN0001336
CUST000002,TXN0001337
CUST000000,TXN0001338
CUST000003,TXN0001339
CUST000002,TXN0001340
CUST000000,TXN0001341
CUST000000,TXN0001342
CUST000000,TXN0001343
CUST000000,TXN0001344
CUST000000,TXN0001345
CUST000003,TXN0001346
CUST000000,TXN0001347
CUST000000,TXN0001348
CUST000008,TXN0001349
CUST000000,TXN0001350
CUST000000,TXN0001351
CUST000000,TXN0001352
CUST000000,TXN0001353
CUST000001,TXN0001354
CUST000002,TXN0001355
CUST000001,TXN0001356
CUST000000,TXN0001357
CUST000021,TXN0001358
CUST000000,TXN0001359
CUST000000,TXN0001360
CUST000000,TXN0001361
CUST000000,TXN0001362
CUST000008,TXN0001363
CUST000000,TXN0001364
CUST000000,TXN0001365
CUST000000,TXN0001366
CUST000005,TXN0001367
CUST000001,TXN0001368
CUST000009,TXN0001369
CUST000026,TXN0001370
CUST000000,TXN0001371
CUST000000,TXN0001372
CUST000000,TXN0001373
CUST000000,TXN0001374
CUST000000,TXN0001375
CUST000000,TXN0001376
CUST000014,TXN0001377
CUST000000,TXN0001378
CUST000000,TXN0001379
CUST000002,TXN0001380
CUST000002,TXN0001381
CUST000018,TXN0001382
CUST000000,TXN0001383
CUST000003,TXN0001384
CUST000000,TXN0001385
CUST000000,TXN0001386
CUST000000,TXN0001387
CUST000000,TXN0001388
CUST000006,TXN0001389
CUST000004,TXN0001390
CUST000000,TXN0001391
CUST000000,TXN0001392
CUST000000,TXN0001393
CUST000000,TXN0001394
CUST000000,TXN0001395
CUST000000,TXN0001396
CUST000047,TXN0001397
CUST000000,TXN0001398
CUST000008,TXN0001399
CUST000012,TXN0001400
CUST000000,TXN0001401
CUST000000,TXN0001402
CUST000000,TXN0001403
CUST000000,TXN0001404
CUST000000,TXN0001405
CUST000000,TXN0001406
CUST000021,TXN0001407
CUST000001,TXN0001408
CUST000000,TXN0001409
CUST000000,TXN0001410
CUST000001,TXN0001411
CUST000002,TXN0001412
CUST000000,TXN0001413
CUST000000,TXN0001414
CUST000001,TXN0001415
CUST000067,TXN0001416
CUST000000,TXN0001417
CUST000000,TXN0001418
CUST000006,TXN0001419
CUST000002,TXN0001420
CUST000002,TXN0001421
CUST000003,TXN0001422
CUST000002,TXN0001423
CUST000000,TXN0001424
CUST000020,TXN0001425
CUST000047,TXN0001426
CUST000000,TXN0001427
CUST000001,TXN0001428
CUST000266,TXN0001429
CUST000006,TXN0001430
CUST000002,TXN0001431
CUST000051,TXN0001432
CUST000000,TXN0001433
CUST000001,TXN0001434
CUST000188,TXN0001435
CUST000001,TXN0001436
CUST000001,TXN0001437
CUST000000,TXN0001438
CUST000000,TXN0001439
CUST000001,TXN0001440
CUST000000,TXN0001441
CUST000009,TXN0001442
CUST000000,TXN0001443
CUST000001,TXN0001444
CUST000016,TXN0001445
CUST000006,TXN0001446
CUST000000,TXN0001447
CUST000002,TXN0001448
CUST000000,TXN0001449
CUST000000,TXN0001450
CUST000000,TXN0001451
CUST000037,TXN0001452
CUST000006,TXN0001453
CUST000000,TXN0001454
CUST000001,TXN0001455
CUST000000,TXN0001456
CUST000000,TXN0001457
CUST000000,TXN0001458
CUST000000,TXN0001459
CUST000000,TXN0001460
CUST000000,TXN0001461
CUST000018,TXN0001462
CUST000000,TXN0001463
CUST000007,TXN0001464
CUST000002,TXN0001465
CUST000000,TXN0001466
CUST000000,TXN0001467
CUST000004,TXN0001468
CUST000001,TXN0001469
CUST000003,TXN0001470
CUST000002,TXN0001471
CUST000007,TXN0001472
CUST000000,TXN0001473
CUST000001,TXN0001474
CUST000000,TXN0001475
CUST000050,TXN0001476
CUST000000,TXN0001477
CUST000000,TXN0001478
CUST000001,TXN0001479
CUST000022,TXN0001480
CUST000029,TXN0001481
CUST000029,TXN0001482
CUST000000,TXN0001483
CUST000001,TXN0001484
CUST000061,TXN0001485
CUST000001,TXN0001486
CUST000001,TXN0001487
CUST000000,TXN0001488
CUST000002,TXN0001489
CUST000002,TXN0001490
CUST000000,TXN0001491
CUST000000,TXN0001492
CUST000002,TXN0001493
CUST000002,TXN0001494
CUST000001,TXN0001495
CUST000000,TXN0001496
CUST000499,TXN0001497
CUST000002,TXN0001498
CUST000002,TXN0001499
CUST000001,TXN0001500
CUST000000,TXN0001501
CUST000000,TXN0001502
CUST000003,TXN0001503
CUST000002,TXN0001504
CUST000499,TXN0001505
CUST000004,TXN0001506
CUST000000,TXN0001507
CUST000499,TXN0001508
CUST000050,TXN0001509
CUST000004,TXN0001510
CUST000134,TXN0001511
CUST000001,TXN0001512
CUST000000,TXN0001513
CUST000000,TXN0001514
CUST000015,TXN0001515
CUST000000,TXN0001516
CUST000000,TXN0001517
CUST000000,TXN0001518
CUST000000,TXN0001519
CUST000000,TXN0001520
CUST000005,TXN0001521
CUST000004,TXN0001522
CUST000000,TXN0001523
CUST000001,TXN0001524
CUST000001,TXN0001525
CUST000000,TXN0001526
CUST000002,TXN0001527
CUST000001,TXN0001528
CUST000004,TXN0001529
CUST000000,TXN0001530
CUST000000,TXN0001531
CUST000000,TXN0001532
CUST000005,TXN0001533
CUST000000,TXN0001534
CUST000000,TXN0001535
CUST000004,TXN0001536
CUST000000,TXN0001537
CUST000008,TXN0001538
CUST000000,TXN0001539
CUST000000,TXN0001540
CUST000000,TXN0001541
CUST000009,TXN0001542
CUST000000,TXN0001543
CUST000000,TXN0001544
CUST000000,TXN0001545
CUST000000,TXN0001546
CUST000000,TXN0001547
CUST000001,TXN0001548
CUST000001,TXN0001549
CUST000001,TXN0001550
CUST000003,TXN0001551
CUST000000,TXN0001552
CUST000000,TXN0001553
CUST000000,TXN0001554
CUST000000,TXN0001555
CUST000001,TXN0001556
CUST000000,TXN0001557
CUST000028,TXN0001558
CUST000000,TXN0001559
CUST000000,TXN0001560
CUST000000,TXN0001561
CUST000002,TXN0001562
CUST000000,TXN0001563
CUST000000,TXN0001564
CUST000000,TXN0001565
CUST000002,TXN0001566
CUST000000,TXN0001567
CUST000000,TXN0001568
CUST000000,TXN0001569
CUST000000,TXN0001570
CUST000000,TXN0001571
CUST000015,TXN0001572
CUST000000,TXN0001573
CUST000003,TXN0001574
CUST000001,TXN0001575
CUST000001,TXN0001576
CUST000000,TXN0001577
CUST000000,TXN0001578
CUST000000,TXN0001579
CUST000001,TXN0001580
CUST000018,TXN0001581
CUST000000,TXN0001582
CUST000000,TXN0001583
CUST000000,TXN0001584
CUST000002,TXN0001585
CUST000001,TXN0001586
CUST000000,TXN0001587
CUST000001,TXN0001588
CUST000000,TXN0001589
CUST000000,TXN0001590
CUST000002,TXN0001591
CUST000005,TXN0001592
CUST000003,TXN0001593
CUST000000,TXN0001594
CUST000001,TXN0001595
CUST000000,TXN0001596
CUST000001,TXN0001597
CUST000000,TXN0001598
CUST000009,TXN0001599
CUST000000,TXN0001600
CUST000004,TXN0001601
CUST000001,TXN0001602
CUST000000,TXN0001603
CUST000000,TXN0001604
CUST000028,TXN0001605
CUST000013,TXN0001606
CUST000000,TXN0001607
CUST000000,TXN0001608
CUST000000,TXN0001609
CUST000000,TXN0001610
CUST000000,TXN0001611
CUST000000,TXN0001612
CUST000001,TXN0001613
CUST000005,TXN0001614
CUST000000,TXN0001615
CUST000000,TXN0001616
CUST000010,TXN0001617
CUST000000,TXN0001618
CUST000001,TXN0001619
CUST000000,TXN0001620
CUST000000,TXN0001621
CUST000000,TXN0001622
CUST000125,TXN0001623
CUST000487,TXN0001624
CUST000000,TXN0001625
CUST000001,TXN0001626
CUST000000,TXN0001627
CUST000000,TXN0001628
CUST000000,TXN0001629
CUST000000,TXN0001630
CUST000002,TXN0001631
CUST000000,TXN0001632
CUST000002,TXN0001633
CUST000000,TXN0001634
CUST000019,TXN0001635
CUST000003,TXN0001636
CUST000017,TXN0001637
CUST000005,TXN0001638
CUST000000,TXN0001639
CUST000012,TXN0001640
CUST000002,TXN0001641
CUST000001,TXN0001642
CUST000000,TXN0001643
CUST000000,TXN0001644
CUST000001,TXN0001645
CUST000003,TXN0001646
CUST000000,TXN0001647
CUST000006,TXN0001648
CUST000003,TXN0001649
CUST000499,TXN0001650
CUST000001,TXN0001651
CUST000000,TXN0001652
CUST000000,TXN0001653
CUST000065,TXN0001654
CUST000003,TXN0001655
CUST000000,TXN0001656
CUST000006,TXN0001657
CUST000001,TXN0001658
CUST000499,TXN0001659
CUST000000,TXN0001660
CUST000000,TXN0001661
CUST000000,TXN0001662
CUST000004,TXN0001663
CUST000000,TXN0001664
CUST000000,TXN0001665
CUST000000,TXN0001666
CUST000000,TXN0001667
CUST000003,TXN0001668
CUST000003,TXN0001669
CUST000000,TXN0001670
CUST000001,TXN0001671
CUST000000,TXN0001672
CUST000000,TXN0001673
CUST000000,TXN0001674
CUST000000,TXN0001675
CUST000002,TXN0001676
CUST000000,TXN0001677
CUST000000,TXN0001678
CUST000001,TXN0001679
CUST000001,TXN0001680
CUST000002,TXN0001681
CUST000000,TXN0001682
CUST000001,TXN0001683
CUST000001,TXN0001684
CUST000011,TXN0001685
CUST000000,TXN0001686
CUST000003,TXN0001687
CUST000013,TXN0001688
CUST000065,TXN0001689
CUST000000,TXN0001690
CUST000000,TXN0001691
CUST000017,TXN0001692
CUST000002,TXN0001693
CUST000000,TXN0001694
CUST000006,TXN0001695
CUST000000,TXN0001696
CUST000005,TXN0001697
CUST000002,TXN0001698
CUST000002,TXN0001699
CUST000002,TXN0001700
CUST000000,TXN0001701
CUST000000,TXN0001702
CUST000000,TXN0001703
CUST000000,TXN0001704
CUST000002,TXN0001705
CUST000005,TXN0001706
CUST000007,TXN0001707
CUST000004,TXN0001708
CUST000003,TXN0001709
CUST000014,TXN0001710
CUST000000,TXN0001711
CUST000005,TXN0001712
CUST000002,TXN0001713
CUST000005,TXN0001714
CUST000000,TXN0001715
CUST000000,TXN0001716
CUST000000,TXN0001717
CUST000000,TXN0001718
CUST000008,TXN0001719
CUST000002,TXN0001720
CUST000000,TXN0001721
CUST000001,TXN0001722
CUST000011,TXN0001723
CUST000000,TXN0001724
CUST000013,TXN0001725
CUST000008,TXN0001726
CUST000000,TXN0001727
CUST000004,TXN0001728
CUST000001,TXN0001729
CUST000000,TXN0001730
CUST000000,TXN0001731
CUST000009,TXN0001732
CUST000001,TXN0001733
CUST000006,TXN0001734
CUST000002,TXN0001735
CUST000001,TXN0001736
CUST000001,TXN0001737
CUST000000,TXN0001738
CUST000001,TXN0001739
CUST000000,TXN0001740
CUST000002,TXN0001741
CUST000000,TXN0001742
CUST000000,TXN0001743
CUST000000,TXN0001744
CUST000002,TXN0001745
CUST000005,TXN0001746
CUST000028,TXN0001747
CUST000002,TXN0001748
CUST000000,TXN0001749
CUST000000,TXN0001750
CUST000000,TXN0001751
CUST000001,TXN0001752
CUST000002,TXN0001753
CUST000000,TXN0001754
CUST000002,TXN0001755
CUST000005,TXN0001756
CUST000002,TXN0001757
CUST000000,TXN0001758
CUST000000,TXN0001759
CUST000024,TXN0001760
CUST000004,TXN0001761
CUST000011,TXN0001762
CUST000001,TXN0001763
CUST000000,TXN0001764
CUST000000,TXN0001765
CUST000009,TXN0001766
CUST000000,TXN0001767
CUST000000,TXN0001768
CUST000001,TXN0001769
CUST000000,TXN0001770
CUST000000,TXN0001771
CUST000005,TXN0001772
CUST000002,TXN0001773
CUST000000,TXN0001774
CUST000002,TXN0001775
CUST000000,TXN0001776
CUST000000,TXN0001777
CUST000000,TXN0001778
CUST000001,TXN0001779
CUST000000,TXN0001780
CUST000024,TXN0001781
CUST000056,TXN0001782
CUST000000,TXN0001783
CUST000001,TXN0001784
CUST000003,TXN0001785
CUST000000,TXN0001786
CUST000000,TXN0001787
CUST000003,TXN0001788
CUST000000,TXN0001789
CUST000000,TXN0001790
CUST000000,TXN0001791
CUST000018,TXN0001792
CUST000005,TXN0001793
CUST000000,TXN0001794
CUST000000,TXN0001795
CUST000000,TXN0001796
CUST000092,TXN0001797
CUST000235,TXN0001798
CUST000000,TXN0001799
CUST000001,TXN0001800
CUST000006,TXN0001801
CUST000000,TXN0001802
CUST000000,TXN0001803
CUST000000,TXN0001804
CUST000000,TXN0001805
CUST000008,TXN0001806
CUST000000,TXN0001807
CUST000000,TXN0001808
CUST000000,TXN0001809
CUST000002,TXN0001810
CUST000000,TXN0001811
CUST000001,TXN0001812
CUST000004,TXN0001813
CUST000022,TXN0001814
CUST000001,TXN0001815
CUST000002,TXN0001816
CUST000000,TXN0001817
CUST000000,TXN0001818
CUST000000,TXN0001819
CUST000001,TXN0001820
CUST000008,TXN0001821
CUST000003,TXN0001822
CUST000001,TXN0001823
CUST000000,TXN0001824
CUST000000,TXN0001825
CUST000001,TXN0001826
CUST000000,TXN0001827
CUST000000,TXN0001828
CUST000001,TXN0001829
CUST000002,TXN0001830
CUST000000,TXN0001831
CUST000001,TXN0001832
CUST000005,TXN0001833
CUST000000,TXN0001834
CUST000023,TXN0001835
CUST000009,TXN0001836
CUST000000,TXN0001837
CUST000002,TXN0001838
CUST000002,TXN0001839
CUST000000,TXN0001840
CUST000001,TXN0001841
CUST000000,TXN0001842
CUST000008,TXN0001843
CUST000000,TXN0001844
CUST000106,TXN0001845
CUST000006,TXN0001846
CUST000000,TXN0001847
CUST000003,TXN0001848
CUST000000,TXN0001849
CUST000003,TXN0001850
CUST000000,TXN0001851
CUST000002,TXN0001852
CUST000000,TXN0001853
CUST000000,TXN0001854
CUST000001,TXN0001855
CUST000000,TXN0001856
CUST000007,TXN0001857
CUST000002,TXN0001858
CUST000002,TXN0001859
CUST000002,TXN0001860
CUST000005,TXN0001861
CUST000000,TXN0001862
CUST000001,TXN0001863
CUST000008,TXN0001864
CUST000004,TXN0001865
CUST000002,TXN0001866
CUST000011,TXN0001867
CUST000001,TXN0001868
CUST000000,TXN0001869
CUST000000,TXN0001870
CUST000001,TXN0001871
CUST000001,TXN0001872
CUST000000,TXN0001873
CUST000000,TXN0001874
CUST000000,TXN0001875
CUST000000,TXN0001876
CUST000000,TXN0001877
CUST000000,TXN0001878
CUST000000,TXN0001879
CUST000001,TXN0001880
CUST000000,TXN0001881
CUST000001,TXN0001882
CUST000006,TXN0001883
CUST000003,TXN0001884
CUST000004,TXN0001885
CUST000000,TXN0001886
CUST000002,TXN0001887
CUST000000,TXN0001888
CUST000161,TXN0001889
CUST000001,TXN0001890
CUST000002,TXN0001891
CUST000000,TXN0001892
CUST000000,TXN0001893
CUST000000,TXN0001894
CUST000001,TXN0001895
CUST000000,TXN0001896
CUST000000,TXN0001897
CUST000001,TXN0001898
CUST000000,TXN0001899
CUST000006,TXN0001900
CUST000006,TXN0001901
CUST000025,TXN0001902
CUST000000,TXN0001903
CUST000000,TXN0001904
CUST000001,TXN0001905
CUST000000,TXN0001906
CUST000001,TXN0001907
CUST000000,TXN0001908
CUST000000,TXN0001909
CUST000000,TXN0001910
CUST000003,TXN0001911
CUST000005,TXN0001912
CUST000000,TXN0001913
CUST000002,TXN0001914
CUST000001,TXN0001915
CUST000000,TXN0001916
CUST000011,TXN0001917
CUST000000,TXN0001918
CUST000000,TXN0001919
CUST000002,TXN0001920
CUST000007,TXN0001921
CUST000001,TXN0001922
CUST000001,TXN0001923
CUST000024,TXN0001924
CUST000001,TXN0001925
CUST000002,TXN0001926
CUST000002,TXN0001927
CUST000008,TXN0001928
CUST000005,TXN0001929
CUST000000,TXN0001930
CUST000000,TXN0001931
CUST000000,TXN0001932
CUST000000,TXN0001933
CUST000008,TXN0001934
CUST000001,TXN0001935
CUST000001,TXN0001936
CUST000003,TXN0001937
CUST000003,TXN0001938
CUST000000,TXN0001939
CUST000000,TXN0001940
CUST000002,TXN0001941
CUST000034,TXN0001942
CUST000003,TXN0001943
CUST000000,TXN0001944
CUST000000,TXN0001945
CUST000000,TXN0001946
CUST000000,TXN0001947
CUST000122,TXN0001948
CUST000000,TXN0001949
CUST000000,TXN0001950
CUST000003,TXN0001951
CUST000007,TXN0001952
CUST000000,TXN0001953
CUST000000,TXN0001954
CUST000000,TXN0001955
CUST000000,TXN0001956
CUST000000,TXN0001957
CUST000000,TXN0001958
CUST000000,TXN0001959
CUST000000,TXN0001960
CUST000001,TXN0001961
CUST000001,TXN0001962
CUST000037,TXN0001963
CUST000000,TXN0001964
CUST000000,TXN0001965
CUST000000,TXN0001966
CUST000499,TXN0001967
CUST000002,TXN0001968
CUST000000,TXN0001969
CUST000001,TXN0001970
CUST000001,TXN0001971
CUST000024,TXN0001972
CUST000000,TXN0001973
CUST000000,TXN0001974
CUST000000,TXN0001975
CUST000322,TXN0001976
CUST000002,TXN0001977
CUST000000,TXN0001978
CUST000064,TXN0001979
CUST000000,TXN0001980
CUST000000,TXN0001981
CUST000002,TXN0001982
CUST000001,TXN0001983
CUST000001,TXN0001984
CUST000423,TXN0001985
CUST000007,TXN0001986
CUST000001,TXN0001987
CUST000000,TXN0001988
CUST000000,TXN0001989
CUST000004,TXN0001990
CUST000004,TXN0001991
CUST000017,TXN0001992
CUST000001,TXN0001993
CUST000043,TXN0001994
CUST000037,TXN0001995
CUST000000,TXN0001996
CUST000001,TXN0001997
CUST000000,TXN0001998
CUST000036,TXN0001999
