method_id,method_type,provider,status,expiry_date,masked_identifier
PM000000,Debit Card,Visa,Active,2027-01-30,****-****-****-3604
PM000001,Digital Wallet,Visa,Active,2027-01-08,visa-796787
PM000002,Credit Card,MasterCard,Active,2029-09-26,****-****-****-4836
PM000003,Credit Card,Visa,Active,2027-04-03,****-****-****-2276
PM000004,Credit Card,MasterCard,Active,2030-09-05,****-****-****-6629
PM000005,Bank Transfer,MasterCard,Active,,mastercard-501677
PM000006,Digital Wallet,Visa,Active,2027-03-08,visa-501312
PM000007,Digital Wallet,Visa,Disabled,2028-07-28,visa-656278
PM000008,Debit Card,Visa,Active,2028-04-10,****-****-****-4490
PM000009,Credit Card,MasterCard,Active,,****-****-****-4559
PM000010,Credit Card,American Express,Active,2027-08-01,****-****-****-7291
PM000011,Debit Card,American Express,Active,2030-05-20,****-****-****-2380
PM000012,Debit Card,American Express,Active,2030-03-06,****-****-****-1439
PM000013,Debit Card,Visa,Active,2028-11-24,****-****-****-9348
PM000014,Credit Card,MasterCard,Expired,2029-04-11,****-****-****-4921
PM000015,Credit Card,MasterCard,Active,2027-11-16,****-****-****-9655
PM000016,Credit Card,MasterCard,Active,2030-06-12,****-****-****-7337
PM000017,Debit Card,MasterCard,Active,2027-05-11,****-****-****-8717
PM000018,Digital Wallet,Visa,Active,2026-12-06,visa-141761
PM000019,Bank Transfer,MasterCard,Active,,mastercard-904373
PM000020,Debit Card,Visa,Active,2029-08-28,****-****-****-3501
PM000021,Credit Card,MasterCard,Active,2027-11-09,****-****-****-3545
PM000022,Credit Card,MasterCard,Expired,2029-10-31,****-****-****-2083
PM000023,Debit Card,Google Pay,Active,,****-****-****-5005
PM000024,Debit Card,MasterCard,Active,2030-04-19,****-****-****-6067
PM000025,Debit Card,Visa,Active,2028-11-14,****-****-****-3248
PM000026,Credit Card,Google Pay,Active,2028-04-12,****-****-****-5247
PM000027,Credit Card,American Express,Active,2027-05-11,****-****-****-2934
PM000028,Credit Card,PayPal,Active,2029-08-08,****-****-****-2046
PM000029,Bank Transfer,MasterCard,Active,,mastercard-158132
PM000030,Debit Card,MasterCard,Active,2029-08-13,****-****-****-2685
PM000031,Debit Card,Visa,Active,,****-****-****-1042
PM000032,Digital Wallet,Visa,Active,,visa-257375
PM000033,Bank Transfer,Visa,Expired,,visa-787554
PM000034,Credit Card,MasterCard,Active,2028-12-20,****-****-****-5444
PM000035,Debit Card,Visa,Active,2030-11-24,****-****-****-1862
PM000036,Digital Wallet,Google Pay,Disabled,2027-10-13,google pay-587686
PM000037,Digital Wallet,Visa,Active,,visa-486839
PM000038,Debit Card,Visa,Active,2029-05-08,****-****-****-8600
PM000039,Bank Transfer,Google Pay,Expired,,google pay-673108
PM000040,Credit Card,Visa,Active,2029-02-25,****-****-****-4817
PM000041,Debit Card,MasterCard,Active,,****-****-****-6488
PM000042,Debit Card,PayPal,Active,2027-09-22,****-****-****-2703
PM000043,Bank Transfer,MasterCard,Disabled,,mastercard-249289
PM000044,Credit Card,Apple Pay,Expired,2027-09-04,****-****-****-9515
PM000045,Digital Wallet,MasterCard,Active,,mastercard-629979
PM000046,Digital Wallet,Visa,Active,,visa-237057
PM000047,Credit Card,Visa,Expired,2028-03-04,****-****-****-6345
PM000048,Credit Card,Visa,Active,2029-02-04,****-****-****-2785
PM000049,Credit Card,MasterCard,Active,2030-03-05,****-****-****-9780
PM000050,Digital Wallet,MasterCard,Active,,mastercard-194813
PM000051,Debit Card,PayPal,Active,2029-12-09,****-****-****-1660
PM000052,Digital Wallet,Visa,Active,,visa-515492
PM000053,Debit Card,Visa,Disabled,2030-03-13,****-****-****-1509
PM000054,Digital Wallet,MasterCard,Active,2028-06-29,mastercard-206857
PM000055,Credit Card,Visa,Expired,2028-09-08,****-****-****-4641
PM000056,Digital Wallet,MasterCard,Active,,mastercard-710610
PM000057,Bank Transfer,Visa,Disabled,2027-10-31,visa-777366
PM000058,Credit Card,Apple Pay,Expired,2027-03-01,****-****-****-6432
PM000059,Bank Transfer,Visa,Expired,,visa-859620
PM000060,Credit Card,MasterCard,Active,2027-12-28,****-****-****-4517
PM000061,Credit Card,MasterCard,Active,2029-08-12,****-****-****-5026
PM000062,Debit Card,PayPal,Active,2028-08-18,****-****-****-2437
PM000063,Credit Card,Visa,Expired,2028-11-19,****-****-****-9614
PM000064,Bank Transfer,MasterCard,Active,,mastercard-848023
PM000065,Debit Card,MasterCard,Expired,2028-11-11,****-****-****-9231
PM000066,Credit Card,Visa,Active,2030-06-03,****-****-****-1480
PM000067,Digital Wallet,Visa,Disabled,,visa-904092
PM000068,Credit Card,Visa,Active,2028-06-03,****-****-****-4951
PM000069,Digital Wallet,Apple Pay,Active,,apple pay-330069
PM000070,Bank Transfer,MasterCard,Expired,,mastercard-282150
PM000071,Debit Card,PayPal,Active,2028-05-25,****-****-****-1462
PM000072,Credit Card,MasterCard,Active,2028-07-13,****-****-****-4084
PM000073,Digital Wallet,Google Pay,Active,,google pay-139807
PM000074,Credit Card,Visa,Active,2027-08-25,****-****-****-1011
PM000075,Debit Card,PayPal,Active,2029-01-09,****-****-****-3907
PM000076,Digital Wallet,Visa,Active,,visa-248533
PM000077,Digital Wallet,PayPal,Disabled,,paypal-794303
PM000078,Credit Card,Visa,Active,2030-05-02,****-****-****-3580
PM000079,Debit Card,MasterCard,Active,2029-09-20,****-****-****-6198
PM000080,Bank Transfer,MasterCard,Expired,,mastercard-334081
PM000081,Digital Wallet,MasterCard,Active,2027-07-20,mastercard-286340
PM000082,Bank Transfer,Apple Pay,Active,,apple pay-695048
PM000083,Debit Card,Apple Pay,Disabled,2028-06-26,****-****-****-4619
PM000084,Credit Card,MasterCard,Active,2029-04-18,****-****-****-2274
PM000085,Bank Transfer,Visa,Expired,2027-04-14,visa-843404
PM000086,Debit Card,Visa,Active,2028-04-28,****-****-****-4435
PM000087,Credit Card,Visa,Active,,****-****-****-1020
PM000088,Debit Card,MasterCard,Active,2027-04-24,****-****-****-7783
PM000089,Credit Card,MasterCard,Active,2029-11-19,****-****-****-8855
PM000090,Debit Card,American Express,Active,,****-****-****-8393
PM000091,Digital Wallet,Visa,Active,,visa-177804
PM000092,Digital Wallet,Visa,Active,,visa-197627
PM000093,Bank Transfer,PayPal,Active,,paypal-785386
PM000094,Digital Wallet,Visa,Active,2027-12-17,visa-299212
PM000095,Debit Card,Apple Pay,Active,2030-10-31,****-****-****-5612
PM000096,Credit Card,MasterCard,Active,2030-11-25,****-****-****-9043
PM000097,Credit Card,MasterCard,Active,2027-12-24,****-****-****-8869
PM000098,Credit Card,Visa,Active,2030-02-11,****-****-****-2342
PM000099,Credit Card,American Express,Active,,****-****-****-5341
PM000100,Debit Card,Visa,Expired,2029-10-06,****-****-****-7052
PM000101,Credit Card,MasterCard,Active,2027-11-02,****-****-****-5400
PM000102,Credit Card,MasterCard,Active,2027-04-24,****-****-****-6632
PM000103,Debit Card,American Express,Active,2030-08-01,****-****-****-1999
PM000104,Digital Wallet,MasterCard,Active,,mastercard-597889
PM000105,Credit Card,Visa,Active,2027-10-30,****-****-****-1568
PM000106,Bank Transfer,PayPal,Active,,paypal-226124
PM000107,Debit Card,Apple Pay,Active,2029-06-22,****-****-****-4471
PM000108,Credit Card,MasterCard,Disabled,2030-10-31,****-****-****-8133
PM000109,Digital Wallet,Visa,Active,,visa-862422
PM000110,Credit Card,MasterCard,Active,2027-06-01,****-****-****-6343
PM000111,Debit Card,Apple Pay,Active,2027-10-14,****-****-****-9561
PM000112,Credit Card,Visa,Active,2028-08-14,****-****-****-2641
PM000113,Debit Card,Visa,Active,2029-04-17,****-****-****-9775
PM000114,Digital Wallet,Visa,Active,,visa-596025
PM000115,Credit Card,Visa,Active,,****-****-****-7581
PM000116,Digital Wallet,Visa,Active,,visa-381631
PM000117,Credit Card,PayPal,Active,2030-02-19,****-****-****-5593
PM000118,Digital Wallet,MasterCard,Disabled,2027-05-16,mastercard-415076
PM000119,Debit Card,PayPal,Active,2029-11-01,****-****-****-7828
PM000120,Credit Card,MasterCard,Expired,2028-10-08,****-****-****-7671
PM000121,Digital Wallet,PayPal,Expired,,paypal-266694
PM000122,Debit Card,MasterCard,Expired,2030-06-11,****-****-****-9589
PM000123,Credit Card,Visa,Expired,2030-07-08,****-****-****-1944
PM000124,Debit Card,Apple Pay,Active,2029-08-29,****-****-****-5488
PM000125,Debit Card,MasterCard,Expired,2030-03-15,****-****-****-1500
PM000126,Debit Card,MasterCard,Disabled,2029-12-04,****-****-****-8775
PM000127,Credit Card,Visa,Expired,2029-04-04,****-****-****-2480
PM000128,Credit Card,Visa,Active,2028-04-09,****-****-****-4511
PM000129,Debit Card,MasterCard,Active,2030-11-02,****-****-****-7709
PM000130,Digital Wallet,Google Pay,Active,,google pay-238741
PM000131,Debit Card,Visa,Active,2030-03-27,****-****-****-6004
PM000132,Debit Card,Visa,Expired,2030-04-10,****-****-****-6713
PM000133,Credit Card,Visa,Active,2029-03-02,****-****-****-7506
PM000134,Credit Card,Google Pay,Disabled,2030-08-07,****-****-****-7131
PM000135,Debit Card,Visa,Active,,****-****-****-8892
PM000136,Bank Transfer,MasterCard,Expired,2027-07-28,mastercard-845635
PM000137,Debit Card,Visa,Active,2028-11-12,****-****-****-4937
PM000138,Digital Wallet,PayPal,Active,,paypal-813824
PM000139,Credit Card,MasterCard,Active,2027-05-03,****-****-****-7857
PM000140,Debit Card,MasterCard,Disabled,2030-04-03,****-****-****-4111
PM000141,Debit Card,MasterCard,Active,2030-01-11,****-****-****-8794
PM000142,Debit Card,MasterCard,Expired,2029-04-07,****-****-****-3967
PM000143,Debit Card,American Express,Active,2030-10-10,****-****-****-3999
PM000144,Digital Wallet,MasterCard,Active,2028-03-08,mastercard-422002
PM000145,Digital Wallet,MasterCard,Active,,mastercard-223502
PM000146,Digital Wallet,MasterCard,Expired,2027-05-18,mastercard-303993
PM000147,Digital Wallet,MasterCard,Active,2027-08-08,mastercard-995735
PM000148,Bank Transfer,Visa,Disabled,,visa-579798
PM000149,Digital Wallet,Visa,Active,,visa-285413
PM000150,Credit Card,MasterCard,Active,2027-01-04,****-****-****-3762
PM000151,Credit Card,American Express,Expired,2029-02-11,****-****-****-3120
PM000152,Debit Card,MasterCard,Disabled,,****-****-****-7280
PM000153,Debit Card,American Express,Disabled,2027-05-14,****-****-****-6279
PM000154,Debit Card,Visa,Active,2027-12-24,****-****-****-5076
PM000155,Digital Wallet,Visa,Active,,visa-420984
PM000156,Digital Wallet,Visa,Active,,visa-725339
PM000157,Debit Card,MasterCard,Active,2030-02-13,****-****-****-9031
PM000158,Credit Card,Apple Pay,Expired,,****-****-****-7609
PM000159,Credit Card,Google Pay,Active,2029-05-18,****-****-****-1359
PM000160,Credit Card,MasterCard,Active,2030-09-18,****-****-****-1612
PM000161,Debit Card,American Express,Active,2027-09-23,****-****-****-1785
PM000162,Debit Card,Visa,Active,2027-12-06,****-****-****-7828
PM000163,Credit Card,Visa,Active,2028-09-23,****-****-****-4366
PM000164,Debit Card,Visa,Active,2027-09-02,****-****-****-9524
PM000165,Debit Card,Visa,Expired,2030-07-28,****-****-****-2718
PM000166,Debit Card,Visa,Expired,2027-09-24,****-****-****-9154
PM000167,Credit Card,Visa,Active,2028-02-19,****-****-****-4304
PM000168,Debit Card,Visa,Active,2030-05-25,****-****-****-4402
PM000169,Debit Card,Visa,Active,2028-03-29,****-****-****-2458
PM000170,Digital Wallet,MasterCard,Active,,mastercard-636561
PM000171,Debit Card,Apple Pay,Active,2028-05-19,****-****-****-8483
PM000172,Credit Card,MasterCard,Active,2030-09-09,****-****-****-3862
PM000173,Digital Wallet,MasterCard,Active,,mastercard-221531
PM000174,Digital Wallet,Visa,Expired,,visa-278795
PM000175,Digital Wallet,Google Pay,Active,,google pay-490722
PM000176,Credit Card,MasterCard,Disabled,2029-03-22,****-****-****-5453
PM000177,Debit Card,MasterCard,Active,2028-09-21,****-****-****-3732
PM000178,Debit Card,Visa,Expired,2029-03-03,****-****-****-3611
PM000179,Bank Transfer,MasterCard,Active,,mastercard-741018
PM000180,Credit Card,Visa,Active,2028-06-25,****-****-****-3140
PM000181,Debit Card,PayPal,Active,2030-10-29,****-****-****-2037
PM000182,Credit Card,American Express,Active,2028-11-24,****-****-****-4669
PM000183,Debit Card,Visa,Active,2030-02-25,****-****-****-2560
PM000184,Debit Card,MasterCard,Active,2028-12-01,****-****-****-7305
PM000185,Digital Wallet,PayPal,Active,2027-05-03,paypal-264550
PM000186,Debit Card,MasterCard,Active,2027-09-09,****-****-****-9055
PM000187,Credit Card,Visa,Active,2027-06-21,****-****-****-7203
PM000188,Credit Card,MasterCard,Expired,,****-****-****-8341
PM000189,Debit Card,Visa,Disabled,2030-07-14,****-****-****-1291
PM000190,Debit Card,MasterCard,Active,2030-09-07,****-****-****-2489
PM000191,Bank Transfer,MasterCard,Expired,,mastercard-786393
PM000192,Bank Transfer,MasterCard,Active,2028-07-30,mastercard-576535
PM000193,Digital Wallet,MasterCard,Active,,mastercard-574514
PM000194,Digital Wallet,Visa,Active,,visa-938769
PM000195,Debit Card,American Express,Active,2030-08-06,****-****-****-3689
PM000196,Digital Wallet,American Express,Active,2027-07-10,american express-305438
PM000197,Bank Transfer,MasterCard,Active,,mastercard-851606
PM000198,Digital Wallet,Visa,Active,,visa-229204
PM000199,Debit Card,MasterCard,Disabled,2030-02-08,****-****-****-3205
PM000200,Credit Card,American Express,Active,2030-06-05,****-****-****-8091
PM000201,Debit Card,MasterCard,Expired,2030-08-20,****-****-****-3903
PM000202,Credit Card,PayPal,Active,2027-10-13,****-****-****-6273
PM000203,Credit Card,Google Pay,Expired,2027-05-07,****-****-****-5067
PM000204,Bank Transfer,Google Pay,Active,2028-04-12,google pay-532794
PM000205,Digital Wallet,MasterCard,Expired,,mastercard-429159
PM000206,Bank Transfer,MasterCard,Active,,mastercard-404694
PM000207,Bank Transfer,Visa,Active,,visa-286450
PM000208,Debit Card,Visa,Active,2027-03-07,****-****-****-6771
PM000209,Debit Card,Apple Pay,Active,2028-09-19,****-****-****-9747
PM000210,Digital Wallet,PayPal,Active,,paypal-252386
PM000211,Credit Card,Visa,Expired,2027-02-06,****-****-****-5695
PM000212,Credit Card,Visa,Expired,2029-07-07,****-****-****-4342
PM000213,Credit Card,PayPal,Active,2030-10-17,****-****-****-4675
PM000214,Debit Card,Visa,Expired,2029-12-19,****-****-****-5712
PM000215,Credit Card,MasterCard,Active,2027-06-09,****-****-****-6122
PM000216,Credit Card,American Express,Active,2026-12-31,****-****-****-8259
PM000217,Bank Transfer,American Express,Active,,american express-673167
PM000218,Credit Card,American Express,Active,2029-03-09,****-****-****-8353
PM000219,Debit Card,Visa,Active,2027-12-08,****-****-****-9418
PM000220,Credit Card,Visa,Active,2027-12-23,****-****-****-3636
PM000221,Credit Card,Visa,Active,,****-****-****-3536
PM000222,Bank Transfer,MasterCard,Expired,,mastercard-984096
PM000223,Debit Card,MasterCard,Active,2027-02-15,****-****-****-6207
PM000224,Bank Transfer,MasterCard,Expired,2027-09-19,mastercard-669460
PM000225,Credit Card,Visa,Active,2029-02-27,****-****-****-6437
PM000226,Credit Card,Google Pay,Active,2030-11-04,****-****-****-8780
PM000227,Digital Wallet,Google Pay,Active,,google pay-567315
PM000228,Debit Card,Apple Pay,Active,2027-10-18,****-****-****-1653
PM000229,Credit Card,Apple Pay,Expired,2029-08-02,****-****-****-7322
PM000230,Debit Card,Visa,Active,2028-08-21,****-****-****-7143
PM000231,Debit Card,MasterCard,Active,2030-02-13,****-****-****-4154
PM000232,Credit Card,Visa,Disabled,2030-10-09,****-****-****-9814
PM000233,Debit Card,Visa,Active,2028-12-18,****-****-****-4492
PM000234,Debit Card,Visa,Active,2028-11-28,****-****-****-8130
PM000235,Bank Transfer,American Express,Active,,american express-447828
PM000236,Credit Card,Visa,Active,2028-01-11,****-****-****-2154
PM000237,Credit Card,Visa,Active,2030-12-02,****-****-****-7626
PM000238,Credit Card,MasterCard,Active,2026-12-12,****-****-****-2036
PM000239,Debit Card,American Express,Active,2030-11-18,****-****-****-9238
PM000240,Digital Wallet,Visa,Active,,visa-558936
PM000241,Digital Wallet,Visa,Active,2027-02-01,visa-883028
PM000242,Digital Wallet,MasterCard,Disabled,2027-07-08,mastercard-810189
PM000243,Bank Transfer,PayPal,Active,,paypal-111691
PM000244,Debit Card,Visa,Active,2027-12-02,****-****-****-7456
PM000245,Bank Transfer,Visa,Active,,visa-460554
PM000246,Bank Transfer,PayPal,Active,2027-02-13,paypal-746850
PM000247,Credit Card,Visa,Expired,2029-03-05,****-****-****-1891
PM000248,Bank Transfer,Google Pay,Active,,google pay-404771
PM000249,Credit Card,Visa,Active,2030-05-10,****-****-****-6420
PM000250,Debit Card,Visa,Active,2027-03-26,****-****-****-2143
PM000251,Credit Card,MasterCard,Active,2028-11-29,****-****-****-6008
PM000252,Credit Card,MasterCard,Expired,2028-04-26,****-****-****-8017
PM000253,Credit Card,American Express,Active,2029-12-28,****-****-****-8145
PM000254,Credit Card,MasterCard,Active,2029-09-02,****-****-****-8863
PM000255,Credit Card,Visa,Active,2028-09-08,****-****-****-3879
PM000256,Credit Card,Visa,Expired,2028-09-17,****-****-****-9824
PM000257,Debit Card,MasterCard,Active,2027-04-21,****-****-****-1305
PM000258,Debit Card,PayPal,Active,2029-01-31,****-****-****-4485
PM000259,Debit Card,MasterCard,Disabled,2028-05-07,****-****-****-8734
PM000260,Credit Card,MasterCard,Expired,2030-04-20,****-****-****-5767
PM000261,Debit Card,Visa,Active,2029-12-15,****-****-****-1173
PM000262,Digital Wallet,PayPal,Active,2028-06-10,paypal-639111
PM000263,Credit Card,MasterCard,Active,2027-07-21,****-****-****-3395
PM000264,Debit Card,MasterCard,Active,2030-11-06,****-****-****-8989
PM000265,Credit Card,Visa,Active,2027-09-15,****-****-****-9485
PM000266,Credit Card,MasterCard,Active,,****-****-****-1760
PM000267,Debit Card,Visa,Disabled,2027-12-21,****-****-****-5480
PM000268,Credit Card,MasterCard,Active,2027-09-17,****-****-****-7201
PM000269,Debit Card,PayPal,Active,2027-11-06,****-****-****-7165
PM000270,Credit Card,MasterCard,Expired,2028-01-04,****-****-****-6653
PM000271,Debit Card,MasterCard,Active,2027-02-12,****-****-****-3276
PM000272,Credit Card,MasterCard,Active,2028-01-04,****-****-****-3461
PM000273,Credit Card,American Express,Active,2029-12-08,****-****-****-4773
PM000274,Credit Card,Visa,Active,2028-06-13,****-****-****-8848
PM000275,Credit Card,PayPal,Active,2028-05-26,****-****-****-1706
PM000276,Debit Card,Visa,Active,,****-****-****-3406
PM000277,Credit Card,Visa,Disabled,2026-12-25,****-****-****-1305
PM000278,Debit Card,PayPal,Expired,2027-11-20,****-****-****-4548
PM000279,Bank Transfer,PayPal,Active,,paypal-730025
PM000280,Debit Card,American Express,Active,2030-04-20,****-****-****-9369
PM000281,Debit Card,Visa,Active,2030-07-30,****-****-****-2127
PM000282,Credit Card,Visa,Active,2027-01-10,****-****-****-9263
PM000283,Digital Wallet,MasterCard,Active,,mastercard-728950
PM000284,Digital Wallet,MasterCard,Active,,mastercard-236659
PM000285,Debit Card,Visa,Expired,2029-03-22,****-****-****-8069
PM000286,Credit Card,Visa,Active,2028-09-01,****-****-****-4759
PM000287,Debit Card,American Express,Active,2029-05-29,****-****-****-2600
PM000288,Credit Card,American Express,Expired,2029-01-03,****-****-****-2373
PM000289,Digital Wallet,MasterCard,Active,,mastercard-927769
PM000290,Debit Card,MasterCard,Active,2027-08-11,****-****-****-4365
PM000291,Credit Card,MasterCard,Active,2029-06-11,****-****-****-5155
PM000292,Debit Card,MasterCard,Active,2030-09-18,****-****-****-7511
PM000293,Debit Card,American Express,Active,2027-05-29,****-****-****-7065
PM000294,Debit Card,Google Pay,Active,2027-04-21,****-****-****-7522
PM000295,Digital Wallet,MasterCard,Active,,mastercard-833281
PM000296,Credit Card,MasterCard,Expired,2027-06-14,****-****-****-1852
PM000297,Bank Transfer,Visa,Active,2028-05-23,visa-729402
PM000298,Credit Card,Visa,Active,2027-01-24,****-****-****-1618
PM000299,Bank Transfer,MasterCard,Active,,mastercard-726495
PM000300,Digital Wallet,Visa,Active,2027-04-10,visa-991884
PM000301,Digital Wallet,Visa,Active,,visa-640869
PM000302,Debit Card,MasterCard,Active,2029-02-12,****-****-****-1004
PM000303,Credit Card,Visa,Active,2029-12-16,****-****-****-7474
PM000304,Credit Card,Visa,Active,2029-02-22,****-****-****-2477
PM000305,Debit Card,MasterCard,Active,2029-04-10,****-****-****-6693
PM000306,Credit Card,MasterCard,Active,2029-05-13,****-****-****-7618
PM000307,Credit Card,MasterCard,Active,2029-06-11,****-****-****-2185
PM000308,Credit Card,Visa,Active,2027-03-17,****-****-****-5222
PM000309,Digital Wallet,MasterCard,Active,,mastercard-690525
PM000310,Credit Card,Visa,Expired,2029-09-28,****-****-****-8548
PM000311,Digital Wallet,MasterCard,Active,,mastercard-926965
PM000312,Debit Card,Visa,Active,2030-08-28,****-****-****-6785
PM000313,Credit Card,PayPal,Active,2029-12-13,****-****-****-2523
PM000314,Debit Card,Visa,Active,2028-01-02,****-****-****-3924
PM000315,Credit Card,PayPal,Active,2029-04-17,****-****-****-4115
PM000316,Credit Card,American Express,Expired,2030-10-29,****-****-****-4387
PM000317,Digital Wallet,PayPal,Active,,paypal-225701
PM000318,Debit Card,MasterCard,Active,2027-07-10,****-****-****-9871
PM000319,Digital Wallet,MasterCard,Active,,mastercard-702427
PM000320,Debit Card,Google Pay,Expired,2029-04-10,****-****-****-5591
PM000321,Digital Wallet,Visa,Active,,visa-667036
PM000322,Credit Card,PayPal,Expired,2028-11-22,****-****-****-8490
PM000323,Debit Card,MasterCard,Active,2027-04-17,****-****-****-1193
PM000324,Credit Card,Visa,Active,2027-07-08,****-****-****-5254
PM000325,Credit Card,Visa,Disabled,2029-12-05,****-****-****-6621
PM000326,Debit Card,Visa,Active,2028-03-10,****-****-****-7099
PM000327,Debit Card,MasterCard,Active,2030-11-13,****-****-****-4744
PM000328,Debit Card,PayPal,Active,2029-07-05,****-****-****-7240
PM000329,Digital Wallet,American Express,Active,2027-03-12,american express-541996
PM000330,Bank Transfer,PayPal,Active,,paypal-923481
PM000331,Credit Card,PayPal,Active,2030-01-05,****-****-****-2621
PM000332,Credit Card,PayPal,Active,2029-05-01,****-****-****-2577
PM000333,Credit Card,MasterCard,Active,2027-09-29,****-****-****-5222
PM000334,Debit Card,MasterCard,Active,2030-10-14,****-****-****-4259
PM000335,Debit Card,MasterCard,Disabled,2030-07-27,****-****-****-5663
PM000336,Debit Card,MasterCard,Active,2027-04-13,****-****-****-2284
PM000337,Credit Card,MasterCard,Active,2026-12-22,****-****-****-3745
PM000338,Bank Transfer,MasterCard,Active,,mastercard-174809
PM000339,Credit Card,Visa,Active,2028-05-05,****-****-****-5382
PM000340,Credit Card,PayPal,Expired,2028-07-26,****-****-****-6950
PM000341,Debit Card,MasterCard,Active,2029-03-21,****-****-****-1378
PM000342,Credit Card,Visa,Active,2029-09-05,****-****-****-2311
PM000343,Credit Card,Visa,Expired,2030-11-22,****-****-****-8752
PM000344,Credit Card,MasterCard,Expired,2029-09-22,****-****-****-2363
PM000345,Debit Card,Visa,Expired,2027-08-09,****-****-****-7387
PM000346,Credit Card,Visa,Active,2030-10-03,****-****-****-3150
PM000347,Credit Card,Visa,Active,2029-08-11,****-****-****-6328
PM000348,Debit Card,PayPal,Expired,2028-03-14,****-****-****-9987
PM000349,Bank Transfer,MasterCard,Active,,mastercard-761701
PM000350,Digital Wallet,MasterCard,Active,,mastercard-464032
PM000351,Credit Card,Visa,Active,2027-07-09,****-****-****-7753
PM000352,Credit Card,Visa,Expired,2030-03-24,****-****-****-3233
PM000353,Debit Card,Visa,Expired,2028-05-11,****-****-****-8816
PM000354,Digital Wallet,American Express,Active,,american express-674842
PM000355,Debit Card,MasterCard,Active,2029-10-03,****-****-****-3675
PM000356,Debit Card,PayPal,Active,2029-12-02,****-****-****-2297
PM000357,Credit Card,American Express,Expired,2029-07-21,****-****-****-5454
PM000358,Debit Card,PayPal,Active,2030-11-03,****-****-****-2121
PM000359,Credit Card,MasterCard,Active,2029-12-27,****-****-****-5458
PM000360,Debit Card,Visa,Active,,****-****-****-9764
PM000361,Bank Transfer,Visa,Active,,visa-108602
PM000362,Credit Card,MasterCard,Active,2029-06-09,****-****-****-6104
PM000363,Debit Card,MasterCard,Active,2027-06-29,****-****-****-1519
PM000364,Digital Wallet,Google Pay,Active,,google pay-174852
PM000365,Credit Card,PayPal,Active,2027-08-19,****-****-****-7251
PM000366,Credit Card,American Express,Active,2030-04-02,****-****-****-8257
PM000367,Bank Transfer,Visa,Active,2027-01-07,visa-798359
PM000368,Debit Card,MasterCard,Active,2029-10-10,****-****-****-6293
PM000369,Debit Card,American Express,Active,2028-06-19,****-****-****-3001
PM000370,Debit Card,Visa,Expired,2030-05-25,****-****-****-4568
PM000371,Credit Card,MasterCard,Active,2027-11-09,****-****-****-5523
PM000372,Credit Card,Visa,Disabled,2029-10-02,****-****-****-8786
PM000373,Credit Card,American Express,Active,,****-****-****-9190
PM000374,Debit Card,Apple Pay,Disabled,,****-****-****-1983
PM000375,Debit Card,American Express,Expired,2027-10-10,****-****-****-3061
PM000376,Credit Card,MasterCard,Active,2028-01-13,****-****-****-6690
PM000377,Debit Card,Visa,Active,2028-04-13,****-****-****-6868
PM000378,Credit Card,Visa,Active,2027-12-22,****-****-****-5828
PM000379,Debit Card,MasterCard,Active,2027-05-12,****-****-****-6303
PM000380,Credit Card,PayPal,Expired,,****-****-****-3627
PM000381,Credit Card,Visa,Active,2029-03-27,****-****-****-7014
PM000382,Digital Wallet,MasterCard,Active,,mastercard-749838
PM000383,Digital Wallet,Visa,Active,,visa-665136
PM000384,Credit Card,MasterCard,Expired,2030-06-14,****-****-****-3525
PM000385,Credit Card,MasterCard,Active,2028-06-16,****-****-****-9572
PM000386,Credit Card,Apple Pay,Active,2029-12-27,****-****-****-1512
PM000387,Debit Card,Visa,Active,2030-11-21,****-****-****-7366
PM000388,Debit Card,American Express,Active,2028-01-20,****-****-****-7002
PM000389,Debit Card,Visa,Expired,2029-11-11,****-****-****-9051
PM000390,Digital Wallet,MasterCard,Active,,mastercard-879592
PM000391,Debit Card,MasterCard,Active,2029-07-19,****-****-****-5355
PM000392,Debit Card,PayPal,Active,2028-08-25,****-****-****-4537
PM000393,Credit Card,American Express,Active,2028-01-23,****-****-****-4104
PM000394,Debit Card,MasterCard,Expired,2027-11-25,****-****-****-7802
PM000395,Digital Wallet,MasterCard,Active,,mastercard-547820
PM000396,Credit Card,Visa,Active,2030-02-06,****-****-****-6529
PM000397,Debit Card,MasterCard,Expired,2029-08-21,****-****-****-6163
PM000398,Bank Transfer,PayPal,Active,,paypal-966286
PM000399,Debit Card,MasterCard,Active,2028-08-11,****-****-****-5162
PM000400,Debit Card,Google Pay,Active,2027-11-17,****-****-****-1567
PM000401,Debit Card,MasterCard,Disabled,,****-****-****-5945
PM000402,Bank Transfer,Visa,Active,,visa-823222
PM000403,Bank Transfer,MasterCard,Active,,mastercard-198867
PM000404,Credit Card,Visa,Active,2027-06-15,****-****-****-5093
PM000405,Digital Wallet,Visa,Active,,visa-869933
PM000406,Credit Card,MasterCard,Active,2030-10-17,****-****-****-2562
PM000407,Credit Card,American Express,Active,2028-11-23,****-****-****-2285
PM000408,Bank Transfer,Visa,Expired,,visa-226395
PM000409,Credit Card,MasterCard,Active,2029-09-23,****-****-****-1187
PM000410,Debit Card,Visa,Active,2028-11-13,****-****-****-6231
PM000411,Credit Card,MasterCard,Active,2030-07-30,****-****-****-1827
PM000412,Bank Transfer,Google Pay,Expired,,google pay-194458
PM000413,Credit Card,MasterCard,Active,2029-03-15,****-****-****-2352
PM000414,Debit Card,MasterCard,Active,2030-04-16,****-****-****-7529
PM000415,Digital Wallet,Visa,Active,,visa-611559
PM000416,Debit Card,MasterCard,Disabled,2026-12-20,****-****-****-9589
PM000417,Credit Card,American Express,Active,2027-04-06,****-****-****-2467
PM000418,Debit Card,MasterCard,Active,2028-03-26,****-****-****-6644
PM000419,Credit Card,Visa,Disabled,2028-01-22,****-****-****-8245
PM000420,Debit Card,Apple Pay,Active,2030-03-07,****-****-****-7124
PM000421,Debit Card,Visa,Active,2030-09-22,****-****-****-4982
PM000422,Bank Transfer,PayPal,Expired,2028-08-05,paypal-827497
PM000423,Credit Card,MasterCard,Active,2030-10-27,****-****-****-9814
PM000424,Debit Card,American Express,Active,2028-11-17,****-****-****-3315
PM000425,Debit Card,MasterCard,Expired,,****-****-****-9631
PM000426,Credit Card,Visa,Expired,,****-****-****-5444
PM000427,Debit Card,Visa,Active,2028-03-07,****-****-****-5445
PM000428,Bank Transfer,MasterCard,Active,2028-04-13,mastercard-780956
PM000429,Bank Transfer,MasterCard,Active,,mastercard-608205
PM000430,Debit Card,Visa,Active,2029-02-28,****-****-****-8503
PM000431,Debit Card,Visa,Expired,2029-11-13,****-****-****-5995
PM000432,Credit Card,Visa,Active,2030-03-31,****-****-****-6765
PM000433,Credit Card,Google Pay,Disabled,2027-05-18,****-****-****-5519
PM000434,Debit Card,PayPal,Expired,2029-01-10,****-****-****-1482
PM000435,Bank Transfer,Visa,Active,,visa-243928
PM000436,Credit Card,Google Pay,Active,2029-07-25,****-****-****-4726
PM000437,Debit Card,MasterCard,Active,2029-12-26,****-****-****-6395
PM000438,Credit Card,MasterCard,Active,2030-08-19,****-****-****-4314
PM000439,Credit Card,American Express,Active,2029-10-15,****-****-****-3215
PM000440,Bank Transfer,American Express,Active,,american express-265725
PM000441,Debit Card,Apple Pay,Active,2029-01-19,****-****-****-6203
PM000442,Credit Card,Visa,Active,2030-04-24,****-****-****-7783
PM000443,Credit Card,American Express,Expired,2028-08-12,****-****-****-5485
PM000444,Credit Card,Visa,Active,2027-05-23,****-****-****-5372
PM000445,Debit Card,MasterCard,Active,2028-09-27,****-****-****-1427
PM000446,Debit Card,MasterCard,Active,2030-03-20,****-****-****-8680
PM000447,Credit Card,PayPal,Active,2026-12-13,****-****-****-3253
PM000448,Credit Card,MasterCard,Disabled,2029-12-21,****-****-****-5421
PM000449,Credit Card,MasterCard,Active,,****-****-****-4351
PM000450,Bank Transfer,Google Pay,Expired,,google pay-440677
PM000451,Digital Wallet,MasterCard,Expired,,mastercard-964371
PM000452,Credit Card,MasterCard,Active,2027-06-02,****-****-****-9784
PM000453,Digital Wallet,American Express,Active,,american express-967182
PM000454,Digital Wallet,Visa,Active,,visa-141158
PM000455,Debit Card,MasterCard,Active,2027-08-02,****-****-****-5770
PM000456,Digital Wallet,American Express,Active,2028-04-28,american express-408721
PM000457,Credit Card,MasterCard,Active,,****-****-****-8400
PM000458,Debit Card,Visa,Active,2028-06-04,****-****-****-9952
PM000459,Debit Card,MasterCard,Active,2028-10-11,****-****-****-4308
PM000460,Credit Card,Visa,Active,2028-06-26,****-****-****-3686
PM000461,Credit Card,Visa,Active,,****-****-****-6946
PM000462,Debit Card,American Express,Disabled,2029-06-21,****-****-****-3619
PM000463,Credit Card,American Express,Expired,2028-05-09,****-****-****-3459
PM000464,Credit Card,American Express,Active,2029-07-03,****-****-****-6047
PM000465,Digital Wallet,MasterCard,Active,2027-11-24,mastercard-237962
PM000466,Credit Card,American Express,Active,2028-08-24,****-****-****-9153
PM000467,Debit Card,Visa,Expired,2030-05-27,****-****-****-4897
PM000468,Debit Card,MasterCard,Active,2028-04-13,****-****-****-1107
PM000469,Debit Card,MasterCard,Active,,****-****-****-4401
PM000470,Credit Card,MasterCard,Active,2027-10-16,****-****-****-1531
PM000471,Digital Wallet,Visa,Expired,2027-10-01,visa-537211
PM000472,Credit Card,Visa,Active,2027-10-04,****-****-****-3906
PM000473,Debit Card,MasterCard,Active,2030-01-28,****-****-****-5903
PM000474,Digital Wallet,PayPal,Expired,,paypal-168079
PM000475,Credit Card,MasterCard,Active,2027-04-26,****-****-****-9635
PM000476,Credit Card,Visa,Active,2030-09-06,****-****-****-9666
PM000477,Debit Card,MasterCard,Expired,2028-11-04,****-****-****-5705
PM000478,Digital Wallet,Visa,Active,,visa-236014
PM000479,Debit Card,American Express,Active,2027-01-01,****-****-****-3947
PM000480,Credit Card,Visa,Active,,****-****-****-2936
PM000481,Debit Card,Visa,Expired,2028-08-31,****-****-****-7793
PM000482,Credit Card,MasterCard,Active,2030-10-26,****-****-****-1185
PM000483,Debit Card,Visa,Active,2027-09-28,****-****-****-5919
PM000484,Credit Card,Visa,Active,2030-06-06,****-****-****-6592
PM000485,Debit Card,Google Pay,Expired,2028-11-22,****-****-****-4178
PM000486,Credit Card,MasterCard,Expired,2028-10-31,****-****-****-1582
PM000487,Debit Card,MasterCard,Expired,2029-07-13,****-****-****-9797
PM000488,Debit Card,PayPal,Expired,2029-09-01,****-****-****-1917
PM000489,Credit Card,American Express,Active,,****-****-****-9779
PM000490,Debit Card,Visa,Expired,,****-****-****-6793
PM000491,Credit Card,PayPal,Active,2030-01-23,****-****-****-7147
PM000492,Digital Wallet,MasterCard,Active,,mastercard-920347
PM000493,Debit Card,Visa,Active,,****-****-****-7780
PM000494,Digital Wallet,MasterCard,Expired,,mastercard-650607
PM000495,Credit Card,American Express,Expired,2029-06-09,****-****-****-2517
PM000496,Credit Card,MasterCard,Active,2027-10-07,****-****-****-4116
PM000497,Debit Card,PayPal,Active,2029-05-12,****-****-****-6363
PM000498,Digital Wallet,PayPal,Expired,,paypal-239164
PM000499,Credit Card,MasterCard,Expired,,****-****-****-2897
PM000500,Bank Transfer,MasterCard,Active,2028-01-28,mastercard-589554
PM000501,Credit Card,American Express,Active,2029-01-07,****-****-****-1368
PM000502,Credit Card,PayPal,Active,2028-09-05,****-****-****-4154
PM000503,Debit Card,American Express,Active,2027-04-08,****-****-****-5467
PM000504,Credit Card,Visa,Active,2030-01-30,****-****-****-9422
PM000505,Debit Card,MasterCard,Active,2027-09-15,****-****-****-5641
PM000506,Credit Card,Visa,Expired,2027-09-20,****-****-****-9856
PM000507,Credit Card,MasterCard,Active,2029-10-18,****-****-****-2735
PM000508,Credit Card,MasterCard,Active,2028-05-26,****-****-****-8304
PM000509,Credit Card,PayPal,Active,,****-****-****-9740
PM000510,Bank Transfer,American Express,Active,2027-10-29,american express-941325
PM000511,Debit Card,MasterCard,Active,2027-06-27,****-****-****-8625
PM000512,Bank Transfer,Visa,Expired,2028-08-13,visa-481104
PM000513,Debit Card,MasterCard,Expired,2028-12-27,****-****-****-6320
PM000514,Credit Card,MasterCard,Active,2030-10-09,****-****-****-8556
PM000515,Credit Card,Visa,Active,2027-09-22,****-****-****-9322
PM000516,Digital Wallet,American Express,Active,,american express-930924
PM000517,Debit Card,MasterCard,Active,2027-03-02,****-****-****-4992
PM000518,Bank Transfer,MasterCard,Active,,mastercard-719677
PM000519,Bank Transfer,MasterCard,Active,,mastercard-281493
PM000520,Credit Card,Apple Pay,Active,2027-12-13,****-****-****-8972
PM000521,Debit Card,Visa,Active,2030-01-28,****-****-****-8294
PM000522,Bank Transfer,Visa,Active,,visa-908812
PM000523,Credit Card,MasterCard,Active,2029-08-28,****-****-****-4565
PM000524,Digital Wallet,Apple Pay,Active,2028-02-25,apple pay-253852
PM000525,Debit Card,Visa,Active,2028-12-12,****-****-****-8326
PM000526,Debit Card,Visa,Active,2027-12-11,****-****-****-5989
PM000527,Bank Transfer,American Express,Expired,,american express-711033
PM000528,Bank Transfer,MasterCard,Active,2027-06-13,mastercard-487158
PM000529,Bank Transfer,Visa,Active,,visa-215027
PM000530,Digital Wallet,Visa,Active,,visa-433580
PM000531,Debit Card,MasterCard,Active,2028-01-21,****-****-****-3841
PM000532,Credit Card,MasterCard,Expired,2029-07-31,****-****-****-7835
PM000533,Bank Transfer,MasterCard,Active,2028-07-15,mastercard-116470
PM000534,Digital Wallet,MasterCard,Disabled,2028-09-05,mastercard-243885
PM000535,Debit Card,MasterCard,Expired,2027-01-26,****-****-****-7974
PM000536,Debit Card,MasterCard,Expired,2030-09-21,****-****-****-7303
PM000537,Credit Card,MasterCard,Active,2027-06-18,****-****-****-4878
PM000538,Credit Card,Apple Pay,Active,2030-08-08,****-****-****-1548
PM000539,Debit Card,American Express,Active,2028-07-27,****-****-****-8889
PM000540,Credit Card,American Express,Active,2027-10-16,****-****-****-5578
PM000541,Credit Card,PayPal,Active,2029-06-11,****-****-****-8740
PM000542,Debit Card,MasterCard,Active,2028-08-18,****-****-****-9834
PM000543,Credit Card,Visa,Active,2029-01-13,****-****-****-1176
PM000544,Debit Card,MasterCard,Active,2030-07-06,****-****-****-7897
PM000545,Bank Transfer,Visa,Active,,visa-726667
PM000546,Debit Card,MasterCard,Active,2029-04-08,****-****-****-8752
PM000547,Debit Card,MasterCard,Active,2029-10-16,****-****-****-1447
PM000548,Credit Card,MasterCard,Expired,2027-08-23,****-****-****-5552
PM000549,Debit Card,Visa,Active,2029-04-20,****-****-****-2827
PM000550,Bank Transfer,American Express,Active,,american express-283919
PM000551,Debit Card,MasterCard,Expired,2026-12-13,****-****-****-1542
PM000552,Credit Card,Visa,Expired,2027-10-16,****-****-****-3525
PM000553,Digital Wallet,MasterCard,Active,,mastercard-861265
PM000554,Credit Card,American Express,Active,2027-12-12,****-****-****-5331
PM000555,Credit Card,Visa,Active,2029-04-18,****-****-****-5937
PM000556,Bank Transfer,Apple Pay,Active,,apple pay-509018
PM000557,Credit Card,PayPal,Active,2028-08-03,****-****-****-8353
PM000558,Credit Card,MasterCard,Disabled,2027-12-26,****-****-****-2595
PM000559,Debit Card,Google Pay,Active,2029-03-13,****-****-****-5466
PM000560,Credit Card,Visa,Active,2027-04-03,****-****-****-7408
PM000561,Debit Card,Visa,Active,2030-10-02,****-****-****-4193
PM000562,Debit Card,Google Pay,Active,2028-08-28,****-****-****-1173
PM000563,Digital Wallet,Visa,Active,2028-08-25,visa-567604
PM000564,Debit Card,Visa,Active,,****-****-****-2506
PM000565,Debit Card,PayPal,Active,2030-06-23,****-****-****-2995
PM000566,Credit Card,PayPal,Active,2029-05-21,****-****-****-4027
PM000567,Debit Card,Visa,Active,2029-11-06,****-****-****-2240
PM000568,Bank Transfer,Visa,Active,,visa-907278
PM000569,Credit Card,American Express,Active,2030-10-04,****-****-****-2022
PM000570,Credit Card,Visa,Disabled,2028-08-30,****-****-****-5336
PM000571,Credit Card,Google Pay,Active,2030-02-10,****-****-****-7432
PM000572,Debit Card,Visa,Expired,2027-05-05,****-****-****-4578
PM000573,Credit Card,MasterCard,Active,,****-****-****-1571
PM000574,Debit Card,Visa,Active,2028-04-13,****-****-****-9154
PM000575,Debit Card,Apple Pay,Active,2029-05-14,****-****-****-5365
PM000576,Credit Card,MasterCard,Active,2027-11-29,****-****-****-9039
PM000577,Debit Card,American Express,Expired,2027-07-28,****-****-****-2148
PM000578,Credit Card,Google Pay,Expired,2028-09-17,****-****-****-8898
PM000579,Debit Card,Google Pay,Active,2030-04-06,****-****-****-5961
PM000580,Debit Card,Google Pay,Active,2030-06-12,****-****-****-9759
PM000581,Credit Card,PayPal,Expired,2027-09-24,****-****-****-5750
PM000582,Credit Card,Visa,Active,2027-02-09,****-****-****-4129
PM000583,Credit Card,Visa,Active,,****-****-****-8970
PM000584,Debit Card,American Express,Active,,****-****-****-4163
PM000585,Bank Transfer,Visa,Active,,visa-774661
PM000586,Debit Card,PayPal,Active,,****-****-****-1268
PM000587,Credit Card,American Express,Active,2030-02-27,****-****-****-2936
PM000588,Debit Card,MasterCard,Expired,2028-05-04,****-****-****-9791
PM000589,Debit Card,Apple Pay,Active,2027-11-14,****-****-****-3319
PM000590,Credit Card,Apple Pay,Active,2030-11-24,****-****-****-4976
PM000591,Credit Card,Visa,Active,2027-07-31,****-****-****-6035
PM000592,Credit Card,MasterCard,Expired,2029-09-18,****-****-****-2047
PM000593,Credit Card,MasterCard,Expired,,****-****-****-4613
PM000594,Credit Card,Visa,Expired,2028-09-30,****-****-****-7586
PM000595,Bank Transfer,MasterCard,Active,,mastercard-931627
PM000596,Credit Card,Visa,Active,2027-09-21,****-****-****-5487
PM000597,Debit Card,MasterCard,Active,2028-02-22,****-****-****-8187
PM000598,Debit Card,Visa,Expired,2028-01-09,****-****-****-7162
PM000599,Credit Card,MasterCard,Active,2029-11-10,****-****-****-3939
PM000600,Debit Card,MasterCard,Active,2028-07-20,****-****-****-8798
PM000601,Credit Card,MasterCard,Active,2028-12-05,****-****-****-7750
PM000602,Credit Card,MasterCard,Active,2029-06-20,****-****-****-9190
PM000603,Credit Card,PayPal,Active,,****-****-****-7861
PM000604,Credit Card,Visa,Active,2029-05-12,****-****-****-2567
PM000605,Digital Wallet,Google Pay,Active,,google pay-756895
PM000606,Credit Card,Visa,Expired,2027-12-22,****-****-****-8772
PM000607,Credit Card,Apple Pay,Active,2029-12-24,****-****-****-6966
PM000608,Debit Card,Visa,Expired,,****-****-****-8424
PM000609,Debit Card,Apple Pay,Active,2026-12-31,****-****-****-1476
PM000610,Credit Card,PayPal,Active,2027-03-28,****-****-****-6340
PM000611,Debit Card,PayPal,Active,2030-10-19,****-****-****-2804
PM000612,Credit Card,American Express,Expired,2028-08-29,****-****-****-7152
PM000613,Credit Card,MasterCard,Active,2027-08-16,****-****-****-8141
PM000614,Bank Transfer,MasterCard,Active,2027-02-27,mastercard-854787
PM000615,Credit Card,Visa,Active,2027-03-26,****-****-****-1525
PM000616,Credit Card,Visa,Expired,2028-08-29,****-****-****-8513
PM000617,Digital Wallet,Visa,Active,2028-11-27,visa-933162
PM000618,Debit Card,Visa,Disabled,,****-****-****-4763
PM000619,Digital Wallet,MasterCard,Disabled,,mastercard-977646
PM000620,Credit Card,MasterCard,Expired,2028-11-13,****-****-****-5060
PM000621,Debit Card,PayPal,Active,2027-05-15,****-****-****-3440
PM000622,Digital Wallet,MasterCard,Active,,mastercard-869105
PM000623,Credit Card,MasterCard,Active,2029-08-17,****-****-****-2605
PM000624,Credit Card,MasterCard,Active,2027-06-30,****-****-****-7662
PM000625,Credit Card,Visa,Active,,****-****-****-2486
PM000626,Debit Card,Visa,Active,2030-02-01,****-****-****-1399
PM000627,Debit Card,Visa,Active,2027-07-12,****-****-****-4030
PM000628,Credit Card,MasterCard,Active,2027-03-07,****-****-****-2158
PM000629,Debit Card,MasterCard,Active,2030-04-15,****-****-****-5420
PM000630,Debit Card,MasterCard,Active,2026-12-14,****-****-****-2326
PM000631,Credit Card,Apple Pay,Active,2028-08-16,****-****-****-6963
PM000632,Credit Card,MasterCard,Active,2027-09-02,****-****-****-6989
PM000633,Debit Card,American Express,Active,2030-02-17,****-****-****-4354
PM000634,Credit Card,MasterCard,Active,2027-07-14,****-****-****-4437
PM000635,Digital Wallet,Visa,Expired,,visa-543473
PM000636,Credit Card,Visa,Active,2027-09-10,****-****-****-9629
PM000637,Debit Card,MasterCard,Expired,2027-04-03,****-****-****-5788
PM000638,Credit Card,MasterCard,Active,2028-04-19,****-****-****-2075
PM000639,Digital Wallet,Visa,Active,2027-12-08,visa-180685
PM000640,Credit Card,MasterCard,Active,2030-07-14,****-****-****-4346
PM000641,Debit Card,Visa,Disabled,2028-05-29,****-****-****-9870
PM000642,Debit Card,MasterCard,Active,2027-04-18,****-****-****-1351
PM000643,Credit Card,PayPal,Active,2028-09-06,****-****-****-9513
PM000644,Debit Card,Visa,Active,2028-08-09,****-****-****-6346
PM000645,Debit Card,MasterCard,Active,2029-06-13,****-****-****-8503
PM000646,Credit Card,American Express,Active,2027-05-12,****-****-****-5259
PM000647,Credit Card,Visa,Expired,2028-11-17,****-****-****-3430
PM000648,Debit Card,Visa,Expired,2029-01-14,****-****-****-9770
PM000649,Bank Transfer,PayPal,Active,,paypal-260940
PM000650,Credit Card,Google Pay,Active,2030-08-06,****-****-****-8223
PM000651,Credit Card,MasterCard,Active,2030-06-24,****-****-****-6192
PM000652,Credit Card,MasterCard,Disabled,2030-01-11,****-****-****-9743
PM000653,Bank Transfer,MasterCard,Active,2028-02-21,mastercard-580290
PM000654,Credit Card,Google Pay,Active,2027-09-26,****-****-****-9313
PM000655,Debit Card,MasterCard,Active,2028-01-15,****-****-****-3409
PM000656,Debit Card,Apple Pay,Active,2029-01-22,****-****-****-2840
PM000657,Bank Transfer,Visa,Active,,visa-521139
PM000658,Credit Card,MasterCard,Active,2027-09-04,****-****-****-4197
PM000659,Credit Card,Apple Pay,Active,,****-****-****-1369
PM000660,Digital Wallet,MasterCard,Disabled,,mastercard-513583
PM000661,Credit Card,MasterCard,Expired,2027-05-12,****-****-****-6915
PM000662,Debit Card,MasterCard,Active,2027-07-24,****-****-****-1199
PM000663,Credit Card,Google Pay,Expired,2028-03-18,****-****-****-2435
PM000664,Digital Wallet,American Express,Active,,american express-271746
PM000665,Bank Transfer,MasterCard,Expired,2028-03-16,mastercard-715702
PM000666,Credit Card,Visa,Disabled,2027-12-30,****-****-****-9606
PM000667,Credit Card,Google Pay,Expired,,****-****-****-2449
PM000668,Debit Card,Visa,Active,2027-09-20,****-****-****-8571
PM000669,Digital Wallet,Visa,Active,,visa-680771
PM000670,Digital Wallet,Visa,Active,,visa-875795
PM000671,Credit Card,Visa,Active,2028-09-08,****-****-****-8742
PM000672,Debit Card,Visa,Active,,****-****-****-5009
PM000673,Digital Wallet,MasterCard,Disabled,,mastercard-479332
PM000674,Debit Card,PayPal,Active,2028-12-14,****-****-****-8799
PM000675,Digital Wallet,MasterCard,Active,2027-01-06,mastercard-372144
PM000676,Credit Card,Visa,Expired,2027-12-17,****-****-****-3219
PM000677,Credit Card,MasterCard,Active,,****-****-****-6832
PM000678,Credit Card,MasterCard,Active,2030-08-12,****-****-****-4175
PM000679,Credit Card,Visa,Expired,2030-05-26,****-****-****-9908
PM000680,Credit Card,PayPal,Expired,2027-04-07,****-****-****-5447
PM000681,Debit Card,Visa,Active,,****-****-****-3354
PM000682,Debit Card,MasterCard,Active,2027-09-20,****-****-****-6575
PM000683,Credit Card,Visa,Active,2027-09-01,****-****-****-4087
PM000684,Debit Card,MasterCard,Disabled,2027-10-14,****-****-****-9717
PM000685,Debit Card,PayPal,Active,2028-06-10,****-****-****-2251
PM000686,Credit Card,Visa,Active,2028-01-27,****-****-****-6940
PM000687,Debit Card,Google Pay,Active,2028-04-16,****-****-****-6604
PM000688,Credit Card,American Express,Active,2028-06-02,****-****-****-3108
PM000689,Credit Card,Visa,Active,2027-06-26,****-****-****-3133
PM000690,Debit Card,American Express,Active,2028-08-08,****-****-****-1308
PM000691,Digital Wallet,Visa,Active,,visa-638421
PM000692,Debit Card,Apple Pay,Active,2028-05-19,****-****-****-5942
PM000693,Digital Wallet,American Express,Expired,2027-10-08,american express-309740
PM000694,Credit Card,Visa,Expired,2029-01-06,****-****-****-5544
PM000695,Credit Card,Visa,Active,2027-12-08,****-****-****-4962
PM000696,Credit Card,PayPal,Expired,2029-10-08,****-****-****-9664
PM000697,Credit Card,Visa,Expired,,****-****-****-9800
PM000698,Debit Card,Apple Pay,Expired,2028-01-10,****-****-****-8777
PM000699,Debit Card,MasterCard,Disabled,2028-07-08,****-****-****-3963
