PaymentTransaction,Merchant
TXN0000000,MERC00099
TXN0000001,MERC00001
TXN0000002,MERC00003
TXN0000003,MERC00000
TXN0000004,MERC00001
TXN0000005,MERC00000
TXN0000006,MERC00006
TXN0000007,MERC00000
TXN0000008,MERC00000
TXN0000009,MERC00003
TXN0000010,MERC00035
TXN0000011,MERC00000
TXN0000012,MERC00000
TXN0000013,MERC00005
TXN0000014,MERC00099
TXN0000015,MERC00000
TXN0000016,MERC00003
TXN0000017,MERC00000
TXN0000018,MERC00000
TXN0000019,MERC00000
TXN0000020,MERC00001
TXN0000021,MERC00099
TXN0000022,MERC00005
TXN0000023,MERC00009
TXN0000024,MERC00001
TXN0000025,MERC00000
TXN0000026,MERC00069
TXN0000027,MERC00000
TXN0000028,MERC00000
TXN0000029,MERC00002
TXN0000030,MERC00001
TXN0000031,MERC00002
TXN0000032,MERC00099
TXN0000033,MERC00000
TXN0000034,MERC00035
TXN0000035,MERC00000
TXN0000036,MERC00001
TXN0000037,MERC00000
TXN0000038,MERC00032
TXN0000039,MERC00001
TXN0000040,MERC00001
TXN0000041,MERC00001
TXN0000042,MERC00000
TXN0000043,MERC00000
TXN0000044,MERC00001
TXN0000045,MERC00099
TXN0000046,MERC00001
TXN0000047,MERC00004
TXN0000048,MERC00000
TXN0000049,MERC00005
TXN0000050,MERC00001
TXN0000051,MERC00000
TXN0000052,MERC00095
TXN0000053,MERC00032
TXN0000054,MERC00002
TXN0000055,MERC00002
TXN0000056,MERC00005
TXN0000057,MERC00000
TXN0000058,MERC00000
TXN0000059,MERC00017
TXN0000060,MERC00000
TXN0000061,MERC00004
TXN0000062,MERC00099
TXN0000063,MERC00007
TXN0000064,MERC00001
TXN0000065,MERC00000
TXN0000066,MERC00000
TXN0000067,MERC00003
TXN0000068,MERC00000
TXN0000069,MERC00000
TXN0000070,MERC00000
TXN0000071,MERC00000
TXN0000072,MERC00002
TXN0000073,MERC00099
TXN0000074,MERC00000
TXN0000075,MERC00000
TXN0000076,MERC00000
TXN0000077,MERC00010
TXN0000078,MERC00000
TXN0000079,MERC00000
TXN0000080,MERC00003
TXN0000081,MERC00015
TXN0000082,MERC00000
TXN0000083,MERC00002
TXN0000084,MERC00001
TXN0000085,MERC00099
TXN0000086,MERC00000
TXN0000087,MERC00048
TXN0000088,MERC00031
TXN0000089,MERC00000
TXN0000090,MERC00004
TXN0000091,MERC00004
TXN0000092,MERC00005
TXN0000093,MERC00000
TXN0000094,MERC00000
TXN0000095,MERC00035
TXN0000096,MERC00005
TXN0000097,MERC00001
TXN0000098,MERC00006
TXN0000099,MERC00000
TXN0000100,MERC00000
TXN0000101,MERC00005
TXN0000102,MERC00000
TXN0000103,MERC00004
TXN0000104,MERC00007
TXN0000105,MERC00006
TXN0000106,MERC00002
TXN0000107,MERC00000
TXN0000108,MERC00007
TXN0000109,MERC00000
TXN0000110,MERC00000
TXN0000111,MERC00004
TXN0000112,MERC00000
TXN0000113,MERC00000
TXN0000114,MERC00000
TXN0000115,MERC00001
TXN0000116,MERC00003
TXN0000117,MERC00025
TXN0000118,MERC00024
TXN0000119,MERC00097
TXN0000120,MERC00005
TXN0000121,MERC00001
TXN0000122,MERC00000
TXN0000123,MERC00014
TXN0000124,MERC00032
TXN0000125,MERC00037
TXN0000126,MERC00014
TXN0000127,MERC00038
TXN0000128,MERC00017
TXN0000129,MERC00004
TXN0000130,MERC00000
TXN0000131,MERC00000
TXN0000132,MERC00071
TXN0000133,MERC00003
TXN0000134,MERC00000
TXN0000135,MERC00000
TXN0000136,MERC00016
TXN0000137,MERC00099
TXN0000138,MERC00003
TXN0000139,MERC00099
TXN0000140,MERC00003
TXN0000141,MERC00001
TXN0000142,MERC00007
TXN0000143,MERC00002
TXN0000144,MERC00001
TXN0000145,MERC00000
TXN0000146,MERC00003
TXN0000147,MERC00000
TXN0000148,MERC00035
TXN0000149,MERC00000
TXN0000150,MERC00000
TXN0000151,MERC00028
TXN0000152,MERC00012
TXN0000153,MERC00008
TXN0000154,MERC00000
TXN0000155,MERC00000
TXN0000156,MERC00000
TXN0000157,MERC00002
TXN0000158,MERC00011
TXN0000159,MERC00001
TXN0000160,MERC00019
TXN0000161,MERC00000
TXN0000162,MERC00001
TXN0000163,MERC00000
TXN0000164,MERC00001
TXN0000165,MERC00000
TXN0000166,MERC00006
TXN0000167,MERC00000
TXN0000168,MERC00004
TXN0000169,MERC00099
TXN0000170,MERC00000
TXN0000171,MERC00000
TXN0000172,MERC00002
TXN0000173,MERC00023
TXN0000174,MERC00001
TXN0000175,MERC00000
TXN0000176,MERC00004
TXN0000177,MERC00099
TXN0000178,MERC00000
TXN0000179,MERC00000
TXN0000180,MERC00005
TXN0000181,MERC00005
TXN0000182,MERC00001
TXN0000183,MERC00001
TXN0000184,MERC00006
TXN0000185,MERC00000
TXN0000186,MERC00000
TXN0000187,MERC00002
TXN0000188,MERC00099
TXN0000189,MERC00011
TXN0000190,MERC00000
TXN0000191,MERC00000
TXN0000192,MERC00001
TXN0000193,MERC00000
TXN0000194,MERC00001
TXN0000195,MERC00000
TXN0000196,MERC00017
TXN0000197,MERC00000
TXN0000198,MERC00007
TXN0000199,MERC00000
TXN0000200,MERC00003
TXN0000201,MERC00000
TXN0000202,MERC00000
TXN0000203,MERC00008
TXN0000204,MERC00099
TXN0000205,MERC00000
TXN0000206,MERC00004
TXN0000207,MERC00001
TXN0000208,MERC00000
TXN0000209,MERC00007
TXN0000210,MERC00001
TXN0000211,MERC00000
TXN0000212,MERC00000
TXN0000213,MERC00005
TXN0000214,MERC00011
TXN0000215,MERC00003
TXN0000216,MERC00002
TXN0000217,MERC00001
TXN0000218,MERC00020
TXN0000219,MERC00099
TXN0000220,MERC00078
TXN0000221,MERC00006
TXN0000222,MERC00008
TXN0000223,MERC00000
TXN0000224,MERC00000
TXN0000225,MERC00000
TXN0000226,MERC00001
TXN0000227,MERC00003
TXN0000228,MERC00011
TXN0000229,MERC00001
TXN0000230,MERC00001
TXN0000231,MERC00000
TXN0000232,MERC00000
TXN0000233,MERC00002
TXN0000234,MERC00002
TXN0000235,MERC00099
TXN0000236,MERC00000
TXN0000237,MERC00005
TXN0000238,MERC00011
TXN0000239,MERC00002
TXN0000240,MERC00003
TXN0000241,MERC00000
TXN0000242,MERC00010
TXN0000243,MERC00002
TXN0000244,MERC00004
TXN0000245,MERC00000
TXN0000246,MERC00004
TXN0000247,MERC00081
TXN0000248,MERC00000
TXN0000249,MERC00001
TXN0000250,MERC00000
TXN0000251,MERC00000
TXN0000252,MERC00000
TXN0000253,MERC00002
TXN0000254,MERC00000
TXN0000255,MERC00099
TXN0000256,MERC00000
TXN0000257,MERC00000
TXN0000258,MERC00000
TXN0000259,MERC00000
TXN0000260,MERC00000
TXN0000261,MERC00001
TXN0000262,MERC00003
TXN0000263,MERC00002
TXN0000264,MERC00001
TXN0000265,MERC00000
TXN0000266,MERC00006
TXN0000267,MERC00004
TXN0000268,MERC00000
TXN0000269,MERC00016
TXN0000270,MERC00000
TXN0000271,MERC00013
TXN0000272,MERC00001
TXN0000273,MERC00012
TXN0000274,MERC00002
TXN0000275,MERC00003
TXN0000276,MERC00003
TXN0000277,MERC00001
TXN0000278,MERC00000
TXN0000279,MERC00001
TXN0000280,MERC00006
TXN0000281,MERC00000
TXN0000282,MERC00023
TXN0000283,MERC00004
TXN0000284,MERC00002
TXN0000285,MERC00002
TXN0000286,MERC00001
TXN0000287,MERC00002
TXN0000288,MERC00005
TXN0000289,MERC00000
TXN0000290,MERC00001
TXN0000291,MERC00044
TXN0000292,MERC00000
TXN0000293,MERC00097
TXN0000294,MERC00001
TXN0000295,MERC00000
TXN0000296,MERC00099
TXN0000297,MERC00000
TXN0000298,MERC00053
TXN0000299,MERC00055
TXN0000300,MERC00002
TXN0000301,MERC00001
TXN0000302,MERC00000
TXN0000303,MERC00001
TXN0000304,MERC00014
TXN0000305,MERC00000
TXN0000306,MERC00039
TXN0000307,MERC00000
TXN0000308,MERC00000
TXN0000309,MERC00000
TXN0000310,MERC00032
TXN0000311,MERC00001
TXN0000312,MERC00037
TXN0000313,MERC00000
TXN0000314,MERC00003
TXN0000315,MERC00066
TXN0000316,MERC00001
TXN0000317,MERC00000
TXN0000318,MERC00000
TXN0000319,MERC00000
TXN0000320,MERC00010
TXN0000321,MERC00000
TXN0000322,MERC00000
TXN0000323,MERC00001
TXN0000324,MERC00001
TXN0000325,MERC00000
TXN0000326,MERC00000
TXN0000327,MERC00005
TXN0000328,MERC00000
TXN0000329,MERC00003
TXN0000330,MERC00000
TXN0000331,MERC00002
TXN0000332,MERC00006
TXN0000333,MERC00006
TXN0000334,MERC00001
TXN0000335,MERC00061
TXN0000336,MERC00001
TXN0000337,MERC00000
TXN0000338,MERC00000
TXN0000339,MERC00000
TXN0000340,MERC00000
TXN0000341,MERC00001
TXN0000342,MERC00001
TXN0000343,MERC00000
TXN0000344,MERC00000
TXN0000345,MERC00000
TXN0000346,MERC00001
TXN0000347,MERC00000
TXN0000348,MERC00000
TXN0000349,MERC00004
TXN0000350,MERC00003
TXN0000351,MERC00002
TXN0000352,MERC00003
TXN0000353,MERC00014
TXN0000354,MERC00000
TXN0000355,MERC00005
TXN0000356,MERC00000
TXN0000357,MERC00000
TXN0000358,MERC00000
TXN0000359,MERC00000
TXN0000360,MERC00057
TXN0000361,MERC00000
TXN0000362,MERC00000
TXN0000363,MERC00024
TXN0000364,MERC00002
TXN0000365,MERC00000
TXN0000366,MERC00000
TXN0000367,MERC00000
TXN0000368,MERC00006
TXN0000369,MERC00000
TXN0000370,MERC00052
TXN0000371,MERC00000
TXN0000372,MERC00028
TXN0000373,MERC00007
TXN0000374,MERC00000
TXN0000375,MERC00000
TXN0000376,MERC00001
TXN0000377,MERC00005
TXN0000378,MERC00001
TXN0000379,MERC00001
TXN0000380,MERC00001
TXN0000381,MERC00000
TXN0000382,MERC00045
TXN0000383,MERC00003
TXN0000384,MERC00004
TXN0000385,MERC00006
TXN0000386,MERC00001
TXN0000387,MERC00000
TXN0000388,MERC00000
TXN0000389,MERC00005
TXN0000390,MERC00000
TXN0000391,MERC00070
TXN0000392,MERC00007
TXN0000393,MERC00001
TXN0000394,MERC00010
TXN0000395,MERC00000
TXN0000396,MERC00000
TXN0000397,MERC00000
TXN0000398,MERC00000
TXN0000399,MERC00005
TXN0000400,MERC00000
TXN0000401,MERC00000
TXN0000402,MERC00000
TXN0000403,MERC00000
TXN0000404,MERC00000
TXN0000405,MERC00000
TXN0000406,MERC00000
TXN0000407,MERC00096
TXN0000408,MERC00006
TXN0000409,MERC00001
TXN0000410,MERC00000
TXN0000411,MERC00000
TXN0000412,MERC00003
TXN0000413,MERC00001
TXN0000414,MERC00000
TXN0000415,MERC00000
TXN0000416,MERC00002
TXN0000417,MERC00001
TXN0000418,MERC00000
TXN0000419,MERC00003
TXN0000420,MERC00000
TXN0000421,MERC00000
TXN0000422,MERC00000
TXN0000423,MERC00000
TXN0000424,MERC00004
TXN0000425,MERC00000
TXN0000426,MERC00000
TXN0000427,MERC00000
TXN0000428,MERC00000
TXN0000429,MERC00000
TXN0000430,MERC00000
TXN0000431,MERC00000
TXN0000432,MERC00000
TXN0000433,MERC00007
TXN0000434,MERC00004
TXN0000435,MERC00001
TXN0000436,MERC00002
TXN0000437,MERC00017
TXN0000438,MERC00000
TXN0000439,MERC00002
TXN0000440,MERC00000
TXN0000441,MERC00008
TXN0000442,MERC00000
TXN0000443,MERC00008
TXN0000444,MERC00008
TXN0000445,MERC00002
TXN0000446,MERC00000
TXN0000447,MERC00000
TXN0000448,MERC00008
TXN0000449,MERC00000
TXN0000450,MERC00000
TXN0000451,MERC00000
TXN0000452,MERC00000
TXN0000453,MERC00003
TXN0000454,MERC00000
TXN0000455,MERC00005
TXN0000456,MERC00004
TXN0000457,MERC00000
TXN0000458,MERC00000
TXN0000459,MERC00003
TXN0000460,MERC00025
TXN0000461,MERC00002
TXN0000462,MERC00022
TXN0000463,MERC00003
TXN0000464,MERC00004
TXN0000465,MERC00000
TXN0000466,MERC00099
TXN0000467,MERC00007
TXN0000468,MERC00001
TXN0000469,MERC00016
TXN0000470,MERC00010
TXN0000471,MERC00001
TXN0000472,MERC00090
TXN0000473,MERC00000
TXN0000474,MERC00000
TXN0000475,MERC00000
TXN0000476,MERC00000
TXN0000477,MERC00000
TXN0000478,MERC00032
TXN0000479,MERC00008
TXN0000480,MERC00099
TXN0000481,MERC00001
TXN0000482,MERC00000
TXN0000483,MERC00004
TXN0000484,MERC00002
TXN0000485,MERC00000
TXN0000486,MERC00099
TXN0000487,MERC00005
TXN0000488,MERC00000
TXN0000489,MERC00001
TXN0000490,MERC00000
TXN0000491,MERC00099
TXN0000492,MERC00000
TXN0000493,MERC00016
TXN0000494,MERC00000
TXN0000495,MERC00001
TXN0000496,MERC00001
TXN0000497,MERC00003
TXN0000498,MERC00001
TXN0000499,MERC00000
TXN0000500,MERC00001
TXN0000501,MERC00000
TXN0000502,MERC00004
TXN0000503,MERC00000
TXN0000504,MERC00000
TXN0000505,MERC00000
TXN0000506,MERC00000
TXN0000507,MERC00000
TXN0000508,MERC00000
TXN0000509,MERC00001
TXN0000510,MERC00002
TXN0000511,MERC00003
TXN0000512,MERC00001
TXN0000513,MERC00000
TXN0000514,MERC00000
TXN0000515,MERC00099
TXN0000516,MERC00000
TXN0000517,MERC00000
TXN0000518,MERC00000
TXN0000519,MERC00039
TXN0000520,MERC00000
TXN0000521,MERC00004
TXN0000522,MERC00004
TXN0000523,MERC00000
TXN0000524,MERC00039
TXN0000525,MERC00002
TXN0000526,MERC00003
TXN0000527,MERC00099
TXN0000528,MERC00013
TXN0000529,MERC00037
TXN0000530,MERC00000
TXN0000531,MERC00005
TXN0000532,MERC00000
TXN0000533,MERC00004
TXN0000534,MERC00020
TXN0000535,MERC00000
TXN0000536,MERC00099
TXN0000537,MERC00001
TXN0000538,MERC00000
TXN0000539,MERC00008
TXN0000540,MERC00009
TXN0000541,MERC00001
TXN0000542,MERC00029
TXN0000543,MERC00099
TXN0000544,MERC00018
TXN0000545,MERC00099
TXN0000546,MERC00000
TXN0000547,MERC00099
TXN0000548,MERC00015
TXN0000549,MERC00000
TXN0000550,MERC00001
TXN0000551,MERC00001
TXN0000552,MERC00003
TXN0000553,MERC00000
TXN0000554,MERC00000
TXN0000555,MERC00012
TXN0000556,MERC00099
TXN0000557,MERC00015
TXN0000558,MERC00099
TXN0000559,MERC00014
TXN0000560,MERC00000
TXN0000561,MERC00038
TXN0000562,MERC00099
TXN0000563,MERC00001
TXN0000564,MERC00001
TXN0000565,MERC00000
TXN0000566,MERC00001
TXN0000567,MERC00000
TXN0000568,MERC00000
TXN0000569,MERC00003
TXN0000570,MERC00010
TXN0000571,MERC00000
TXN0000572,MERC00001
TXN0000573,MERC00000
TXN0000574,MERC00008
TXN0000575,MERC00003
TXN0000576,MERC00000
TXN0000577,MERC00002
TXN0000578,MERC00000
TXN0000579,MERC00001
TXN0000580,MERC00000
TXN0000581,MERC00000
TXN0000582,MERC00001
TXN0000583,MERC00010
TXN0000584,MERC00001
TXN0000585,MERC00000
TXN0000586,MERC00000
TXN0000587,MERC00000
TXN0000588,MERC00010
TXN0000589,MERC00002
TXN0000590,MERC00001
TXN0000591,MERC00000
TXN0000592,MERC00000
TXN0000593,MERC00023
TXN0000594,MERC00099
TXN0000595,MERC00000
TXN0000596,MERC00000
TXN0000597,MERC00004
TXN0000598,MERC00019
TXN0000599,MERC00032
TXN0000600,MERC00000
TXN0000601,MERC00000
TXN0000602,MERC00000
TXN0000603,MERC00008
TXN0000604,MERC00007
TXN0000605,MERC00017
TXN0000606,MERC00004
TXN0000607,MERC00003
TXN0000608,MERC00014
TXN0000609,MERC00000
TXN0000610,MERC00000
TXN0000611,MERC00000
TXN0000612,MERC00035
TXN0000613,MERC00099
TXN0000614,MERC00000
TXN0000615,MERC00099
TXN0000616,MERC00000
TXN0000617,MERC00000
TXN0000618,MERC00000
TXN0000619,MERC00000
TXN0000620,MERC00000
TXN0000621,MERC00006
TXN0000622,MERC00000
TXN0000623,MERC00000
TXN0000624,MERC00000
TXN0000625,MERC00001
TXN0000626,MERC00000
TXN0000627,MERC00000
TXN0000628,MERC00000
TXN0000629,MERC00000
TXN0000630,MERC00006
TXN0000631,MERC00002
TXN0000632,MERC00000
TXN0000633,MERC00000
TXN0000634,MERC00014
TXN0000635,MERC00001
TXN0000636,MERC00006
TXN0000637,MERC00099
TXN0000638,MERC00031
TXN0000639,MERC00009
TXN0000640,MERC00000
TXN0000641,MERC00007
TXN0000642,MERC00099
TXN0000643,MERC00002
TXN0000644,MERC00017
TXN0000645,MERC00000
TXN0000646,MERC00001
TXN0000647,MERC00006
TXN0000648,MERC00099
TXN0000649,MERC00099
TXN0000650,MERC00000
TXN0000651,MERC00002
TXN0000652,MERC00003
TXN0000653,MERC00001
TXN0000654,MERC00000
TXN0000655,MERC00000
TXN0000656,MERC00028
TXN0000657,MERC00004
TXN0000658,MERC00009
TXN0000659,MERC00029
TXN0000660,MERC00000
TXN0000661,MERC00000
TXN0000662,MERC00002
TXN0000663,MERC00004
TXN0000664,MERC00001
TXN0000665,MERC00016
TXN0000666,MERC00003
TXN0000667,MERC00014
TXN0000668,MERC00099
TXN0000669,MERC00000
TXN0000670,MERC00011
TXN0000671,MERC00001
TXN0000672,MERC00000
TXN0000673,MERC00015
TXN0000674,MERC00000
TXN0000675,MERC00002
TXN0000676,MERC00000
TXN0000677,MERC00008
TXN0000678,MERC00004
TXN0000679,MERC00000
TXN0000680,MERC00000
TXN0000681,MERC00001
TXN0000682,MERC00014
TXN0000683,MERC00017
TXN0000684,MERC00030
TXN0000685,MERC00000
TXN0000686,MERC00099
TXN0000687,MERC00099
TXN0000688,MERC00099
TXN0000689,MERC00001
TXN0000690,MERC00011
TXN0000691,MERC00015
TXN0000692,MERC00003
TXN0000693,MERC00001
TXN0000694,MERC00037
TXN0000695,MERC00002
TXN0000696,MERC00000
TXN0000697,MERC00000
TXN0000698,MERC00099
TXN0000699,MERC00030
TXN0000700,MERC00002
TXN0000701,MERC00001
TXN0000702,MERC00000
TXN0000703,MERC00004
TXN0000704,MERC00000
TXN0000705,MERC00000
TXN0000706,MERC00006
TXN0000707,MERC00000
TXN0000708,MERC00001
TXN0000709,MERC00099
TXN0000710,MERC00058
TXN0000711,MERC00000
TXN0000712,MERC00031
TXN0000713,MERC00001
TXN0000714,MERC00003
TXN0000715,MERC00000
TXN0000716,MERC00000
TXN0000717,MERC00014
TXN0000718,MERC00016
TXN0000719,MERC00002
TXN0000720,MERC00057
TXN0000721,MERC00011
TXN0000722,MERC00031
TXN0000723,MERC00003
TXN0000724,MERC00008
TXN0000725,MERC00000
TXN0000726,MERC00099
TXN0000727,MERC00089
TXN0000728,MERC00000
TXN0000729,MERC00002
TXN0000730,MERC00008
TXN0000731,MERC00004
TXN0000732,MERC00000
TXN0000733,MERC00007
TXN0000734,MERC00000
TXN0000735,MERC00000
TXN0000736,MERC00059
TXN0000737,MERC00000
TXN0000738,MERC00000
TXN0000739,MERC00000
TXN0000740,MERC00000
TXN0000741,MERC00001
TXN0000742,MERC00029
TXN0000743,MERC00001
TXN0000744,MERC00000
TXN0000745,MERC00001
TXN0000746,MERC00033
TXN0000747,MERC00000
TXN0000748,MERC00021
TXN0000749,MERC00001
TXN0000750,MERC00000
TXN0000751,MERC00000
TXN0000752,MERC00000
TXN0000753,MERC00007
TXN0000754,MERC00000
TXN0000755,MERC00000
TXN0000756,MERC00001
TXN0000757,MERC00000
TXN0000758,MERC00006
TXN0000759,MERC00000
TXN0000760,MERC00002
TXN0000761,MERC00003
TXN0000762,MERC00001
TXN0000763,MERC00003
TXN0000764,MERC00000
TXN0000765,MERC00001
TXN0000766,MERC00030
TXN0000767,MERC00011
TXN0000768,MERC00000
TXN0000769,MERC00001
TXN0000770,MERC00000
TXN0000771,MERC00038
TXN0000772,MERC00056
TXN0000773,MERC00002
TXN0000774,MERC00000
TXN0000775,MERC00002
TXN0000776,MERC00000
TXN0000777,MERC00001
TXN0000778,MERC00000
TXN0000779,MERC00000
TXN0000780,MERC00036
TXN0000781,MERC00000
TXN0000782,MERC00048
TXN0000783,MERC00000
TXN0000784,MERC00005
TXN0000785,MERC00000
TXN0000786,MERC00000
TXN0000787,MERC00077
TXN0000788,MERC00000
TXN0000789,MERC00030
TXN0000790,MERC00010
TXN0000791,MERC00000
TXN0000792,MERC00000
TXN0000793,MERC00000
TXN0000794,MERC00000
TXN0000795,MERC00000
TXN0000796,MERC00000
TXN0000797,MERC00008
TXN0000798,MERC00000
TXN0000799,MERC00000
TXN0000800,MERC00002
TXN0000801,MERC00001
TXN0000802,MERC00004
TXN0000803,MERC00000
TXN0000804,MERC00000
TXN0000805,MERC00003
TXN0000806,MERC00001
TXN0000807,MERC00099
TXN0000808,MERC00000
TXN0000809,MERC00015
TXN0000810,MERC00002
TXN0000811,MERC00000
TXN0000812,MERC00000
TXN0000813,MERC00002
TXN0000814,MERC00018
TXN0000815,MERC00014
TXN0000816,MERC00001
TXN0000817,MERC00000
TXN0000818,MERC00018
TXN0000819,MERC00000
TXN0000820,MERC00006
TXN0000821,MERC00000
TXN0000822,MERC00000
TXN0000823,MERC00003
TXN0000824,MERC00000
TXN0000825,MERC00000
TXN0000826,MERC00010
TXN0000827,MERC00002
TXN0000828,MERC00001
TXN0000829,MERC00005
TXN0000830,MERC00018
TXN0000831,MERC00000
TXN0000832,MERC00099
TXN0000833,MERC00000
TXN0000834,MERC00006
TXN0000835,MERC00065
TXN0000836,MERC00033
TXN0000837,MERC00000
TXN0000838,MERC00000
TXN0000839,MERC00000
TXN0000840,MERC00000
TXN0000841,MERC00001
TXN0000842,MERC00001
TXN0000843,MERC00099
TXN0000844,MERC00012
TXN0000845,MERC00000
TXN0000846,MERC00099
TXN0000847,MERC00000
TXN0000848,MERC00000
TXN0000849,MERC00026
TXN0000850,MERC00001
TXN0000851,MERC00021
TXN0000852,MERC00000
TXN0000853,MERC00002
TXN0000854,MERC00099
TXN0000855,MERC00000
TXN0000856,MERC00006
TXN0000857,MERC00000
TXN0000858,MERC00004
TXN0000859,MERC00073
TXN0000860,MERC00003
TXN0000861,MERC00005
TXN0000862,MERC00061
TXN0000863,MERC00000
TXN0000864,MERC00069
TXN0000865,MERC00000
TXN0000866,MERC00099
TXN0000867,MERC00008
TXN0000868,MERC00007
TXN0000869,MERC00000
TXN0000870,MERC00000
TXN0000871,MERC00000
TXN0000872,MERC00001
TXN0000873,MERC00001
TXN0000874,MERC00001
TXN0000875,MERC00009
TXN0000876,MERC00099
TXN0000877,MERC00000
TXN0000878,MERC00000
TXN0000879,MERC00001
TXN0000880,MERC00000
TXN0000881,MERC00000
TXN0000882,MERC00099
TXN0000883,MERC00002
TXN0000884,MERC00020
TXN0000885,MERC00099
TXN0000886,MERC00000
TXN0000887,MERC00001
TXN0000888,MERC00000
TXN0000889,MERC00014
TXN0000890,MERC00099
TXN0000891,MERC00000
TXN0000892,MERC00017
TXN0000893,MERC00000
TXN0000894,MERC00004
TXN0000895,MERC00099
TXN0000896,MERC00006
TXN0000897,MERC00000
TXN0000898,MERC00004
TXN0000899,MERC00030
TXN0000900,MERC00007
TXN0000901,MERC00000
TXN0000902,MERC00000
TXN0000903,MERC00012
TXN0000904,MERC00012
TXN0000905,MERC00000
TXN0000906,MERC00000
TXN0000907,MERC00003
TXN0000908,MERC00000
TXN0000909,MERC00040
TXN0000910,MERC00000
TXN0000911,MERC00002
TXN0000912,MERC00002
TXN0000913,MERC00099
TXN0000914,MERC00018
TXN0000915,MERC00001
TXN0000916,MERC00000
TXN0000917,MERC00000
TXN0000918,MERC00001
TXN0000919,MERC00002
TXN0000920,MERC00000
TXN0000921,MERC00071
TXN0000922,MERC00000
TXN0000923,MERC00000
TXN0000924,MERC00005
TXN0000925,MERC00000
TXN0000926,MERC00000
TXN0000927,MERC00000
TXN0000928,MERC00003
TXN0000929,MERC00000
TXN0000930,MERC00011
TXN0000931,MERC00000
TXN0000932,MERC00099
TXN0000933,MERC00006
TXN0000934,MERC00010
TXN0000935,MERC00000
TXN0000936,MERC00099
TXN0000937,MERC00008
TXN0000938,MERC00000
TXN0000939,MERC00000
TXN0000940,MERC00002
TXN0000941,MERC00003
TXN0000942,MERC00099
TXN0000943,MERC00041
TXN0000944,MERC00000
TXN0000945,MERC00012
TXN0000946,MERC00015
TXN0000947,MERC00099
TXN0000948,MERC00004
TXN0000949,MERC00000
TXN0000950,MERC00002
TXN0000951,MERC00079
TXN0000952,MERC00018
TXN0000953,MERC00003
TXN0000954,MERC00005
TXN0000955,MERC00000
TXN0000956,MERC00000
TXN0000957,MERC00000
TXN0000958,MERC00008
TXN0000959,MERC00001
TXN0000960,MERC00004
TXN0000961,MERC00004
TXN0000962,MERC00003
TXN0000963,MERC00003
TXN0000964,MERC00000
TXN0000965,MERC00005
TXN0000966,MERC00001
TXN0000967,MERC00021
TXN0000968,MERC00000
TXN0000969,MERC00035
TXN0000970,MERC00000
TXN0000971,MERC00000
TXN0000972,MERC00000
TXN0000973,MERC00003
TXN0000974,MERC00010
TXN0000975,MERC00099
TXN0000976,MERC00001
TXN0000977,MERC00099
TXN0000978,MERC00001
TXN0000979,MERC00000
TXN0000980,MERC00000
TXN0000981,MERC00029
TXN0000982,MERC00000
TXN0000983,MERC00001
TXN0000984,MERC00003
TXN0000985,MERC00004
TXN0000986,MERC00002
TXN0000987,MERC00000
TXN0000988,MERC00009
TXN0000989,MERC00000
TXN0000990,MERC00000
TXN0000991,MERC00000
TXN0000992,MERC00018
TXN0000993,MERC00002
TXN0000994,MERC00001
TXN0000995,MERC00000
TXN0000996,MERC00000
TXN0000997,MERC00000
TXN0000998,MERC00000
TXN0000999,MERC00000
TXN0001000,MERC00021
TXN0001001,MERC00001
TXN0001002,MERC00016
TXN0001003,MERC00028
TXN0001004,MERC00005
TXN0001005,MERC00099
TXN0001006,MERC00039
TXN0001007,MERC00000
TXN0001008,MERC00001
TXN0001009,MERC00000
TXN0001010,MERC00000
TXN0001011,MERC00000
TXN0001012,MERC00000
TXN0001013,MERC00001
TXN0001014,MERC00002
TXN0001015,MERC00003
TXN0001016,MERC00009
TXN0001017,MERC00000
TXN0001018,MERC00000
TXN0001019,MERC00003
TXN0001020,MERC00000
TXN0001021,MERC00099
TXN0001022,MERC00000
TXN0001023,MERC00001
TXN0001024,MERC00000
TXN0001025,MERC00002
TXN0001026,MERC00000
TXN0001027,MERC00001
TXN0001028,MERC00001
TXN0001029,MERC00000
TXN0001030,MERC00003
TXN0001031,MERC00011
TXN0001032,MERC00099
TXN0001033,MERC00000
TXN0001034,MERC00000
TXN0001035,MERC00099
TXN0001036,MERC00002
TXN0001037,MERC00000
TXN0001038,MERC00005
TXN0001039,MERC00037
TXN0001040,MERC00099
TXN0001041,MERC00005
TXN0001042,MERC00099
TXN0001043,MERC00000
TXN0001044,MERC00000
TXN0001045,MERC00003
TXN0001046,MERC00099
TXN0001047,MERC00007
TXN0001048,MERC00009
TXN0001049,MERC00000
TXN0001050,MERC00000
TXN0001051,MERC00003
TXN0001052,MERC00000
TXN0001053,MERC00067
TXN0001054,MERC00013
TXN0001055,MERC00001
TXN0001056,MERC00007
TXN0001057,MERC00002
TXN0001058,MERC00002
TXN0001059,MERC00000
TXN0001060,MERC00005
TXN0001061,MERC00000
TXN0001062,MERC00073
TXN0001063,MERC00000
TXN0001064,MERC00000
TXN0001065,MERC00009
TXN0001066,MERC00000
TXN0001067,MERC00002
TXN0001068,MERC00000
TXN0001069,MERC00000
TXN0001070,MERC00016
TXN0001071,MERC00005
TXN0001072,MERC00001
TXN0001073,MERC00000
TXN0001074,MERC00007
TXN0001075,MERC00000
TXN0001076,MERC00000
TXN0001077,MERC00002
TXN0001078,MERC00008
TXN0001079,MERC00000
TXN0001080,MERC00001
TXN0001081,MERC00000
TXN0001082,MERC00000
TXN0001083,MERC00099
TXN0001084,MERC00009
TXN0001085,MERC00001
TXN0001086,MERC00099
TXN0001087,MERC00009
TXN0001088,MERC00000
TXN0001089,MERC00001
TXN0001090,MERC00001
TXN0001091,MERC00000
TXN0001092,MERC00001
TXN0001093,MERC00000
TXN0001094,MERC00000
TXN0001095,MERC00011
TXN0001096,MERC00000
TXN0001097,MERC00000
TXN0001098,MERC00008
TXN0001099,MERC00003
TXN0001100,MERC00050
TXN0001101,MERC00001
TXN0001102,MERC00000
TXN0001103,MERC00003
TXN0001104,MERC00000
TXN0001105,MERC00003
TXN0001106,MERC00003
TXN0001107,MERC00001
TXN0001108,MERC00000
TXN0001109,MERC00000
TXN0001110,MERC00001
TXN0001111,MERC00000
TXN0001112,MERC00000
TXN0001113,MERC00001
TXN0001114,MERC00000
TXN0001115,MERC00001
TXN0001116,MERC00001
TXN0001117,MERC00005
TXN0001118,MERC00002
TXN0001119,MERC00000
TXN0001120,MERC00000
TXN0001121,MERC00001
TXN0001122,MERC00046
TXN0001123,MERC00001
TXN0001124,MERC00004
TXN0001125,MERC00003
TXN0001126,MERC00021
TXN0001127,MERC00000
TXN0001128,MERC00099
TXN0001129,MERC00099
TXN0001130,MERC00000
TXN0001131,MERC00000
TXN0001132,MERC00000
TXN0001133,MERC00000
TXN0001134,MERC00001
TXN0001135,MERC00013
TXN0001136,MERC00099
TXN0001137,MERC00001
TXN0001138,MERC00000
TXN0001139,MERC00000
TXN0001140,MERC00000
TXN0001141,MERC00074
TXN0001142,MERC00000
TXN0001143,MERC00020
TXN0001144,MERC00002
TXN0001145,MERC00002
TXN0001146,MERC00000
TXN0001147,MERC00002
TXN0001148,MERC00099
TXN0001149,MERC00036
TXN0001150,MERC00000
TXN0001151,MERC00099
TXN0001152,MERC00038
TXN0001153,MERC00001
TXN0001154,MERC00096
TXN0001155,MERC00000
TXN0001156,MERC00000
TXN0001157,MERC00002
TXN0001158,MERC00025
TXN0001159,MERC00099
TXN0001160,MERC00000
TXN0001161,MERC00000
TXN0001162,MERC00002
TXN0001163,MERC00000
TXN0001164,MERC00002
TXN0001165,MERC00000
TXN0001166,MERC00001
TXN0001167,MERC00002
TXN0001168,MERC00000
TXN0001169,MERC00014
TXN0001170,MERC00000
TXN0001171,MERC00011
TXN0001172,MERC00000
TXN0001173,MERC00099
TXN0001174,MERC00028
TXN0001175,MERC00002
TXN0001176,MERC00000
TXN0001177,MERC00009
TXN0001178,MERC00005
TXN0001179,MERC00003
TXN0001180,MERC00099
TXN0001181,MERC00000
TXN0001182,MERC00003
TXN0001183,MERC00000
TXN0001184,MERC00002
TXN0001185,MERC00002
TXN0001186,MERC00000
TXN0001187,MERC00001
TXN0001188,MERC00000
TXN0001189,MERC00051
TXN0001190,MERC00004
TXN0001191,MERC00001
TXN0001192,MERC00002
TXN0001193,MERC00028
TXN0001194,MERC00002
TXN0001195,MERC00010
TXN0001196,MERC00013
TXN0001197,MERC00080
TXN0001198,MERC00001
TXN0001199,MERC00001
TXN0001200,MERC00000
TXN0001201,MERC00093
TXN0001202,MERC00000
TXN0001203,MERC00001
TXN0001204,MERC00001
TXN0001205,MERC00053
TXN0001206,MERC00098
TXN0001207,MERC00000
TXN0001208,MERC00001
TXN0001209,MERC00007
TXN0001210,MERC00001
TXN0001211,MERC00000
TXN0001212,MERC00000
TXN0001213,MERC00099
TXN0001214,MERC00000
TXN0001215,MERC00099
TXN0001216,MERC00046
TXN0001217,MERC00099
TXN0001218,MERC00099
TXN0001219,MERC00099
TXN0001220,MERC00011
TXN0001221,MERC00001
TXN0001222,MERC00099
TXN0001223,MERC00000
TXN0001224,MERC00001
TXN0001225,MERC00001
TXN0001226,MERC00001
TXN0001227,MERC00001
TXN0001228,MERC00007
TXN0001229,MERC00000
TXN0001230,MERC00000
TXN0001231,MERC00002
TXN0001232,MERC00002
TXN0001233,MERC00003
TXN0001234,MERC00099
TXN0001235,MERC00000
TXN0001236,MERC00001
TXN0001237,MERC00000
TXN0001238,MERC00000
TXN0001239,MERC00026
TXN0001240,MERC00010
TXN0001241,MERC00093
TXN0001242,MERC00000
TXN0001243,MERC00001
TXN0001244,MERC00068
TXN0001245,MERC00006
TXN0001246,MERC00000
TXN0001247,MERC00000
TXN0001248,MERC00000
TXN0001249,MERC00000
TXN0001250,MERC00059
TXN0001251,MERC00000
TXN0001252,MERC00002
TXN0001253,MERC00000
TXN0001254,MERC00000
TXN0001255,MERC00019
TXN0001256,MERC00000
TXN0001257,MERC00000
TXN0001258,MERC00000
TXN0001259,MERC00000
TXN0001260,MERC00001
TXN0001261,MERC00000
TXN0001262,MERC00000
TXN0001263,MERC00000
TXN0001264,MERC00000
TXN0001265,MERC00000
TXN0001266,MERC00001
TXN0001267,MERC00000
TXN0001268,MERC00000
TXN0001269,MERC00001
TXN0001270,MERC00000
TXN0001271,MERC00000
TXN0001272,MERC00000
TXN0001273,MERC00002
TXN0001274,MERC00099
TXN0001275,MERC00004
TXN0001276,MERC00099
TXN0001277,MERC00000
TXN0001278,MERC00001
TXN0001279,MERC00000
TXN0001280,MERC00001
TXN0001281,MERC00000
TXN0001282,MERC00000
TXN0001283,MERC00010
TXN0001284,MERC00000
TXN0001285,MERC00013
TXN0001286,MERC00005
TXN0001287,MERC00021
TXN0001288,MERC00006
TXN0001289,MERC00000
TXN0001290,MERC00007
TXN0001291,MERC00013
TXN0001292,MERC00007
TXN0001293,MERC00006
TXN0001294,MERC00099
TXN0001295,MERC00011
TXN0001296,MERC00001
TXN0001297,MERC00000
TXN0001298,MERC00060
TXN0001299,MERC00000
TXN0001300,MERC00002
TXN0001301,MERC00001
TXN0001302,MERC00003
TXN0001303,MERC00001
TXN0001304,MERC00001
TXN0001305,MERC00000
TXN0001306,MERC00024
TXN0001307,MERC00003
TXN0001308,MERC00001
TXN0001309,MERC00019
TXN0001310,MERC00020
TXN0001311,MERC00003
TXN0001312,MERC00000
TXN0001313,MERC00013
TXN0001314,MERC00001
TXN0001315,MERC00088
TXN0001316,MERC00003
TXN0001317,MERC00000
TXN0001318,MERC00000
TXN0001319,MERC00000
TXN0001320,MERC00099
TXN0001321,MERC00000
TXN0001322,MERC00003
TXN0001323,MERC00002
TXN0001324,MERC00000
TXN0001325,MERC00002
TXN0001326,MERC00000
TXN0001327,MERC00031
TXN0001328,MERC00000
TXN0001329,MERC00016
TXN0001330,MERC00010
TXN0001331,MERC00000
TXN0001332,MERC00000
TXN0001333,MERC00000
TXN0001334,MERC00001
TXN0001335,MERC00000
TXN0001336,MERC00099
TXN0001337,MERC00006
TXN0001338,MERC00000
TXN0001339,MERC00010
TXN0001340,MERC00001
TXN0001341,MERC00099
TXN0001342,MERC00001
TXN0001343,MERC00001
TXN0001344,MERC00002
TXN0001345,MERC00000
TXN0001346,MERC00000
TXN0001347,MERC00000
TXN0001348,MERC00000
TXN0001349,MERC00000
TXN0001350,MERC00010
TXN0001351,MERC00000
TXN0001352,MERC00000
TXN0001353,MERC00000
TXN0001354,MERC00000
TXN0001355,MERC00004
TXN0001356,MERC00004
TXN0001357,MERC00003
TXN0001358,MERC00001
TXN0001359,MERC00007
TXN0001360,MERC00015
TXN0001361,MERC00016
TXN0001362,MERC00082
TXN0001363,MERC00049
TXN0001364,MERC00000
TXN0001365,MERC00007
TXN0001366,MERC00002
TXN0001367,MERC00013
TXN0001368,MERC00003
TXN0001369,MERC00008
TXN0001370,MERC00006
TXN0001371,MERC00002
TXN0001372,MERC00000
TXN0001373,MERC00000
TXN0001374,MERC00000
TXN0001375,MERC00099
TXN0001376,MERC00000
TXN0001377,MERC00000
TXN0001378,MERC00010
TXN0001379,MERC00045
TXN0001380,MERC00099
TXN0001381,MERC00000
TXN0001382,MERC00000
TXN0001383,MERC00000
TXN0001384,MERC00000
TXN0001385,MERC00006
TXN0001386,MERC00024
TXN0001387,MERC00000
TXN0001388,MERC00001
TXN0001389,MERC00000
TXN0001390,MERC00008
TXN0001391,MERC00091
TXN0001392,MERC00038
TXN0001393,MERC00008
TXN0001394,MERC00007
TXN0001395,MERC00002
TXN0001396,MERC00000
TXN0001397,MERC00053
TXN0001398,MERC00000
TXN0001399,MERC00007
TXN0001400,MERC00000
TXN0001401,MERC00029
TXN0001402,MERC00001
TXN0001403,MERC00000
TXN0001404,MERC00000
TXN0001405,MERC00000
TXN0001406,MERC00010
TXN0001407,MERC00001
TXN0001408,MERC00029
TXN0001409,MERC00006
TXN0001410,MERC00000
TXN0001411,MERC00002
TXN0001412,MERC00004
TXN0001413,MERC00003
TXN0001414,MERC00000
TXN0001415,MERC00000
TXN0001416,MERC00001
TXN0001417,MERC00000
TXN0001418,MERC00007
TXN0001419,MERC00000
TXN0001420,MERC00002
TXN0001421,MERC00029
TXN0001422,MERC00001
TXN0001423,MERC00000
TXN0001424,MERC00005
TXN0001425,MERC00000
TXN0001426,MERC00000
TXN0001427,MERC00000
TXN0001428,MERC00004
TXN0001429,MERC00099
TXN0001430,MERC00000
TXN0001431,MERC00034
TXN0001432,MERC00099
TXN0001433,MERC00000
TXN0001434,MERC00000
TXN0001435,MERC00001
TXN0001436,MERC00003
TXN0001437,MERC00002
TXN0001438,MERC00001
TXN0001439,MERC00099
TXN0001440,MERC00000
TXN0001441,MERC00000
TXN0001442,MERC00000
TXN0001443,MERC00007
TXN0001444,MERC00059
TXN0001445,MERC00001
TXN0001446,MERC00006
TXN0001447,MERC00008
TXN0001448,MERC00001
TXN0001449,MERC00001
TXN0001450,MERC00002
TXN0001451,MERC00001
TXN0001452,MERC00029
TXN0001453,MERC00099
TXN0001454,MERC00079
TXN0001455,MERC00000
TXN0001456,MERC00099
TXN0001457,MERC00000
TXN0001458,MERC00000
TXN0001459,MERC00003
TXN0001460,MERC00000
TXN0001461,MERC00099
TXN0001462,MERC00000
TXN0001463,MERC00005
TXN0001464,MERC00003
TXN0001465,MERC00008
TXN0001466,MERC00001
TXN0001467,MERC00008
TXN0001468,MERC00000
TXN0001469,MERC00000
TXN0001470,MERC00007
TXN0001471,MERC00000
TXN0001472,MERC00000
TXN0001473,MERC00000
TXN0001474,MERC00000
TXN0001475,MERC00000
TXN0001476,MERC00013
TXN0001477,MERC00001
TXN0001478,MERC00002
TXN0001479,MERC00000
TXN0001480,MERC00000
TXN0001481,MERC00005
TXN0001482,MERC00004
TXN0001483,MERC00099
TXN0001484,MERC00000
TXN0001485,MERC00007
TXN0001486,MERC00000
TXN0001487,MERC00000
TXN0001488,MERC00000
TXN0001489,MERC00000
TXN0001490,MERC00013
TXN0001491,MERC00000
TXN0001492,MERC00004
TXN0001493,MERC00000
TXN0001494,MERC00000
TXN0001495,MERC00009
TXN0001496,MERC00001
TXN0001497,MERC00000
TXN0001498,MERC00000
TXN0001499,MERC00002
TXN0001500,MERC00012
TXN0001501,MERC00045
TXN0001502,MERC00001
TXN0001503,MERC00005
TXN0001504,MERC00002
TXN0001505,MERC00000
TXN0001506,MERC00009
TXN0001507,MERC00000
TXN0001508,MERC00014
TXN0001509,MERC00015
TXN0001510,MERC00000
TXN0001511,MERC00013
TXN0001512,MERC00099
TXN0001513,MERC00000
TXN0001514,MERC00000
TXN0001515,MERC00002
TXN0001516,MERC00000
TXN0001517,MERC00005
TXN0001518,MERC00099
TXN0001519,MERC00000
TXN0001520,MERC00003
TXN0001521,MERC00010
TXN0001522,MERC00009
TXN0001523,MERC00009
TXN0001524,MERC00099
TXN0001525,MERC00099
TXN0001526,MERC00008
TXN0001527,MERC00024
TXN0001528,MERC00030
TXN0001529,MERC00000
TXN0001530,MERC00000
TXN0001531,MERC00099
TXN0001532,MERC00099
TXN0001533,MERC00003
TXN0001534,MERC00007
TXN0001535,MERC00038
TXN0001536,MERC00006
TXN0001537,MERC00006
TXN0001538,MERC00000
TXN0001539,MERC00099
TXN0001540,MERC00001
TXN0001541,MERC00099
TXN0001542,MERC00000
TXN0001543,MERC00004
TXN0001544,MERC00000
TXN0001545,MERC00017
TXN0001546,MERC00016
TXN0001547,MERC00000
TXN0001548,MERC00008
TXN0001549,MERC00000
TXN0001550,MERC00000
TXN0001551,MERC00012
TXN0001552,MERC00035
TXN0001553,MERC00001
TXN0001554,MERC00010
TXN0001555,MERC00000
TXN0001556,MERC00000
TXN0001557,MERC00000
TXN0001558,MERC00003
TXN0001559,MERC00000
TXN0001560,MERC00003
TXN0001561,MERC00000
TXN0001562,MERC00000
TXN0001563,MERC00007
TXN0001564,MERC00000
TXN0001565,MERC00010
TXN0001566,MERC00054
TXN0001567,MERC00000
TXN0001568,MERC00003
TXN0001569,MERC00001
TXN0001570,MERC00007
TXN0001571,MERC00006
TXN0001572,MERC00001
TXN0001573,MERC00000
TXN0001574,MERC00004
TXN0001575,MERC00000
TXN0001576,MERC00006
TXN0001577,MERC00011
TXN0001578,MERC00003
TXN0001579,MERC00008
TXN0001580,MERC00000
TXN0001581,MERC00003
TXN0001582,MERC00009
TXN0001583,MERC00000
TXN0001584,MERC00000
TXN0001585,MERC00001
TXN0001586,MERC00000
TXN0001587,MERC00005
TXN0001588,MERC00000
TXN0001589,MERC00000
TXN0001590,MERC00099
TXN0001591,MERC00000
TXN0001592,MERC00000
TXN0001593,MERC00000
TXN0001594,MERC00017
TXN0001595,MERC00000
TXN0001596,MERC00000
TXN0001597,MERC00002
TXN0001598,MERC00018
TXN0001599,MERC00000
TXN0001600,MERC00001
TXN0001601,MERC00099
TXN0001602,MERC00003
TXN0001603,MERC00099
TXN0001604,MERC00000
TXN0001605,MERC00000
TXN0001606,MERC00028
TXN0001607,MERC00000
TXN0001608,MERC00053
TXN0001609,MERC00010
TXN0001610,MERC00001
TXN0001611,MERC00000
TXN0001612,MERC00008
TXN0001613,MERC00000
TXN0001614,MERC00000
TXN0001615,MERC00000
TXN0001616,MERC00099
TXN0001617,MERC00017
TXN0001618,MERC00000
TXN0001619,MERC00004
TXN0001620,MERC00004
TXN0001621,MERC00000
TXN0001622,MERC00003
TXN0001623,MERC00002
TXN0001624,MERC00003
TXN0001625,MERC00001
TXN0001626,MERC00007
TXN0001627,MERC00002
TXN0001628,MERC00002
TXN0001629,MERC00000
TXN0001630,MERC00011
TXN0001631,MERC00000
TXN0001632,MERC00008
TXN0001633,MERC00000
TXN0001634,MERC00000
TXN0001635,MERC00000
TXN0001636,MERC00004
TXN0001637,MERC00000
TXN0001638,MERC00099
TXN0001639,MERC00000
TXN0001640,MERC00000
TXN0001641,MERC00007
TXN0001642,MERC00000
TXN0001643,MERC00001
TXN0001644,MERC00009
TXN0001645,MERC00015
TXN0001646,MERC00000
TXN0001647,MERC00000
TXN0001648,MERC00099
TXN0001649,MERC00000
TXN0001650,MERC00004
TXN0001651,MERC00000
TXN0001652,MERC00000
TXN0001653,MERC00003
TXN0001654,MERC00000
TXN0001655,MERC00002
TXN0001656,MERC00005
TXN0001657,MERC00000
TXN0001658,MERC00000
TXN0001659,MERC00001
TXN0001660,MERC00034
TXN0001661,MERC00002
TXN0001662,MERC00099
TXN0001663,MERC00000
TXN0001664,MERC00000
TXN0001665,MERC00001
TXN0001666,MERC00042
TXN0001667,MERC00000
TXN0001668,MERC00000
TXN0001669,MERC00001
TXN0001670,MERC00000
TXN0001671,MERC00099
TXN0001672,MERC00002
TXN0001673,MERC00001
TXN0001674,MERC00003
TXN0001675,MERC00000
TXN0001676,MERC00000
TXN0001677,MERC00004
TXN0001678,MERC00022
TXN0001679,MERC00001
TXN0001680,MERC00001
TXN0001681,MERC00000
TXN0001682,MERC00001
TXN0001683,MERC00000
TXN0001684,MERC00000
TXN0001685,MERC00029
TXN0001686,MERC00000
TXN0001687,MERC00000
TXN0001688,MERC00002
TXN0001689,MERC00024
TXN0001690,MERC00005
TXN0001691,MERC00000
TXN0001692,MERC00011
TXN0001693,MERC00000
TXN0001694,MERC00001
TXN0001695,MERC00000
TXN0001696,MERC00000
TXN0001697,MERC00089
TXN0001698,MERC00001
TXN0001699,MERC00000
TXN0001700,MERC00099
TXN0001701,MERC00000
TXN0001702,MERC00069
TXN0001703,MERC00003
TXN0001704,MERC00001
TXN0001705,MERC00000
TXN0001706,MERC00000
TXN0001707,MERC00000
TXN0001708,MERC00070
TXN0001709,MERC00000
TXN0001710,MERC00000
TXN0001711,MERC00008
TXN0001712,MERC00007
TXN0001713,MERC00004
TXN0001714,MERC00001
TXN0001715,MERC00000
TXN0001716,MERC00099
TXN0001717,MERC00001
TXN0001718,MERC00002
TXN0001719,MERC00007
TXN0001720,MERC00007
TXN0001721,MERC00002
TXN0001722,MERC00000
TXN0001723,MERC00000
TXN0001724,MERC00001
TXN0001725,MERC00002
TXN0001726,MERC00000
TXN0001727,MERC00074
TXN0001728,MERC00006
TXN0001729,MERC00099
TXN0001730,MERC00005
TXN0001731,MERC00000
TXN0001732,MERC00011
TXN0001733,MERC00099
TXN0001734,MERC00000
TXN0001735,MERC00017
TXN0001736,MERC00004
TXN0001737,MERC00001
TXN0001738,MERC00003
TXN0001739,MERC00000
TXN0001740,MERC00004
TXN0001741,MERC00002
TXN0001742,MERC00071
TXN0001743,MERC00006
TXN0001744,MERC00004
TXN0001745,MERC00000
TXN0001746,MERC00002
TXN0001747,MERC00000
TXN0001748,MERC00002
TXN0001749,MERC00008
TXN0001750,MERC00003
TXN0001751,MERC00099
TXN0001752,MERC00001
TXN0001753,MERC00001
TXN0001754,MERC00002
TXN0001755,MERC00005
TXN0001756,MERC00005
TXN0001757,MERC00001
TXN0001758,MERC00053
TXN0001759,MERC00006
TXN0001760,MERC00000
TXN0001761,MERC00016
TXN0001762,MERC00000
TXN0001763,MERC00001
TXN0001764,MERC00001
TXN0001765,MERC00099
TXN0001766,MERC00039
TXN0001767,MERC00012
TXN0001768,MERC00014
TXN0001769,MERC00099
TXN0001770,MERC00001
TXN0001771,MERC00000
TXN0001772,MERC00001
TXN0001773,MERC00003
TXN0001774,MERC00007
TXN0001775,MERC00099
TXN0001776,MERC00006
TXN0001777,MERC00000
TXN0001778,MERC00001
TXN0001779,MERC00002
TXN0001780,MERC00000
TXN0001781,MERC00001
TXN0001782,MERC00000
TXN0001783,MERC00000
TXN0001784,MERC00000
TXN0001785,MERC00006
TXN0001786,MERC00099
TXN0001787,MERC00000
TXN0001788,MERC00000
TXN0001789,MERC00001
TXN0001790,MERC00001
TXN0001791,MERC00000
TXN0001792,MERC00004
TXN0001793,MERC00000
TXN0001794,MERC00000
TXN0001795,MERC00003
TXN0001796,MERC00001
TXN0001797,MERC00000
TXN0001798,MERC00000
TXN0001799,MERC00000
TXN0001800,MERC00000
TXN0001801,MERC00028
TXN0001802,MERC00000
TXN0001803,MERC00000
TXN0001804,MERC00000
TXN0001805,MERC00001
TXN0001806,MERC00013
TXN0001807,MERC00009
TXN0001808,MERC00005
TXN0001809,MERC00000
TXN0001810,MERC00000
TXN0001811,MERC00000
TXN0001812,MERC00000
TXN0001813,MERC00099
TXN0001814,MERC00001
TXN0001815,MERC00001
TXN0001816,MERC00004
TXN0001817,MERC00000
TXN0001818,MERC00024
TXN0001819,MERC00030
TXN0001820,MERC00003
TXN0001821,MERC00019
TXN0001822,MERC00012
TXN0001823,MERC00023
TXN0001824,MERC00000
TXN0001825,MERC00000
TXN0001826,MERC00000
TXN0001827,MERC00004
TXN0001828,MERC00000
TXN0001829,MERC00000
TXN0001830,MERC00001
TXN0001831,MERC00000
TXN0001832,MERC00007
TXN0001833,MERC00000
TXN0001834,MERC00000
TXN0001835,MERC00001
TXN0001836,MERC00001
TXN0001837,MERC00000
TXN0001838,MERC00000
TXN0001839,MERC00001
TXN0001840,MERC00002
TXN0001841,MERC00000
TXN0001842,MERC00003
TXN0001843,MERC00001
TXN0001844,MERC00005
TXN0001845,MERC00023
TXN0001846,MERC00000
TXN0001847,MERC00001
TXN0001848,MERC00020
TXN0001849,MERC00000
TXN0001850,MERC00000
TXN0001851,MERC00099
TXN0001852,MERC00000
TXN0001853,MERC00000
TXN0001854,MERC00001
TXN0001855,MERC00000
TXN0001856,MERC00001
TXN0001857,MERC00099
TXN0001858,MERC00000
TXN0001859,MERC00009
TXN0001860,MERC00000
TXN0001861,MERC00099
TXN0001862,MERC00099
TXN0001863,MERC00000
TXN0001864,MERC00099
TXN0001865,MERC00000
TXN0001866,MERC00000
TXN0001867,MERC00003
TXN0001868,MERC00099
TXN0001869,MERC00037
TXN0001870,MERC00099
TXN0001871,MERC00000
TXN0001872,MERC00001
TXN0001873,MERC00004
TXN0001874,MERC00000
TXN0001875,MERC00064
TXN0001876,MERC00003
TXN0001877,MERC00021
TXN0001878,MERC00099
TXN0001879,MERC00002
TXN0001880,MERC00000
TXN0001881,MERC00000
TXN0001882,MERC00000
TXN0001883,MERC00001
TXN0001884,MERC00000
TXN0001885,MERC00008
TXN0001886,MERC00000
TXN0001887,MERC00005
TXN0001888,MERC00008
TXN0001889,MERC00000
TXN0001890,MERC00004
TXN0001891,MERC00015
TXN0001892,MERC00000
TXN0001893,MERC00077
TXN0001894,MERC00031
TXN0001895,MERC00000
TXN0001896,MERC00000
TXN0001897,MERC00004
TXN0001898,MERC00000
TXN0001899,MERC00012
TXN0001900,MERC00095
TXN0001901,MERC00000
TXN0001902,MERC00001
TXN0001903,MERC00001
TXN0001904,MERC00001
TXN0001905,MERC00000
TXN0001906,MERC00000
TXN0001907,MERC00000
TXN0001908,MERC00002
TXN0001909,MERC00009
TXN0001910,MERC00099
TXN0001911,MERC00000
TXN0001912,MERC00006
TXN0001913,MERC00000
TXN0001914,MERC00099
TXN0001915,MERC00008
TXN0001916,MERC00008
TXN0001917,MERC00000
TXN0001918,MERC00000
TXN0001919,MERC00000
TXN0001920,MERC00000
TXN0001921,MERC00000
TXN0001922,MERC00000
TXN0001923,MERC00000
TXN0001924,MERC00068
TXN0001925,MERC00003
TXN0001926,MERC00000
TXN0001927,MERC00001
TXN0001928,MERC00000
TXN0001929,MERC00099
TXN0001930,MERC00000
TXN0001931,MERC00000
TXN0001932,MERC00007
TXN0001933,MERC00000
TXN0001934,MERC00001
TXN0001935,MERC00037
TXN0001936,MERC00001
TXN0001937,MERC00000
TXN0001938,MERC00000
TXN0001939,MERC00000
TXN0001940,MERC00099
TXN0001941,MERC00002
TXN0001942,MERC00010
TXN0001943,MERC00099
TXN0001944,MERC00003
TXN0001945,MERC00001
TXN0001946,MERC00002
TXN0001947,MERC00000
TXN0001948,MERC00086
TXN0001949,MERC00000
TXN0001950,MERC00009
TXN0001951,MERC00001
TXN0001952,MERC00004
TXN0001953,MERC00001
TXN0001954,MERC00099
TXN0001955,MERC00021
TXN0001956,MERC00000
TXN0001957,MERC00000
TXN0001958,MERC00002
TXN0001959,MERC00006
TXN0001960,MERC00000
TXN0001961,MERC00003
TXN0001962,MERC00005
TXN0001963,MERC00000
TXN0001964,MERC00000
TXN0001965,MERC00013
TXN0001966,MERC00002
TXN0001967,MERC00003
TXN0001968,MERC00099
TXN0001969,MERC00006
TXN0001970,MERC00004
TXN0001971,MERC00026
TXN0001972,MERC00074
TXN0001973,MERC00042
TXN0001974,MERC00057
TXN0001975,MERC00011
TXN0001976,MERC00008
TXN0001977,MERC00000
TXN0001978,MERC00000
TXN0001979,MERC00013
TXN0001980,MERC00003
TXN0001981,MERC00003
TXN0001982,MERC00000
TXN0001983,MERC00001
TXN0001984,MERC00000
TXN0001985,MERC00005
TXN0001986,MERC00025
TXN0001987,MERC00000
TXN0001988,MERC00000
TXN0001989,MERC00007
TXN0001990,MERC00002
TXN0001991,MERC00099
TXN0001992,MERC00003
TXN0001993,MERC00003
TXN0001994,MERC00000
TXN0001995,MERC00000
TXN0001996,MERC00000
TXN0001997,MERC00075
TXN0001998,MERC00000
TXN0001999,MERC00001
