PaymentTransaction,Account
TXN0000000,ACC000175
TXN0000001,ACC000290
TXN0000002,ACC000046
TXN0000003,ACC000364
TXN0000004,ACC000454
TXN0000005,ACC000261
TXN0000006,ACC000271
TXN0000007,ACC000338
TXN0000008,ACC000027
TXN0000009,ACC000578
TXN0000010,ACC000591
TXN0000011,ACC000571
TXN0000012,ACC000447
TXN0000013,ACC000214
TXN0000014,ACC000187
TXN0000015,ACC000264
TXN0000016,ACC000382
TXN0000017,ACC000249
TXN0000018,ACC000324
TXN0000019,ACC000148
TXN0000020,ACC000451
TXN0000021,ACC000111
TXN0000022,ACC000099
TXN0000023,ACC000119
TXN0000024,ACC000092
TXN0000025,ACC000058
TXN0000026,ACC000530
TXN0000027,ACC000380
TXN0000028,ACC000072
TXN0000029,ACC000547
TXN0000030,ACC000256
TXN0000031,ACC000420
TXN0000032,ACC000434
TXN0000033,ACC000523
TXN0000034,ACC000567
TXN0000035,ACC000329
TXN0000036,ACC000227
TXN0000037,ACC000169
TXN0000038,ACC000078
TXN0000039,ACC000248
TXN0000040,ACC000365
TXN0000041,ACC000590
TXN0000042,ACC000421
TXN0000043,ACC000120
TXN0000044,ACC000512
TXN0000045,ACC000214
TXN0000046,ACC000053
TXN0000047,ACC000464
TXN0000048,ACC000203
TXN0000049,ACC000281
TXN0000050,ACC000544
TXN0000051,ACC000008
TXN0000052,ACC000040
TXN0000053,ACC000159
TXN0000054,ACC000151
TXN0000055,ACC000428
TXN0000056,ACC000271
TXN0000057,ACC000158
TXN0000058,ACC000354
TXN0000059,ACC000507
TXN0000060,ACC000137
TXN0000061,ACC000008
TXN0000062,ACC000342
TXN0000063,ACC000339
TXN0000064,ACC000303
TXN0000065,ACC000559
TXN0000066,ACC000167
TXN0000067,ACC000588
TXN0000068,ACC000529
TXN0000069,ACC000495
TXN0000070,ACC000561
TXN0000071,ACC000104
TXN0000072,ACC000144
TXN0000073,ACC000065
TXN0000074,ACC000288
TXN0000075,ACC000481
TXN0000076,ACC000261
TXN0000077,ACC000552
TXN0000078,ACC000286
TXN0000079,ACC000457
TXN0000080,ACC000312
TXN0000081,ACC000395
TXN0000082,ACC000005
TXN0000083,ACC000301
TXN0000084,ACC000178
TXN0000085,ACC000597
TXN0000086,ACC000253
TXN0000087,ACC000466
TXN0000088,ACC000106
TXN0000089,ACC000493
TXN0000090,ACC000560
TXN0000091,ACC000258
TXN0000092,ACC000485
TXN0000093,ACC000184
TXN0000094,ACC000082
TXN0000095,ACC000268
TXN0000096,ACC000440
TXN0000097,ACC000080
TXN0000098,ACC000469
TXN0000099,ACC000187
TXN0000100,ACC000511
TXN0000101,ACC000344
TXN0000102,ACC000548
TXN0000103,ACC000048
TXN0000104,ACC000277
TXN0000105,ACC000352
TXN0000106,ACC000147
TXN0000107,ACC000185
TXN0000108,ACC000433
TXN0000109,ACC000456
TXN0000110,ACC000438
TXN0000111,ACC000515
TXN0000112,ACC000530
TXN0000113,ACC000465
TXN0000114,ACC000554
TXN0000115,ACC000537
TXN0000116,ACC000472
TXN0000117,ACC000481
TXN0000118,ACC000338
TXN0000119,ACC000300
TXN0000120,ACC000285
TXN0000121,ACC000337
TXN0000122,ACC000525
TXN0000123,ACC000264
TXN0000124,ACC000462
TXN0000125,ACC000301
TXN0000126,ACC000070
TXN0000127,ACC000241
TXN0000128,ACC000284
TXN0000129,ACC000004
TXN0000130,ACC000118
TXN0000131,ACC000139
TXN0000132,ACC000595
TXN0000133,ACC000218
TXN0000134,ACC000425
TXN0000135,ACC000003
TXN0000136,ACC000336
TXN0000137,ACC000445
TXN0000138,ACC000186
TXN0000139,ACC000464
TXN0000140,ACC000340
TXN0000141,ACC000065
TXN0000142,ACC000595
TXN0000143,ACC000213
TXN0000144,ACC000257
TXN0000145,ACC000385
TXN0000146,ACC000255
TXN0000147,ACC000528
TXN0000148,ACC000027
TXN0000149,ACC000113
TXN0000150,ACC000156
TXN0000151,ACC000285
TXN0000152,ACC000540
TXN0000153,ACC000293
TXN0000154,ACC000301
TXN0000155,ACC000490
TXN0000156,ACC000248
TXN0000157,ACC000432
TXN0000158,ACC000357
TXN0000159,ACC000416
TXN0000160,ACC000121
TXN0000161,ACC000071
TXN0000162,ACC000368
TXN0000163,ACC000419
TXN0000164,ACC000567
TXN0000165,ACC000411
TXN0000166,ACC000139
TXN0000167,ACC000135
TXN0000168,ACC000245
TXN0000169,ACC000063
TXN0000170,ACC000476
TXN0000171,ACC000028
TXN0000172,ACC000428
TXN0000173,ACC000343
TXN0000174,ACC000258
TXN0000175,ACC000530
TXN0000176,ACC000030
TXN0000177,ACC000323
TXN0000178,ACC000237
TXN0000179,ACC000104
TXN0000180,ACC000387
TXN0000181,ACC000035
TXN0000182,ACC000134
TXN0000183,ACC000133
TXN0000184,ACC000460
TXN0000185,ACC000306
TXN0000186,ACC000247
TXN0000187,ACC000254
TXN0000188,ACC000054
TXN0000189,ACC000218
TXN0000190,ACC000450
TXN0000191,ACC000180
TXN0000192,ACC000503
TXN0000193,ACC000069
TXN0000194,ACC000549
TXN0000195,ACC000423
TXN0000196,ACC000165
TXN0000197,ACC000291
TXN0000198,ACC000305
TXN0000199,ACC000467
TXN0000200,ACC000360
TXN0000201,ACC000428
TXN0000202,ACC000192
TXN0000203,ACC000064
TXN0000204,ACC000107
TXN0000205,ACC000133
TXN0000206,ACC000078
TXN0000207,ACC000214
TXN0000208,ACC000556
TXN0000209,ACC000014
TXN0000210,ACC000503
TXN0000211,ACC000557
TXN0000212,ACC000190
TXN0000213,ACC000570
TXN0000214,ACC000499
TXN0000215,ACC000552
TXN0000216,ACC000048
TXN0000217,ACC000404
TXN0000218,ACC000426
TXN0000219,ACC000079
TXN0000220,ACC000326
TXN0000221,ACC000305
TXN0000222,ACC000355
TXN0000223,ACC000522
TXN0000224,ACC000339
TXN0000225,ACC000525
TXN0000226,ACC000410
TXN0000227,ACC000385
TXN0000228,ACC000237
TXN0000229,ACC000362
TXN0000230,ACC000443
TXN0000231,ACC000333
TXN0000232,ACC000303
TXN0000233,ACC000081
TXN0000234,ACC000535
TXN0000235,ACC000029
TXN0000236,ACC000169
TXN0000237,ACC000564
TXN0000238,ACC000534
TXN0000239,ACC000180
TXN0000240,ACC000346
TXN0000241,ACC000142
TXN0000242,ACC000077
TXN0000243,ACC000175
TXN0000244,ACC000535
TXN0000245,ACC000553
TXN0000246,ACC000390
TXN0000247,ACC000443
TXN0000248,ACC000598
TXN0000249,ACC000042
TXN0000250,ACC000323
TXN0000251,ACC000279
TXN0000252,ACC000399
TXN0000253,ACC000538
TXN0000254,ACC000317
TXN0000255,ACC000179
TXN0000256,ACC000549
TXN0000257,ACC000513
TXN0000258,ACC000160
TXN0000259,ACC000545
TXN0000260,ACC000293
TXN0000261,ACC000459
TXN0000262,ACC000036
TXN0000263,ACC000336
TXN0000264,ACC000157
TXN0000265,ACC000045
TXN0000266,ACC000248
TXN0000267,ACC000081
TXN0000268,ACC000225
TXN0000269,ACC000171
TXN0000270,ACC000553
TXN0000271,ACC000568
TXN0000272,ACC000471
TXN0000273,ACC000093
TXN0000274,ACC000171
TXN0000275,ACC000214
TXN0000276,ACC000163
TXN0000277,ACC000017
TXN0000278,ACC000212
TXN0000279,ACC000442
TXN0000280,ACC000390
TXN0000281,ACC000535
TXN0000282,ACC000446
TXN0000283,ACC000300
TXN0000284,ACC000129
TXN0000285,ACC000453
TXN0000286,ACC000492
TXN0000287,ACC000558
TXN0000288,ACC000398
TXN0000289,ACC000139
TXN0000290,ACC000437
TXN0000291,ACC000554
TXN0000292,ACC000346
TXN0000293,ACC000190
TXN0000294,ACC000482
TXN0000295,ACC000147
TXN0000296,ACC000541
TXN0000297,ACC000473
TXN0000298,ACC000387
TXN0000299,ACC000029
TXN0000300,ACC000249
TXN0000301,ACC000153
TXN0000302,ACC000006
TXN0000303,ACC000517
TXN0000304,ACC000494
TXN0000305,ACC000459
TXN0000306,ACC000574
TXN0000307,ACC000231
TXN0000308,ACC000275
TXN0000309,ACC000448
TXN0000310,ACC000081
TXN0000311,ACC000007
TXN0000312,ACC000416
TXN0000313,ACC000186
TXN0000314,ACC000549
TXN0000315,ACC000233
TXN0000316,ACC000227
TXN0000317,ACC000272
TXN0000318,ACC000355
TXN0000319,ACC000377
TXN0000320,ACC000491
TXN0000321,ACC000248
TXN0000322,ACC000350
TXN0000323,ACC000435
TXN0000324,ACC000177
TXN0000325,ACC000197
TXN0000326,ACC000132
TXN0000327,ACC000463
TXN0000328,ACC000511
TXN0000329,ACC000037
TXN0000330,ACC000057
TXN0000331,ACC000260
TXN0000332,ACC000338
TXN0000333,ACC000218
TXN0000334,ACC000347
TXN0000335,ACC000543
TXN0000336,ACC000365
TXN0000337,ACC000598
TXN0000338,ACC000481
TXN0000339,ACC000223
TXN0000340,ACC000062
TXN0000341,ACC000128
TXN0000342,ACC000473
TXN0000343,ACC000225
TXN0000344,ACC000129
TXN0000345,ACC000174
TXN0000346,ACC000563
TXN0000347,ACC000352
TXN0000348,ACC000458
TXN0000349,ACC000023
TXN0000350,ACC000319
TXN0000351,ACC000167
TXN0000352,ACC000260
TXN0000353,ACC000042
TXN0000354,ACC000156
TXN0000355,ACC000339
TXN0000356,ACC000350
TXN0000357,ACC000345
TXN0000358,ACC000297
TXN0000359,ACC000420
TXN0000360,ACC000533
TXN0000361,ACC000228
TXN0000362,ACC000592
TXN0000363,ACC000460
TXN0000364,ACC000469
TXN0000365,ACC000039
TXN0000366,ACC000300
TXN0000367,ACC000106
TXN0000368,ACC000106
TXN0000369,ACC000425
TXN0000370,ACC000488
TXN0000371,ACC000571
TXN0000372,ACC000550
TXN0000373,ACC000070
TXN0000374,ACC000368
TXN0000375,ACC000597
TXN0000376,ACC000431
TXN0000377,ACC000292
TXN0000378,ACC000409
TXN0000379,ACC000471
TXN0000380,ACC000238
TXN0000381,ACC000540
TXN0000382,ACC000400
TXN0000383,ACC000351
TXN0000384,ACC000389
TXN0000385,ACC000010
TXN0000386,ACC000304
TXN0000387,ACC000285
TXN0000388,ACC000527
TXN0000389,ACC000270
TXN0000390,ACC000441
TXN0000391,ACC000511
TXN0000392,ACC000233
TXN0000393,ACC000212
TXN0000394,ACC000191
TXN0000395,ACC000182
TXN0000396,ACC000072
TXN0000397,ACC000166
TXN0000398,ACC000290
TXN0000399,ACC000557
TXN0000400,ACC000338
TXN0000401,ACC000360
TXN0000402,ACC000547
TXN0000403,ACC000476
TXN0000404,ACC000448
TXN0000405,ACC000029
TXN0000406,ACC000010
TXN0000407,ACC000433
TXN0000408,ACC000165
TXN0000409,ACC000244
TXN0000410,ACC000268
TXN0000411,ACC000320
TXN0000412,ACC000596
TXN0000413,ACC000285
TXN0000414,ACC000163
TXN0000415,ACC000431
TXN0000416,ACC000281
TXN0000417,ACC000032
TXN0000418,ACC000499
TXN0000419,ACC000422
TXN0000420,ACC000024
TXN0000421,ACC000568
TXN0000422,ACC000330
TXN0000423,ACC000211
TXN0000424,ACC000060
TXN0000425,ACC000087
TXN0000426,ACC000131
TXN0000427,ACC000048
TXN0000428,ACC000230
TXN0000429,ACC000250
TXN0000430,ACC000589
TXN0000431,ACC000523
TXN0000432,ACC000029
TXN0000433,ACC000120
TXN0000434,ACC000247
TXN0000435,ACC000516
TXN0000436,ACC000510
TXN0000437,ACC000093
TXN0000438,ACC000384
TXN0000439,ACC000147
TXN0000440,ACC000557
TXN0000441,ACC000229
TXN0000442,ACC000253
TXN0000443,ACC000364
TXN0000444,ACC000434
TXN0000445,ACC000562
TXN0000446,ACC000054
TXN0000447,ACC000328
TXN0000448,ACC000561
TXN0000449,ACC000077
TXN0000450,ACC000039
TXN0000451,ACC000553
TXN0000452,ACC000017
TXN0000453,ACC000119
TXN0000454,ACC000374
TXN0000455,ACC000223
TXN0000456,ACC000211
TXN0000457,ACC000468
TXN0000458,ACC000286
TXN0000459,ACC000202
TXN0000460,ACC000333
TXN0000461,ACC000413
TXN0000462,ACC000469
TXN0000463,ACC000021
TXN0000464,ACC000132
TXN0000465,ACC000460
TXN0000466,ACC000502
TXN0000467,ACC000169
TXN0000468,ACC000523
TXN0000469,ACC000471
TXN0000470,ACC000072
TXN0000471,ACC000326
TXN0000472,ACC000390
TXN0000473,ACC000374
TXN0000474,ACC000441
TXN0000475,ACC000376
TXN0000476,ACC000473
TXN0000477,ACC000595
TXN0000478,ACC000302
TXN0000479,ACC000361
TXN0000480,ACC000506
TXN0000481,ACC000348
TXN0000482,ACC000581
TXN0000483,ACC000351
TXN0000484,ACC000583
TXN0000485,ACC000379
TXN0000486,ACC000376
TXN0000487,ACC000026
TXN0000488,ACC000350
TXN0000489,ACC000331
TXN0000490,ACC000245
TXN0000491,ACC000396
TXN0000492,ACC000137
TXN0000493,ACC000576
TXN0000494,ACC000084
TXN0000495,ACC000453
TXN0000496,ACC000117
TXN0000497,ACC000307
TXN0000498,ACC000526
TXN0000499,ACC000373
TXN0000500,ACC000293
TXN0000501,ACC000076
TXN0000502,ACC000572
TXN0000503,ACC000229
TXN0000504,ACC000353
TXN0000505,ACC000164
TXN0000506,ACC000320
TXN0000507,ACC000134
TXN0000508,ACC000375
TXN0000509,ACC000146
TXN0000510,ACC000063
TXN0000511,ACC000464
TXN0000512,ACC000542
TXN0000513,ACC000512
TXN0000514,ACC000167
TXN0000515,ACC000076
TXN0000516,ACC000403
TXN0000517,ACC000320
TXN0000518,ACC000098
TXN0000519,ACC000068
TXN0000520,ACC000189
TXN0000521,ACC000094
TXN0000522,ACC000306
TXN0000523,ACC000383
TXN0000524,ACC000503
TXN0000525,ACC000302
TXN0000526,ACC000302
TXN0000527,ACC000327
TXN0000528,ACC000152
TXN0000529,ACC000061
TXN0000530,ACC000209
TXN0000531,ACC000041
TXN0000532,ACC000138
TXN0000533,ACC000484
TXN0000534,ACC000394
TXN0000535,ACC000268
TXN0000536,ACC000474
TXN0000537,ACC000207
TXN0000538,ACC000026
TXN0000539,ACC000525
TXN0000540,ACC000560
TXN0000541,ACC000144
TXN0000542,ACC000307
TXN0000543,ACC000058
TXN0000544,ACC000193
TXN0000545,ACC000371
TXN0000546,ACC000247
TXN0000547,ACC000176
TXN0000548,ACC000093
TXN0000549,ACC000172
TXN0000550,ACC000291
TXN0000551,ACC000292
TXN0000552,ACC000009
TXN0000553,ACC000177
TXN0000554,ACC000596
TXN0000555,ACC000205
TXN0000556,ACC000446
TXN0000557,ACC000239
TXN0000558,ACC000296
TXN0000559,ACC000022
TXN0000560,ACC000589
TXN0000561,ACC000256
TXN0000562,ACC000092
TXN0000563,ACC000180
TXN0000564,ACC000090
TXN0000565,ACC000564
TXN0000566,ACC000039
TXN0000567,ACC000370
TXN0000568,ACC000168
TXN0000569,ACC000362
TXN0000570,ACC000489
TXN0000571,ACC000585
TXN0000572,ACC000324
TXN0000573,ACC000596
TXN0000574,ACC000581
TXN0000575,ACC000062
TXN0000576,ACC000027
TXN0000577,ACC000289
TXN0000578,ACC000489
TXN0000579,ACC000258
TXN0000580,ACC000090
TXN0000581,ACC000139
TXN0000582,ACC000242
TXN0000583,ACC000157
TXN0000584,ACC000332
TXN0000585,ACC000309
TXN0000586,ACC000416
TXN0000587,ACC000008
TXN0000588,ACC000088
TXN0000589,ACC000566
TXN0000590,ACC000089
TXN0000591,ACC000116
TXN0000592,ACC000208
TXN0000593,ACC000309
TXN0000594,ACC000238
TXN0000595,ACC000268
TXN0000596,ACC000514
TXN0000597,ACC000375
TXN0000598,ACC000484
TXN0000599,ACC000070
TXN0000600,ACC000206
TXN0000601,ACC000219
TXN0000602,ACC000442
TXN0000603,ACC000180
TXN0000604,ACC000472
TXN0000605,ACC000437
TXN0000606,ACC000559
TXN0000607,ACC000425
TXN0000608,ACC000089
TXN0000609,ACC000190
TXN0000610,ACC000505
TXN0000611,ACC000244
TXN0000612,ACC000297
TXN0000613,ACC000131
TXN0000614,ACC000118
TXN0000615,ACC000119
TXN0000616,ACC000154
TXN0000617,ACC000026
TXN0000618,ACC000169
TXN0000619,ACC000088
TXN0000620,ACC000208
TXN0000621,ACC000514
TXN0000622,ACC000085
TXN0000623,ACC000229
TXN0000624,ACC000040
TXN0000625,ACC000094
TXN0000626,ACC000296
TXN0000627,ACC000312
TXN0000628,ACC000573
TXN0000629,ACC000035
TXN0000630,ACC000166
TXN0000631,ACC000538
TXN0000632,ACC000051
TXN0000633,ACC000569
TXN0000634,ACC000558
TXN0000635,ACC000540
TXN0000636,ACC000071
TXN0000637,ACC000592
TXN0000638,ACC000388
TXN0000639,ACC000422
TXN0000640,ACC000309
TXN0000641,ACC000369
TXN0000642,ACC000161
TXN0000643,ACC000192
TXN0000644,ACC000119
TXN0000645,ACC000586
TXN0000646,ACC000110
TXN0000647,ACC000589
TXN0000648,ACC000036
TXN0000649,ACC000525
TXN0000650,ACC000157
TXN0000651,ACC000071
TXN0000652,ACC000222
TXN0000653,ACC000196
TXN0000654,ACC000328
TXN0000655,ACC000401
TXN0000656,ACC000575
TXN0000657,ACC000211
TXN0000658,ACC000096
TXN0000659,ACC000452
TXN0000660,ACC000155
TXN0000661,ACC000239
TXN0000662,ACC000441
TXN0000663,ACC000408
TXN0000664,ACC000500
TXN0000665,ACC000055
TXN0000666,ACC000307
TXN0000667,ACC000070
TXN0000668,ACC000495
TXN0000669,ACC000087
TXN0000670,ACC000011
TXN0000671,ACC000222
TXN0000672,ACC000561
TXN0000673,ACC000576
TXN0000674,ACC000094
TXN0000675,ACC000117
TXN0000676,ACC000518
TXN0000677,ACC000490
TXN0000678,ACC000297
TXN0000679,ACC000036
TXN0000680,ACC000328
TXN0000681,ACC000030
TXN0000682,ACC000114
TXN0000683,ACC000244
TXN0000684,ACC000210
TXN0000685,ACC000162
TXN0000686,ACC000023
TXN0000687,ACC000254
TXN0000688,ACC000278
TXN0000689,ACC000269
TXN0000690,ACC000376
TXN0000691,ACC000440
TXN0000692,ACC000028
TXN0000693,ACC000504
TXN0000694,ACC000078
TXN0000695,ACC000262
TXN0000696,ACC000531
TXN0000697,ACC000486
TXN0000698,ACC000400
TXN0000699,ACC000353
TXN0000700,ACC000059
TXN0000701,ACC000507
TXN0000702,ACC000464
TXN0000703,ACC000355
TXN0000704,ACC000157
TXN0000705,ACC000366
TXN0000706,ACC000470
TXN0000707,ACC000155
TXN0000708,ACC000231
TXN0000709,ACC000077
TXN0000710,ACC000386
TXN0000711,ACC000213
TXN0000712,ACC000120
TXN0000713,ACC000403
TXN0000714,ACC000026
TXN0000715,ACC000200
TXN0000716,ACC000509
TXN0000717,ACC000515
TXN0000718,ACC000078
TXN0000719,ACC000095
TXN0000720,ACC000056
TXN0000721,ACC000323
TXN0000722,ACC000450
TXN0000723,ACC000031
TXN0000724,ACC000192
TXN0000725,ACC000587
TXN0000726,ACC000388
TXN0000727,ACC000210
TXN0000728,ACC000061
TXN0000729,ACC000434
TXN0000730,ACC000408
TXN0000731,ACC000472
TXN0000732,ACC000023
TXN0000733,ACC000013
TXN0000734,ACC000353
TXN0000735,ACC000287
TXN0000736,ACC000412
TXN0000737,ACC000406
TXN0000738,ACC000406
TXN0000739,ACC000251
TXN0000740,ACC000140
TXN0000741,ACC000253
TXN0000742,ACC000223
TXN0000743,ACC000472
TXN0000744,ACC000060
TXN0000745,ACC000029
TXN0000746,ACC000504
TXN0000747,ACC000110
TXN0000748,ACC000325
TXN0000749,ACC000535
TXN0000750,ACC000009
TXN0000751,ACC000027
TXN0000752,ACC000593
TXN0000753,ACC000507
TXN0000754,ACC000067
TXN0000755,ACC000280
TXN0000756,ACC000049
TXN0000757,ACC000572
TXN0000758,ACC000430
TXN0000759,ACC000202
TXN0000760,ACC000255
TXN0000761,ACC000186
TXN0000762,ACC000221
TXN0000763,ACC000305
TXN0000764,ACC000220
TXN0000765,ACC000031
TXN0000766,ACC000415
TXN0000767,ACC000345
TXN0000768,ACC000547
TXN0000769,ACC000502
TXN0000770,ACC000300
TXN0000771,ACC000292
TXN0000772,ACC000554
TXN0000773,ACC000538
TXN0000774,ACC000565
TXN0000775,ACC000197
TXN0000776,ACC000175
TXN0000777,ACC000249
TXN0000778,ACC000479
TXN0000779,ACC000343
TXN0000780,ACC000005
TXN0000781,ACC000591
TXN0000782,ACC000504
TXN0000783,ACC000190
TXN0000784,ACC000145
TXN0000785,ACC000537
TXN0000786,ACC000332
TXN0000787,ACC000554
TXN0000788,ACC000144
TXN0000789,ACC000382
TXN0000790,ACC000563
TXN0000791,ACC000345
TXN0000792,ACC000280
TXN0000793,ACC000364
TXN0000794,ACC000323
TXN0000795,ACC000115
TXN0000796,ACC000216
TXN0000797,ACC000117
TXN0000798,ACC000589
TXN0000799,ACC000430
TXN0000800,ACC000024
TXN0000801,ACC000219
TXN0000802,ACC000318
TXN0000803,ACC000531
TXN0000804,ACC000169
TXN0000805,ACC000240
TXN0000806,ACC000438
TXN0000807,ACC000507
TXN0000808,ACC000555
TXN0000809,ACC000574
TXN0000810,ACC000211
TXN0000811,ACC000560
TXN0000812,ACC000500
TXN0000813,ACC000200
TXN0000814,ACC000405
TXN0000815,ACC000576
TXN0000816,ACC000197
TXN0000817,ACC000148
TXN0000818,ACC000246
TXN0000819,ACC000544
TXN0000820,ACC000017
TXN0000821,ACC000033
TXN0000822,ACC000264
TXN0000823,ACC000241
TXN0000824,ACC000421
TXN0000825,ACC000261
TXN0000826,ACC000449
TXN0000827,ACC000372
TXN0000828,ACC000531
TXN0000829,ACC000318
TXN0000830,ACC000423
TXN0000831,ACC000431
TXN0000832,ACC000280
TXN0000833,ACC000529
TXN0000834,ACC000441
TXN0000835,ACC000491
TXN0000836,ACC000272
TXN0000837,ACC000100
TXN0000838,ACC000402
TXN0000839,ACC000236
TXN0000840,ACC000502
TXN0000841,ACC000090
TXN0000842,ACC000133
TXN0000843,ACC000039
TXN0000844,ACC000409
TXN0000845,ACC000233
TXN0000846,ACC000108
TXN0000847,ACC000468
TXN0000848,ACC000340
TXN0000849,ACC000353
TXN0000850,ACC000172
TXN0000851,ACC000588
TXN0000852,ACC000452
TXN0000853,ACC000492
TXN0000854,ACC000409
TXN0000855,ACC000038
TXN0000856,ACC000124
TXN0000857,ACC000266
TXN0000858,ACC000366
TXN0000859,ACC000525
TXN0000860,ACC000309
TXN0000861,ACC000004
TXN0000862,ACC000525
TXN0000863,ACC000105
TXN0000864,ACC000113
TXN0000865,ACC000275
TXN0000866,ACC000259
TXN0000867,ACC000081
TXN0000868,ACC000378
TXN0000869,ACC000449
TXN0000870,ACC000182
TXN0000871,ACC000557
TXN0000872,ACC000115
TXN0000873,ACC000319
TXN0000874,ACC000219
TXN0000875,ACC000388
TXN0000876,ACC000070
TXN0000877,ACC000074
TXN0000878,ACC000424
TXN0000879,ACC000551
TXN0000880,ACC000390
TXN0000881,ACC000121
TXN0000882,ACC000104
TXN0000883,ACC000314
TXN0000884,ACC000395
TXN0000885,ACC000031
TXN0000886,ACC000203
TXN0000887,ACC000384
TXN0000888,ACC000077
TXN0000889,ACC000091
TXN0000890,ACC000528
TXN0000891,ACC000170
TXN0000892,ACC000409
TXN0000893,ACC000022
TXN0000894,ACC000340
TXN0000895,ACC000349
TXN0000896,ACC000347
TXN0000897,ACC000276
TXN0000898,ACC000388
TXN0000899,ACC000359
TXN0000900,ACC000264
TXN0000901,ACC000179
TXN0000902,ACC000407
TXN0000903,ACC000512
TXN0000904,ACC000252
TXN0000905,ACC000388
TXN0000906,ACC000518
TXN0000907,ACC000261
TXN0000908,ACC000237
TXN0000909,ACC000511
TXN0000910,ACC000462
TXN0000911,ACC000091
TXN0000912,ACC000273
TXN0000913,ACC000027
TXN0000914,ACC000203
TXN0000915,ACC000297
TXN0000916,ACC000279
TXN0000917,ACC000322
TXN0000918,ACC000287
TXN0000919,ACC000346
TXN0000920,ACC000580
TXN0000921,ACC000362
TXN0000922,ACC000420
TXN0000923,ACC000434
TXN0000924,ACC000029
TXN0000925,ACC000009
TXN0000926,ACC000236
TXN0000927,ACC000007
TXN0000928,ACC000088
TXN0000929,ACC000094
TXN0000930,ACC000423
TXN0000931,ACC000140
TXN0000932,ACC000155
TXN0000933,ACC000508
TXN0000934,ACC000153
TXN0000935,ACC000225
TXN0000936,ACC000535
TXN0000937,ACC000385
TXN0000938,ACC000482
TXN0000939,ACC000273
TXN0000940,ACC000128
TXN0000941,ACC000101
TXN0000942,ACC000455
TXN0000943,ACC000212
TXN0000944,ACC000399
TXN0000945,ACC000543
TXN0000946,ACC000237
TXN0000947,ACC000547
TXN0000948,ACC000376
TXN0000949,ACC000056
TXN0000950,ACC000594
TXN0000951,ACC000332
TXN0000952,ACC000461
TXN0000953,ACC000021
TXN0000954,ACC000599
TXN0000955,ACC000198
TXN0000956,ACC000264
TXN0000957,ACC000030
TXN0000958,ACC000587
TXN0000959,ACC000087
TXN0000960,ACC000416
TXN0000961,ACC000369
TXN0000962,ACC000033
TXN0000963,ACC000556
TXN0000964,ACC000116
TXN0000965,ACC000071
TXN0000966,ACC000193
TXN0000967,ACC000421
TXN0000968,ACC000265
TXN0000969,ACC000019
TXN0000970,ACC000246
TXN0000971,ACC000281
TXN0000972,ACC000540
TXN0000973,ACC000257
TXN0000974,ACC000575
TXN0000975,ACC000278
TXN0000976,ACC000193
TXN0000977,ACC000485
TXN0000978,ACC000474
TXN0000979,ACC000034
TXN0000980,ACC000015
TXN0000981,ACC000430
TXN0000982,ACC000176
TXN0000983,ACC000498
TXN0000984,ACC000584
TXN0000985,ACC000338
TXN0000986,ACC000590
TXN0000987,ACC000343
TXN0000988,ACC000127
TXN0000989,ACC000312
TXN0000990,ACC000185
TXN0000991,ACC000363
TXN0000992,ACC000261
TXN0000993,ACC000291
TXN0000994,ACC000396
TXN0000995,ACC000438
TXN0000996,ACC000589
TXN0000997,ACC000337
TXN0000998,ACC000300
TXN0000999,ACC000141
TXN0001000,ACC000086
TXN0001001,ACC000487
TXN0001002,ACC000362
TXN0001003,ACC000445
TXN0001004,ACC000133
TXN0001005,ACC000486
TXN0001006,ACC000351
TXN0001007,ACC000172
TXN0001008,ACC000512
TXN0001009,ACC000007
TXN0001010,ACC000012
TXN0001011,ACC000114
TXN0001012,ACC000424
TXN0001013,ACC000068
TXN0001014,ACC000457
TXN0001015,ACC000209
TXN0001016,ACC000277
TXN0001017,ACC000313
TXN0001018,ACC000472
TXN0001019,ACC000593
TXN0001020,ACC000291
TXN0001021,ACC000326
TXN0001022,ACC000599
TXN0001023,ACC000188
TXN0001024,ACC000239
TXN0001025,ACC000320
TXN0001026,ACC000120
TXN0001027,ACC000419
TXN0001028,ACC000217
TXN0001029,ACC000564
TXN0001030,ACC000233
TXN0001031,ACC000166
TXN0001032,ACC000432
TXN0001033,ACC000285
TXN0001034,ACC000526
TXN0001035,ACC000498
TXN0001036,ACC000093
TXN0001037,ACC000047
TXN0001038,ACC000054
TXN0001039,ACC000092
TXN0001040,ACC000455
TXN0001041,ACC000013
TXN0001042,ACC000476
TXN0001043,ACC000569
TXN0001044,ACC000105
TXN0001045,ACC000128
TXN0001046,ACC000290
TXN0001047,ACC000345
TXN0001048,ACC000459
TXN0001049,ACC000414
TXN0001050,ACC000076
TXN0001051,ACC000245
TXN0001052,ACC000041
TXN0001053,ACC000277
TXN0001054,ACC000579
TXN0001055,ACC000308
TXN0001056,ACC000572
TXN0001057,ACC000288
TXN0001058,ACC000092
TXN0001059,ACC000295
TXN0001060,ACC000177
TXN0001061,ACC000251
TXN0001062,ACC000320
TXN0001063,ACC000359
TXN0001064,ACC000153
TXN0001065,ACC000554
TXN0001066,ACC000206
TXN0001067,ACC000218
TXN0001068,ACC000494
TXN0001069,ACC000173
TXN0001070,ACC000547
TXN0001071,ACC000483
TXN0001072,ACC000367
TXN0001073,ACC000415
TXN0001074,ACC000503
TXN0001075,ACC000587
TXN0001076,ACC000568
TXN0001077,ACC000127
TXN0001078,ACC000213
TXN0001079,ACC000049
TXN0001080,ACC000141
TXN0001081,ACC000424
TXN0001082,ACC000333
TXN0001083,ACC000387
TXN0001084,ACC000280
TXN0001085,ACC000467
TXN0001086,ACC000483
TXN0001087,ACC000098
TXN0001088,ACC000084
TXN0001089,ACC000349
TXN0001090,ACC000530
TXN0001091,ACC000573
TXN0001092,ACC000133
TXN0001093,ACC000066
TXN0001094,ACC000537
TXN0001095,ACC000479
TXN0001096,ACC000038
TXN0001097,ACC000534
TXN0001098,ACC000284
TXN0001099,ACC000074
TXN0001100,ACC000002
TXN0001101,ACC000499
TXN0001102,ACC000590
TXN0001103,ACC000123
TXN0001104,ACC000118
TXN0001105,ACC000426
TXN0001106,ACC000122
TXN0001107,ACC000077
TXN0001108,ACC000307
TXN0001109,ACC000410
TXN0001110,ACC000263
TXN0001111,ACC000260
TXN0001112,ACC000390
TXN0001113,ACC000083
TXN0001114,ACC000105
TXN0001115,ACC000596
TXN0001116,ACC000516
TXN0001117,ACC000246
TXN0001118,ACC000061
TXN0001119,ACC000590
TXN0001120,ACC000468
TXN0001121,ACC000371
TXN0001122,ACC000310
TXN0001123,ACC000176
TXN0001124,ACC000309
TXN0001125,ACC000501
TXN0001126,ACC000217
TXN0001127,ACC000528
TXN0001128,ACC000559
TXN0001129,ACC000344
TXN0001130,ACC000189
TXN0001131,ACC000246
TXN0001132,ACC000508
TXN0001133,ACC000494
TXN0001134,ACC000299
TXN0001135,ACC000572
TXN0001136,ACC000507
TXN0001137,ACC000469
TXN0001138,ACC000004
TXN0001139,ACC000057
TXN0001140,ACC000480
TXN0001141,ACC000573
TXN0001142,ACC000573
TXN0001143,ACC000123
TXN0001144,ACC000150
TXN0001145,ACC000348
TXN0001146,ACC000248
TXN0001147,ACC000176
TXN0001148,ACC000342
TXN0001149,ACC000097
TXN0001150,ACC000160
TXN0001151,ACC000088
TXN0001152,ACC000568
TXN0001153,ACC000031
TXN0001154,ACC000563
TXN0001155,ACC000167
TXN0001156,ACC000169
TXN0001157,ACC000415
TXN0001158,ACC000494
TXN0001159,ACC000585
TXN0001160,ACC000599
TXN0001161,ACC000061
TXN0001162,ACC000418
TXN0001163,ACC000415
TXN0001164,ACC000421
TXN0001165,ACC000019
TXN0001166,ACC000151
TXN0001167,ACC000554
TXN0001168,ACC000440
TXN0001169,ACC000369
TXN0001170,ACC000208
TXN0001171,ACC000562
TXN0001172,ACC000220
TXN0001173,ACC000584
TXN0001174,ACC000369
TXN0001175,ACC000470
TXN0001176,ACC000064
TXN0001177,ACC000419
TXN0001178,ACC000314
TXN0001179,ACC000412
TXN0001180,ACC000542
TXN0001181,ACC000136
TXN0001182,ACC000111
TXN0001183,ACC000001
TXN0001184,ACC000014
TXN0001185,ACC000193
TXN0001186,ACC000483
TXN0001187,ACC000009
TXN0001188,ACC000021
TXN0001189,ACC000457
TXN0001190,ACC000047
TXN0001191,ACC000251
TXN0001192,ACC000499
TXN0001193,ACC000532
TXN0001194,ACC000062
TXN0001195,ACC000540
TXN0001196,ACC000524
TXN0001197,ACC000426
TXN0001198,ACC000445
TXN0001199,ACC000593
TXN0001200,ACC000230
TXN0001201,ACC000168
TXN0001202,ACC000037
TXN0001203,ACC000510
TXN0001204,ACC000035
TXN0001205,ACC000584
TXN0001206,ACC000527
TXN0001207,ACC000240
TXN0001208,ACC000279
TXN0001209,ACC000516
TXN0001210,ACC000277
TXN0001211,ACC000158
TXN0001212,ACC000445
TXN0001213,ACC000503
TXN0001214,ACC000311
TXN0001215,ACC000553
TXN0001216,ACC000450
TXN0001217,ACC000419
TXN0001218,ACC000180
TXN0001219,ACC000419
TXN0001220,ACC000355
TXN0001221,ACC000060
TXN0001222,ACC000486
TXN0001223,ACC000293
TXN0001224,ACC000275
TXN0001225,ACC000348
TXN0001226,ACC000404
TXN0001227,ACC000324
TXN0001228,ACC000452
TXN0001229,ACC000136
TXN0001230,ACC000437
TXN0001231,ACC000482
TXN0001232,ACC000404
TXN0001233,ACC000369
TXN0001234,ACC000282
TXN0001235,ACC000091
TXN0001236,ACC000522
TXN0001237,ACC000164
TXN0001238,ACC000514
TXN0001239,ACC000105
TXN0001240,ACC000457
TXN0001241,ACC000277
TXN0001242,ACC000510
TXN0001243,ACC000488
TXN0001244,ACC000591
TXN0001245,ACC000358
TXN0001246,ACC000003
TXN0001247,ACC000041
TXN0001248,ACC000198
TXN0001249,ACC000314
TXN0001250,ACC000341
TXN0001251,ACC000135
TXN0001252,ACC000152
TXN0001253,ACC000062
TXN0001254,ACC000190
TXN0001255,ACC000447
TXN0001256,ACC000183
TXN0001257,ACC000406
TXN0001258,ACC000231
TXN0001259,ACC000059
TXN0001260,ACC000221
TXN0001261,ACC000128
TXN0001262,ACC000398
TXN0001263,ACC000261
TXN0001264,ACC000353
TXN0001265,ACC000175
TXN0001266,ACC000380
TXN0001267,ACC000453
TXN0001268,ACC000228
TXN0001269,ACC000247
TXN0001270,ACC000010
TXN0001271,ACC000033
TXN0001272,ACC000472
TXN0001273,ACC000264
TXN0001274,ACC000040
TXN0001275,ACC000390
TXN0001276,ACC000232
TXN0001277,ACC000343
TXN0001278,ACC000088
TXN0001279,ACC000443
TXN0001280,ACC000527
TXN0001281,ACC000351
TXN0001282,ACC000150
TXN0001283,ACC000152
TXN0001284,ACC000278
TXN0001285,ACC000476
TXN0001286,ACC000409
TXN0001287,ACC000490
TXN0001288,ACC000376
TXN0001289,ACC000125
TXN0001290,ACC000128
TXN0001291,ACC000350
TXN0001292,ACC000571
TXN0001293,ACC000204
TXN0001294,ACC000493
TXN0001295,ACC000588
TXN0001296,ACC000025
TXN0001297,ACC000063
TXN0001298,ACC000366
TXN0001299,ACC000214
TXN0001300,ACC000409
TXN0001301,ACC000417
TXN0001302,ACC000213
TXN0001303,ACC000198
TXN0001304,ACC000139
TXN0001305,ACC000504
TXN0001306,ACC000444
TXN0001307,ACC000236
TXN0001308,ACC000222
TXN0001309,ACC000264
TXN0001310,ACC000132
TXN0001311,ACC000153
TXN0001312,ACC000545
TXN0001313,ACC000363
TXN0001314,ACC000409
TXN0001315,ACC000163
TXN0001316,ACC000532
TXN0001317,ACC000236
TXN0001318,ACC000476
TXN0001319,ACC000143
TXN0001320,ACC000224
TXN0001321,ACC000509
TXN0001322,ACC000180
TXN0001323,ACC000190
TXN0001324,ACC000345
TXN0001325,ACC000593
TXN0001326,ACC000212
TXN0001327,ACC000104
TXN0001328,ACC000036
TXN0001329,ACC000238
TXN0001330,ACC000234
TXN0001331,ACC000482
TXN0001332,ACC000054
TXN0001333,ACC000007
TXN0001334,ACC000556
TXN0001335,ACC000598
TXN0001336,ACC000319
TXN0001337,ACC000145
TXN0001338,ACC000212
TXN0001339,ACC000257
TXN0001340,ACC000034
TXN0001341,ACC000209
TXN0001342,ACC000456
TXN0001343,ACC000011
TXN0001344,ACC000273
TXN0001345,ACC000202
TXN0001346,ACC000195
TXN0001347,ACC000238
TXN0001348,ACC000201
TXN0001349,ACC000126
TXN0001350,ACC000550
TXN0001351,ACC000526
TXN0001352,ACC000215
TXN0001353,ACC000546
TXN0001354,ACC000287
TXN0001355,ACC000375
TXN0001356,ACC000408
TXN0001357,ACC000084
TXN0001358,ACC000130
TXN0001359,ACC000368
TXN0001360,ACC000498
TXN0001361,ACC000560
TXN0001362,ACC000012
TXN0001363,ACC000275
TXN0001364,ACC000475
TXN0001365,ACC000224
TXN0001366,ACC000450
TXN0001367,ACC000103
TXN0001368,ACC000536
TXN0001369,ACC000380
TXN0001370,ACC000116
TXN0001371,ACC000488
TXN0001372,ACC000431
TXN0001373,ACC000585
TXN0001374,ACC000394
TXN0001375,ACC000553
TXN0001376,ACC000016
TXN0001377,ACC000395
TXN0001378,ACC000302
TXN0001379,ACC000378
TXN0001380,ACC000365
TXN0001381,ACC000314
TXN0001382,ACC000309
TXN0001383,ACC000147
TXN0001384,ACC000098
TXN0001385,ACC000376
TXN0001386,ACC000501
TXN0001387,ACC000552
TXN0001388,ACC000227
TXN0001389,ACC000474
TXN0001390,ACC000161
TXN0001391,ACC000445
TXN0001392,ACC000296
TXN0001393,ACC000030
TXN0001394,ACC000330
TXN0001395,ACC000211
TXN0001396,ACC000148
TXN0001397,ACC000461
TXN0001398,ACC000202
TXN0001399,ACC000438
TXN0001400,ACC000534
TXN0001401,ACC000542
TXN0001402,ACC000371
TXN0001403,ACC000209
TXN0001404,ACC000269
TXN0001405,ACC000135
TXN0001406,ACC000538
TXN0001407,ACC000569
TXN0001408,ACC000218
TXN0001409,ACC000585
TXN0001410,ACC000038
TXN0001411,ACC000226
TXN0001412,ACC000467
TXN0001413,ACC000479
TXN0001414,ACC000530
TXN0001415,ACC000222
TXN0001416,ACC000216
TXN0001417,ACC000082
TXN0001418,ACC000381
TXN0001419,ACC000023
TXN0001420,ACC000243
TXN0001421,ACC000168
TXN0001422,ACC000096
TXN0001423,ACC000522
TXN0001424,ACC000383
TXN0001425,ACC000595
TXN0001426,ACC000430
TXN0001427,ACC000353
TXN0001428,ACC000371
TXN0001429,ACC000082
TXN0001430,ACC000030
TXN0001431,ACC000130
TXN0001432,ACC000339
TXN0001433,ACC000011
TXN0001434,ACC000405
TXN0001435,ACC000446
TXN0001436,ACC000444
TXN0001437,ACC000536
TXN0001438,ACC000414
TXN0001439,ACC000037
TXN0001440,ACC000412
TXN0001441,ACC000468
TXN0001442,ACC000228
TXN0001443,ACC000304
TXN0001444,ACC000506
TXN0001445,ACC000427
TXN0001446,ACC000482
TXN0001447,ACC000095
TXN0001448,ACC000304
TXN0001449,ACC000581
TXN0001450,ACC000590
TXN0001451,ACC000544
TXN0001452,ACC000438
TXN0001453,ACC000252
TXN0001454,ACC000145
TXN0001455,ACC000572
TXN0001456,ACC000597
TXN0001457,ACC000366
TXN0001458,ACC000091
TXN0001459,ACC000000
TXN0001460,ACC000236
TXN0001461,ACC000540
TXN0001462,ACC000342
TXN0001463,ACC000189
TXN0001464,ACC000317
TXN0001465,ACC000150
TXN0001466,ACC000480
TXN0001467,ACC000390
TXN0001468,ACC000172
TXN0001469,ACC000156
TXN0001470,ACC000105
TXN0001471,ACC000333
TXN0001472,ACC000360
TXN0001473,ACC000579
TXN0001474,ACC000410
TXN0001475,ACC000247
TXN0001476,ACC000452
TXN0001477,ACC000302
TXN0001478,ACC000210
TXN0001479,ACC000586
TXN0001480,ACC000424
TXN0001481,ACC000233
TXN0001482,ACC000263
TXN0001483,ACC000344
TXN0001484,ACC000295
TXN0001485,ACC000007
TXN0001486,ACC000205
TXN0001487,ACC000569
TXN0001488,ACC000576
TXN0001489,ACC000356
TXN0001490,ACC000328
TXN0001491,ACC000292
TXN0001492,ACC000424
TXN0001493,ACC000370
TXN0001494,ACC000445
TXN0001495,ACC000376
TXN0001496,ACC000203
TXN0001497,ACC000076
TXN0001498,ACC000481
TXN0001499,ACC000059
TXN0001500,ACC000525
TXN0001501,ACC000502
TXN0001502,ACC000222
TXN0001503,ACC000032
TXN0001504,ACC000054
TXN0001505,ACC000153
TXN0001506,ACC000093
TXN0001507,ACC000016
TXN0001508,ACC000149
TXN0001509,ACC000478
TXN0001510,ACC000208
TXN0001511,ACC000389
TXN0001512,ACC000385
TXN0001513,ACC000226
TXN0001514,ACC000171
TXN0001515,ACC000359
TXN0001516,ACC000399
TXN0001517,ACC000472
TXN0001518,ACC000209
TXN0001519,ACC000190
TXN0001520,ACC000174
TXN0001521,ACC000209
TXN0001522,ACC000291
TXN0001523,ACC000517
TXN0001524,ACC000462
TXN0001525,ACC000274
TXN0001526,ACC000577
TXN0001527,ACC000218
TXN0001528,ACC000066
TXN0001529,ACC000436
TXN0001530,ACC000400
TXN0001531,ACC000005
TXN0001532,ACC000098
TXN0001533,ACC000594
TXN0001534,ACC000126
TXN0001535,ACC000034
TXN0001536,ACC000010
TXN0001537,ACC000309
TXN0001538,ACC000561
TXN0001539,ACC000531
TXN0001540,ACC000441
TXN0001541,ACC000405
TXN0001542,ACC000023
TXN0001543,ACC000452
TXN0001544,ACC000212
TXN0001545,ACC000157
TXN0001546,ACC000423
TXN0001547,ACC000316
TXN0001548,ACC000311
TXN0001549,ACC000458
TXN0001550,ACC000571
TXN0001551,ACC000584
TXN0001552,ACC000202
TXN0001553,ACC000480
TXN0001554,ACC000526
TXN0001555,ACC000365
TXN0001556,ACC000371
TXN0001557,ACC000286
TXN0001558,ACC000093
TXN0001559,ACC000495
TXN0001560,ACC000441
TXN0001561,ACC000059
TXN0001562,ACC000023
TXN0001563,ACC000202
TXN0001564,ACC000507
TXN0001565,ACC000099
TXN0001566,ACC000424
TXN0001567,ACC000299
TXN0001568,ACC000374
TXN0001569,ACC000572
TXN0001570,ACC000110
TXN0001571,ACC000014
TXN0001572,ACC000292
TXN0001573,ACC000358
TXN0001574,ACC000502
TXN0001575,ACC000252
TXN0001576,ACC000278
TXN0001577,ACC000428
TXN0001578,ACC000445
TXN0001579,ACC000588
TXN0001580,ACC000307
TXN0001581,ACC000261
TXN0001582,ACC000505
TXN0001583,ACC000218
TXN0001584,ACC000239
TXN0001585,ACC000552
TXN0001586,ACC000451
TXN0001587,ACC000562
TXN0001588,ACC000058
TXN0001589,ACC000333
TXN0001590,ACC000133
TXN0001591,ACC000513
TXN0001592,ACC000586
TXN0001593,ACC000030
TXN0001594,ACC000339
TXN0001595,ACC000398
TXN0001596,ACC000447
TXN0001597,ACC000353
TXN0001598,ACC000089
TXN0001599,ACC000566
TXN0001600,ACC000195
TXN0001601,ACC000453
TXN0001602,ACC000555
TXN0001603,ACC000310
TXN0001604,ACC000460
TXN0001605,ACC000453
TXN0001606,ACC000092
TXN0001607,ACC000541
TXN0001608,ACC000552
TXN0001609,ACC000514
TXN0001610,ACC000242
TXN0001611,ACC000455
TXN0001612,ACC000280
TXN0001613,ACC000251
TXN0001614,ACC000270
TXN0001615,ACC000363
TXN0001616,ACC000044
TXN0001617,ACC000412
TXN0001618,ACC000520
TXN0001619,ACC000326
TXN0001620,ACC000219
TXN0001621,ACC000515
TXN0001622,ACC000041
TXN0001623,ACC000404
TXN0001624,ACC000161
TXN0001625,ACC000331
TXN0001626,ACC000059
TXN0001627,ACC000153
TXN0001628,ACC000245
TXN0001629,ACC000046
TXN0001630,ACC000523
TXN0001631,ACC000584
TXN0001632,ACC000399
TXN0001633,ACC000287
TXN0001634,ACC000402
TXN0001635,ACC000169
TXN0001636,ACC000271
TXN0001637,ACC000227
TXN0001638,ACC000305
TXN0001639,ACC000237
TXN0001640,ACC000366
TXN0001641,ACC000257
TXN0001642,ACC000541
TXN0001643,ACC000415
TXN0001644,ACC000337
TXN0001645,ACC000181
TXN0001646,ACC000114
TXN0001647,ACC000191
TXN0001648,ACC000104
TXN0001649,ACC000364
TXN0001650,ACC000398
TXN0001651,ACC000032
TXN0001652,ACC000240
TXN0001653,ACC000516
TXN0001654,ACC000462
TXN0001655,ACC000065
TXN0001656,ACC000005
TXN0001657,ACC000533
TXN0001658,ACC000559
TXN0001659,ACC000046
TXN0001660,ACC000214
TXN0001661,ACC000338
TXN0001662,ACC000317
TXN0001663,ACC000429
TXN0001664,ACC000297
TXN0001665,ACC000390
TXN0001666,ACC000437
TXN0001667,ACC000000
TXN0001668,ACC000306
TXN0001669,ACC000060
TXN0001670,ACC000217
TXN0001671,ACC000488
TXN0001672,ACC000412
TXN0001673,ACC000265
TXN0001674,ACC000451
TXN0001675,ACC000282
TXN0001676,ACC000470
TXN0001677,ACC000440
TXN0001678,ACC000596
TXN0001679,ACC000125
TXN0001680,ACC000083
TXN0001681,ACC000436
TXN0001682,ACC000083
TXN0001683,ACC000190
TXN0001684,ACC000181
TXN0001685,ACC000118
TXN0001686,ACC000346
TXN0001687,ACC000045
TXN0001688,ACC000243
TXN0001689,ACC000588
TXN0001690,ACC000414
TXN0001691,ACC000320
TXN0001692,ACC000359
TXN0001693,ACC000564
TXN0001694,ACC000418
TXN0001695,ACC000514
TXN0001696,ACC000071
TXN0001697,ACC000576
TXN0001698,ACC000045
TXN0001699,ACC000043
TXN0001700,ACC000309
TXN0001701,ACC000125
TXN0001702,ACC000321
TXN0001703,ACC000533
TXN0001704,ACC000226
TXN0001705,ACC000220
TXN0001706,ACC000221
TXN0001707,ACC000381
TXN0001708,ACC000134
TXN0001709,ACC000556
TXN0001710,ACC000425
TXN0001711,ACC000410
TXN0001712,ACC000001
TXN0001713,ACC000102
TXN0001714,ACC000228
TXN0001715,ACC000527
TXN0001716,ACC000321
TXN0001717,ACC000323
TXN0001718,ACC000000
TXN0001719,ACC000026
TXN0001720,ACC000171
TXN0001721,ACC000346
TXN0001722,ACC000493
TXN0001723,ACC000197
TXN0001724,ACC000531
TXN0001725,ACC000011
TXN0001726,ACC000108
TXN0001727,ACC000031
TXN0001728,ACC000070
TXN0001729,ACC000188
TXN0001730,ACC000301
TXN0001731,ACC000362
TXN0001732,ACC000476
TXN0001733,ACC000096
TXN0001734,ACC000554
TXN0001735,ACC000094
TXN0001736,ACC000383
TXN0001737,ACC000572
TXN0001738,ACC000056
TXN0001739,ACC000394
TXN0001740,ACC000092
TXN0001741,ACC000302
TXN0001742,ACC000581
TXN0001743,ACC000592
TXN0001744,ACC000118
TXN0001745,ACC000194
TXN0001746,ACC000410
TXN0001747,ACC000382
TXN0001748,ACC000037
TXN0001749,ACC000364
TXN0001750,ACC000344
TXN0001751,ACC000123
TXN0001752,ACC000589
TXN0001753,ACC000097
TXN0001754,ACC000227
TXN0001755,ACC000590
TXN0001756,ACC000421
TXN0001757,ACC000545
TXN0001758,ACC000448
TXN0001759,ACC000083
TXN0001760,ACC000513
TXN0001761,ACC000443
TXN0001762,ACC000504
TXN0001763,ACC000078
TXN0001764,ACC000494
TXN0001765,ACC000007
TXN0001766,ACC000549
TXN0001767,ACC000011
TXN0001768,ACC000318
TXN0001769,ACC000151
TXN0001770,ACC000208
TXN0001771,ACC000166
TXN0001772,ACC000571
TXN0001773,ACC000374
TXN0001774,ACC000017
TXN0001775,ACC000502
TXN0001776,ACC000103
TXN0001777,ACC000432
TXN0001778,ACC000085
TXN0001779,ACC000157
TXN0001780,ACC000225
TXN0001781,ACC000212
TXN0001782,ACC000143
TXN0001783,ACC000076
TXN0001784,ACC000199
TXN0001785,ACC000286
TXN0001786,ACC000590
TXN0001787,ACC000361
TXN0001788,ACC000167
TXN0001789,ACC000138
TXN0001790,ACC000043
TXN0001791,ACC000576
TXN0001792,ACC000271
TXN0001793,ACC000042
TXN0001794,ACC000053
TXN0001795,ACC000218
TXN0001796,ACC000489
TXN0001797,ACC000074
TXN0001798,ACC000482
TXN0001799,ACC000507
TXN0001800,ACC000371
TXN0001801,ACC000534
TXN0001802,ACC000569
TXN0001803,ACC000357
TXN0001804,ACC000394
TXN0001805,ACC000158
TXN0001806,ACC000459
TXN0001807,ACC000261
TXN0001808,ACC000553
TXN0001809,ACC000007
TXN0001810,ACC000397
TXN0001811,ACC000409
TXN0001812,ACC000108
TXN0001813,ACC000069
TXN0001814,ACC000185
TXN0001815,ACC000424
TXN0001816,ACC000134
TXN0001817,ACC000033
TXN0001818,ACC000235
TXN0001819,ACC000060
TXN0001820,ACC000397
TXN0001821,ACC000379
TXN0001822,ACC000075
TXN0001823,ACC000439
TXN0001824,ACC000325
TXN0001825,ACC000502
TXN0001826,ACC000095
TXN0001827,ACC000172
TXN0001828,ACC000112
TXN0001829,ACC000120
TXN0001830,ACC000567
TXN0001831,ACC000441
TXN0001832,ACC000049
TXN0001833,ACC000064
TXN0001834,ACC000555
TXN0001835,ACC000083
TXN0001836,ACC000124
TXN0001837,ACC000134
TXN0001838,ACC000235
TXN0001839,ACC000226
TXN0001840,ACC000200
TXN0001841,ACC000060
TXN0001842,ACC000186
TXN0001843,ACC000332
TXN0001844,ACC000365
TXN0001845,ACC000597
TXN0001846,ACC000520
TXN0001847,ACC000507
TXN0001848,ACC000594
TXN0001849,ACC000138
TXN0001850,ACC000060
TXN0001851,ACC000439
TXN0001852,ACC000154
TXN0001853,ACC000226
TXN0001854,ACC000117
TXN0001855,ACC000291
TXN0001856,ACC000349
TXN0001857,ACC000440
TXN0001858,ACC000568
TXN0001859,ACC000517
TXN0001860,ACC000107
TXN0001861,ACC000020
TXN0001862,ACC000596
TXN0001863,ACC000396
TXN0001864,ACC000110
TXN0001865,ACC000584
TXN0001866,ACC000414
TXN0001867,ACC000560
TXN0001868,ACC000049
TXN0001869,ACC000295
TXN0001870,ACC000367
TXN0001871,ACC000031
TXN0001872,ACC000352
TXN0001873,ACC000167
TXN0001874,ACC000091
TXN0001875,ACC000066
TXN0001876,ACC000144
TXN0001877,ACC000050
TXN0001878,ACC000222
TXN0001879,ACC000432
TXN0001880,ACC000006
TXN0001881,ACC000531
TXN0001882,ACC000125
TXN0001883,ACC000414
TXN0001884,ACC000280
TXN0001885,ACC000105
TXN0001886,ACC000570
TXN0001887,ACC000013
TXN0001888,ACC000259
TXN0001889,ACC000261
TXN0001890,ACC000416
TXN0001891,ACC000043
TXN0001892,ACC000554
TXN0001893,ACC000077
TXN0001894,ACC000511
TXN0001895,ACC000104
TXN0001896,ACC000262
TXN0001897,ACC000039
TXN0001898,ACC000565
TXN0001899,ACC000241
TXN0001900,ACC000279
TXN0001901,ACC000435
TXN0001902,ACC000577
TXN0001903,ACC000333
TXN0001904,ACC000269
TXN0001905,ACC000287
TXN0001906,ACC000579
TXN0001907,ACC000360
TXN0001908,ACC000030
TXN0001909,ACC000413
TXN0001910,ACC000011
TXN0001911,ACC000340
TXN0001912,ACC000513
TXN0001913,ACC000035
TXN0001914,ACC000423
TXN0001915,ACC000134
TXN0001916,ACC000467
TXN0001917,ACC000268
TXN0001918,ACC000348
TXN0001919,ACC000407
TXN0001920,ACC000442
TXN0001921,ACC000570
TXN0001922,ACC000225
TXN0001923,ACC000559
TXN0001924,ACC000356
TXN0001925,ACC000585
TXN0001926,ACC000041
TXN0001927,ACC000498
TXN0001928,ACC000264
TXN0001929,ACC000145
TXN0001930,ACC000280
TXN0001931,ACC000080
TXN0001932,ACC000312
TXN0001933,ACC000146
TXN0001934,ACC000016
TXN0001935,ACC000297
TXN0001936,ACC000367
TXN0001937,ACC000465
TXN0001938,ACC000453
TXN0001939,ACC000441
TXN0001940,ACC000183
TXN0001941,ACC000323
TXN0001942,ACC000195
TXN0001943,ACC000546
TXN0001944,ACC000294
TXN0001945,ACC000465
TXN0001946,ACC000415
TXN0001947,ACC000399
TXN0001948,ACC000087
TXN0001949,ACC000353
TXN0001950,ACC000199
TXN0001951,ACC000045
TXN0001952,ACC000098
TXN0001953,ACC000400
TXN0001954,ACC000292
TXN0001955,ACC000507
TXN0001956,ACC000142
TXN0001957,ACC000537
TXN0001958,ACC000410
TXN0001959,ACC000126
TXN0001960,ACC000480
TXN0001961,ACC000300
TXN0001962,ACC000384
TXN0001963,ACC000531
TXN0001964,ACC000327
TXN0001965,ACC000596
TXN0001966,ACC000014
TXN0001967,ACC000137
TXN0001968,ACC000396
TXN0001969,ACC000132
TXN0001970,ACC000456
TXN0001971,ACC000397
TXN0001972,ACC000086
TXN0001973,ACC000123
TXN0001974,ACC000399
TXN0001975,ACC000396
TXN0001976,ACC000140
TXN0001977,ACC000553
TXN0001978,ACC000408
TXN0001979,ACC000445
TXN0001980,ACC000008
TXN0001981,ACC000194
TXN0001982,ACC000315
TXN0001983,ACC000534
TXN0001984,ACC000130
TXN0001985,ACC000276
TXN0001986,ACC000409
TXN0001987,ACC000561
TXN0001988,ACC000422
TXN0001989,ACC000494
TXN0001990,ACC000047
TXN0001991,ACC000127
TXN0001992,ACC000405
TXN0001993,ACC000378
TXN0001994,ACC000387
TXN0001995,ACC000161
TXN0001996,ACC000509
TXN0001997,ACC000502
TXN0001998,ACC000302
TXN0001999,ACC000045
