assessment_id,score,assessed_at,risk_level
RA000000,18,2025-09-23 03:55:04,Low
RA000001,67,2025-01-06 08:33:01,Medium
RA000002,40,2025-08-11 06:45:11,Medium
RA000003,52,2025-11-08 03:43:16,Medium
RA000004,82,2025-02-26 15:09:02,High
RA000005,67,2025-01-03 10:48:51,Medium
RA000006,44,2025-09-16 02:52:59,Medium
RA000007,32,2025-02-15 11:41:10,Medium
RA000008,6,2025-08-14 05:46:06,Low
RA000009,35,2025-04-24 09:34:46,Medium
RA000010,45,2025-04-15 09:15:05,Medium
RA000011,30,2025-03-30 11:51:14,Medium
RA000012,47,2025-11-06 15:27:22,Medium
RA000013,51,2025-06-27 22:26:36,Medium
RA000014,45,2025-06-24 10:00:52,Medium
RA000015,36,2024-12-26 14:59:27,Medium
RA000016,53,2025-02-04 09:26:18,Medium
RA000017,58,2025-07-13 13:45:59,Medium
RA000018,28,2025-01-06 17:31:55,Low
RA000019,78,2025-03-03 04:11:09,High
RA000020,48,2025-07-23 09:51:21,Medium
RA000021,50,2025-01-15 15:51:48,Medium
RA000022,64,2025-06-16 14:35:53,Medium
RA000023,54,2025-06-08 13:03:33,Medium
RA000024,69,2025-05-04 02:30:02,Medium
RA000025,55,2025-05-05 09:13:54,Medium
RA000026,37,2025-07-26 00:37:48,Medium
RA000027,57,2024-12-21 02:44:29,Medium
RA000028,27,2025-04-06 09:03:56,Low
RA000029,52,2025-08-07 14:42:24,Medium
RA000030,49,2025-04-11 03:31:53,Medium
RA000031,45,2025-03-29 19:29:38,Medium
RA000032,47,2025-03-05 06:41:05,Medium
RA000033,12,2025-09-11 00:08:00,Low
RA000034,39,2025-09-27 06:31:42,Medium
RA000035,51,2025-02-15 06:10:21,Medium
RA000036,53,2025-10-19 06:24:48,Medium
RA000037,29,2025-03-16 06:18:14,Low
RA000038,75,2025-02-05 00:46:34,High
RA000039,32,2025-11-13 03:13:04,Medium
RA000040,69,2025-02-26 21:13:46,Medium
RA000041,58,2025-01-15 12:19:10,Medium
RA000042,37,2025-01-27 23:13:22,Medium
RA000043,85,2025-11-22 01:54:26,High
RA000044,26,2025-01-12 19:49:34,Low
RA000045,68,2025-07-16 07:40:02,Medium
RA000046,70,2025-07-30 23:43:07,High
RA000047,36,2025-09-08 08:27:02,Medium
RA000048,77,2025-05-02 15:04:39,High
RA000049,44,2025-11-29 02:25:09,Medium
RA000050,55,2025-07-08 21:51:12,Medium
RA000051,55,2025-05-11 14:12:46,Medium
RA000052,47,2025-10-25 17:50:21,Medium
RA000053,66,2025-03-10 14:39:37,Medium
RA000054,65,2025-04-20 14:20:49,Medium
RA000055,15,2025-10-22 06:08:27,Low
RA000056,76,2025-02-12 09:27:10,High
RA000057,16,2025-04-13 02:12:16,Low
RA000058,70,2025-08-29 08:51:29,High
RA000059,72,2025-01-05 04:21:12,High
RA000060,28,2025-11-17 12:49:43,Low
RA000061,41,2025-09-17 06:47:41,Medium
RA000062,27,2025-03-04 05:17:04,Low
RA000063,45,2025-09-23 16:54:51,Medium
RA000064,43,2025-01-03 12:02:17,Medium
RA000065,65,2025-11-16 01:48:51,Medium
RA000066,76,2025-06-29 03:20:03,High
RA000067,77,2025-01-01 11:53:08,High
RA000068,38,2025-11-06 01:24:09,Medium
RA000069,45,2025-08-29 09:48:45,Medium
RA000070,16,2024-12-16 00:40:31,Low
RA000071,33,2025-06-05 20:34:16,Medium
RA000072,69,2025-08-14 22:59:19,Medium
RA000073,82,2025-10-22 22:20:33,High
RA000074,25,2025-05-25 03:40:15,Low
RA000075,38,2025-09-02 04:55:39,Medium
RA000076,49,2025-06-20 11:08:20,Medium
RA000077,55,2025-05-12 23:03:17,Medium
RA000078,33,2025-04-12 17:27:09,Medium
RA000079,58,2025-03-01 15:48:23,Medium
RA000080,40,2025-10-03 07:32:49,Medium
RA000081,49,2025-06-18 12:51:19,Medium
RA000082,60,2024-12-30 14:10:31,Medium
RA000083,50,2024-12-31 02:34:06,Medium
RA000084,41,2025-01-17 20:15:52,Medium
RA000085,47,2025-02-03 19:46:25,Medium
RA000086,48,2025-03-22 04:13:37,Medium
RA000087,42,2025-10-09 23:18:37,Medium
RA000088,44,2025-06-30 01:31:24,Medium
RA000089,81,2025-09-16 04:34:20,High
RA000090,61,2025-02-18 05:16:54,Medium
RA000091,44,2025-11-19 23:40:36,Medium
RA000092,63,2025-02-28 01:39:04,Medium
RA000093,43,2025-11-19 02:26:20,Medium
RA000094,73,2025-08-29 02:35:26,High
RA000095,57,2025-11-06 06:47:07,Medium
RA000096,47,2025-04-29 16:06:16,Medium
RA000097,58,2025-07-29 21:13:13,Medium
RA000098,18,2025-11-19 09:24:50,Low
RA000099,27,2025-07-25 21:04:27,Low
RA000100,26,2024-12-28 19:38:39,Low
RA000101,52,2024-12-02 20:25:34,Medium
RA000102,84,2025-10-30 18:08:25,High
RA000103,94,2025-08-23 05:56:54,High
RA000104,62,2025-08-03 08:23:55,Medium
RA000105,60,2025-01-25 03:48:36,Medium
RA000106,13,2025-06-12 04:43:02,Low
RA000107,39,2025-05-13 11:05:48,Medium
RA000108,34,2025-11-28 22:07:46,Medium
RA000109,37,2025-04-15 00:36:56,Medium
RA000110,46,2025-07-30 22:14:13,Medium
RA000111,40,2025-08-26 21:46:14,Medium
RA000112,10,2025-03-10 09:57:38,Low
RA000113,64,2025-08-10 05:09:00,Medium
RA000114,28,2025-02-26 19:07:42,Low
RA000115,54,2025-11-30 10:20:53,Medium
RA000116,91,2024-12-19 15:15:06,High
RA000117,31,2025-08-25 05:33:18,Medium
RA000118,0,2025-05-10 02:09:46,Low
RA000119,44,2025-01-10 22:21:38,Medium
RA000120,72,2025-01-26 05:52:08,High
RA000121,89,2025-06-20 05:12:45,High
RA000122,25,2025-03-10 19:52:10,Low
RA000123,59,2025-09-24 21:52:42,Medium
RA000124,40,2024-12-24 07:26:59,Medium
RA000125,47,2025-05-03 20:06:27,Medium
RA000126,100,2025-02-07 08:55:06,High
RA000127,19,2025-07-12 18:34:31,Low
RA000128,55,2025-06-01 11:00:34,Medium
RA000129,59,2025-09-17 00:14:23,Medium
RA000130,71,2025-04-07 02:19:20,High
RA000131,51,2025-10-23 02:12:01,Medium
RA000132,56,2025-05-12 04:32:42,Medium
RA000133,42,2025-05-31 08:34:53,Medium
RA000134,55,2025-05-15 13:59:52,Medium
RA000135,43,2025-11-10 09:44:00,Medium
RA000136,62,2025-06-13 05:38:23,Medium
RA000137,42,2025-11-04 15:32:01,Medium
RA000138,57,2025-11-17 18:28:48,Medium
RA000139,49,2025-10-16 03:22:03,Medium
RA000140,72,2025-03-18 02:35:03,High
RA000141,48,2025-09-25 05:32:46,Medium
RA000142,14,2025-05-12 08:09:27,Low
RA000143,75,2025-06-30 01:29:34,High
RA000144,31,2025-03-12 01:55:04,Medium
RA000145,36,2025-10-12 23:19:34,Medium
RA000146,38,2025-10-13 19:39:04,Medium
RA000147,77,2025-01-20 06:42:17,High
RA000148,7,2025-01-11 17:53:04,Low
RA000149,100,2025-08-25 13:05:02,High
RA000150,71,2024-12-04 07:05:00,High
RA000151,54,2025-06-12 14:28:09,Medium
RA000152,48,2025-11-05 02:48:15,Medium
RA000153,55,2025-02-25 15:21:34,Medium
RA000154,60,2025-07-02 09:00:46,Medium
RA000155,62,2025-05-01 15:33:06,Medium
RA000156,61,2025-02-13 15:35:45,Medium
RA000157,51,2025-03-14 15:28:43,Medium
RA000158,46,2025-10-28 04:00:36,Medium
RA000159,46,2025-07-22 05:09:43,Medium
RA000160,46,2025-04-15 20:21:29,Medium
RA000161,72,2025-08-27 21:17:20,High
RA000162,61,2025-11-03 18:56:25,Medium
RA000163,0,2025-08-11 10:54:15,Low
RA000164,63,2025-06-20 13:23:23,Medium
RA000165,53,2025-06-30 23:54:09,Medium
RA000166,49,2025-05-04 22:28:20,Medium
RA000167,42,2024-12-04 17:12:43,Medium
RA000168,72,2025-04-24 08:36:46,High
RA000169,68,2025-05-27 22:19:11,Medium
RA000170,34,2025-07-22 19:31:20,Medium
RA000171,58,2025-05-26 04:55:47,Medium
RA000172,30,2025-01-19 23:32:49,Medium
RA000173,22,2025-09-22 11:18:59,Low
RA000174,37,2025-05-10 16:38:50,Medium
RA000175,67,2025-01-30 14:59:29,Medium
RA000176,69,2025-10-13 07:29:43,Medium
RA000177,60,2025-08-21 01:37:51,Medium
RA000178,64,2025-01-22 21:09:16,Medium
RA000179,60,2025-03-21 01:34:43,Medium
RA000180,37,2025-10-20 12:48:32,Medium
RA000181,58,2025-01-25 15:45:49,Medium
RA000182,66,2024-12-28 17:05:48,Medium
RA000183,65,2025-07-23 05:00:46,Medium
RA000184,73,2025-12-01 19:16:30,High
RA000185,64,2025-03-06 17:33:45,Medium
RA000186,57,2025-03-29 05:52:42,Medium
RA000187,71,2025-09-18 11:32:05,High
RA000188,49,2025-06-07 18:07:59,Medium
RA000189,32,2025-09-19 13:59:56,Medium
RA000190,46,2025-06-19 10:32:47,Medium
RA000191,35,2025-09-04 06:58:14,Medium
RA000192,36,2025-02-28 06:27:09,Medium
RA000193,47,2025-07-17 06:59:01,Medium
RA000194,34,2025-08-30 19:39:42,Medium
RA000195,43,2025-03-05 09:16:21,Medium
RA000196,12,2025-04-10 03:57:23,Low
RA000197,54,2025-09-06 02:48:08,Medium
RA000198,50,2025-10-03 02:56:38,Medium
RA000199,33,2025-11-26 10:15:08,Medium
RA000200,63,2025-10-22 09:43:21,Medium
RA000201,68,2025-02-11 18:37:29,Medium
RA000202,17,2025-08-28 13:37:33,Low
RA000203,34,2025-07-12 17:55:01,Medium
RA000204,34,2025-10-23 00:59:58,Medium
RA000205,31,2025-07-23 01:36:39,Medium
RA000206,66,2025-07-05 00:57:31,Medium
RA000207,46,2025-04-29 06:49:38,Medium
RA000208,44,2025-02-05 15:44:22,Medium
RA000209,9,2024-12-28 00:19:11,Low
RA000210,62,2025-04-13 20:29:21,Medium
RA000211,25,2025-06-12 13:01:57,Low
RA000212,51,2025-01-29 09:27:00,Medium
RA000213,55,2025-10-10 11:38:19,Medium
RA000214,77,2025-07-13 13:53:50,High
RA000215,23,2025-06-05 22:10:44,Low
RA000216,0,2025-10-23 03:13:02,Low
RA000217,53,2025-02-09 22:27:20,Medium
RA000218,86,2025-03-21 14:59:16,High
RA000219,74,2025-10-06 22:14:46,High
RA000220,54,2025-02-28 04:52:19,Medium
RA000221,40,2025-09-09 04:09:09,Medium
RA000222,66,2024-12-14 15:34:01,Medium
RA000223,30,2025-06-22 23:21:26,Medium
RA000224,59,2025-11-01 04:58:55,Medium
RA000225,60,2025-03-28 16:37:46,Medium
RA000226,71,2025-08-25 03:07:50,High
RA000227,100,2025-11-23 21:20:41,High
RA000228,57,2025-06-13 04:48:54,Medium
RA000229,39,2025-03-26 07:25:37,Medium
RA000230,49,2025-03-01 20:39:15,Medium
RA000231,14,2025-07-31 15:27:50,Low
RA000232,36,2025-09-27 19:16:46,Medium
RA000233,41,2025-01-20 14:43:59,Medium
RA000234,39,2025-10-15 20:50:03,Medium
RA000235,53,2025-01-05 23:30:10,Medium
RA000236,33,2025-06-29 03:47:37,Medium
RA000237,72,2025-03-14 03:55:27,High
RA000238,50,2025-08-16 15:57:15,Medium
RA000239,49,2025-07-28 17:02:30,Medium
RA000240,43,2024-12-30 20:54:49,Medium
RA000241,53,2025-05-31 18:04:20,Medium
RA000242,66,2025-01-31 08:57:34,Medium
RA000243,32,2025-07-19 23:14:30,Medium
RA000244,36,2025-04-05 22:18:35,Medium
RA000245,43,2025-11-17 18:35:21,Medium
RA000246,23,2025-10-04 17:17:13,Low
RA000247,33,2025-06-30 16:50:47,Medium
RA000248,40,2025-09-28 08:39:48,Medium
RA000249,67,2025-03-23 07:08:58,Medium
RA000250,55,2025-08-14 12:58:25,Medium
RA000251,53,2025-08-02 16:03:03,Medium
RA000252,67,2025-01-26 23:10:56,Medium
RA000253,47,2025-02-23 14:02:25,Medium
RA000254,57,2024-12-26 18:45:28,Medium
RA000255,47,2025-04-18 23:34:43,Medium
RA000256,55,2025-07-04 11:50:53,Medium
RA000257,38,2025-08-10 07:23:11,Medium
RA000258,1,2025-09-07 16:03:43,Low
RA000259,47,2025-10-12 09:49:16,Medium
RA000260,78,2025-03-08 08:06:28,High
RA000261,68,2025-06-12 14:41:20,Medium
RA000262,69,2025-06-27 12:45:15,Medium
RA000263,74,2025-05-28 07:35:02,High
RA000264,51,2025-07-09 21:03:53,Medium
RA000265,53,2025-05-06 00:14:22,Medium
RA000266,37,2025-09-02 15:50:55,Medium
RA000267,43,2025-07-08 16:19:47,Medium
RA000268,62,2025-02-07 01:13:23,Medium
RA000269,74,2025-02-17 23:41:08,High
RA000270,47,2025-01-04 17:39:36,Medium
RA000271,40,2025-02-07 12:40:48,Medium
RA000272,50,2025-02-11 10:48:49,Medium
RA000273,62,2025-11-28 18:19:10,Medium
RA000274,21,2025-08-11 03:26:02,Low
RA000275,4,2025-04-19 19:01:40,Low
RA000276,38,2025-01-13 06:16:26,Medium
RA000277,25,2024-12-18 08:42:53,Low
RA000278,39,2025-01-11 00:45:59,Medium
RA000279,47,2025-03-12 15:11:16,Medium
RA000280,40,2025-09-20 10:26:39,Medium
RA000281,79,2025-08-22 19:34:00,High
RA000282,56,2025-02-27 01:33:23,Medium
RA000283,56,2024-12-16 17:46:30,Medium
RA000284,62,2025-05-08 11:01:25,Medium
RA000285,27,2025-05-11 04:17:59,Low
RA000286,70,2025-01-10 12:51:23,High
RA000287,48,2025-09-30 01:12:48,Medium
RA000288,63,2025-07-09 15:07:57,Medium
RA000289,28,2025-07-28 12:42:41,Low
RA000290,18,2025-09-28 01:21:55,Low
RA000291,66,2025-02-08 21:47:40,Medium
RA000292,57,2025-07-11 16:15:18,Medium
RA000293,31,2025-08-28 05:49:38,Medium
RA000294,32,2025-02-23 18:22:00,Medium
RA000295,72,2025-04-12 02:52:11,High
RA000296,26,2025-06-04 17:18:46,Low
RA000297,82,2025-04-10 16:20:02,High
RA000298,31,2025-09-05 20:47:23,Medium
RA000299,62,2024-12-13 06:16:08,Medium
RA000300,43,2025-10-31 15:54:38,Medium
RA000301,62,2025-11-26 21:12:44,Medium
RA000302,39,2025-11-19 11:18:17,Medium
RA000303,46,2025-04-03 12:44:23,Medium
RA000304,50,2025-08-07 03:11:50,Medium
RA000305,29,2025-01-08 12:13:09,Low
RA000306,64,2025-01-23 06:37:12,Medium
RA000307,39,2025-03-27 07:03:26,Medium
RA000308,45,2025-01-10 12:10:28,Medium
RA000309,30,2025-04-10 12:14:00,Medium
RA000310,0,2025-01-27 04:46:34,Low
RA000311,46,2025-08-03 02:45:18,Medium
RA000312,98,2024-12-22 01:08:28,High
RA000313,65,2025-03-01 04:56:13,Medium
RA000314,49,2025-04-18 07:19:04,Medium
RA000315,44,2025-10-05 14:49:12,Medium
RA000316,50,2025-05-21 06:00:18,Medium
RA000317,60,2025-04-25 16:34:36,Medium
RA000318,26,2025-04-25 07:57:00,Low
RA000319,72,2025-04-11 12:31:23,High
RA000320,64,2025-09-17 15:35:59,Medium
RA000321,64,2025-10-10 17:21:36,Medium
RA000322,58,2024-12-25 09:45:26,Medium
RA000323,50,2025-06-07 09:22:55,Medium
RA000324,63,2025-05-14 05:06:55,Medium
RA000325,61,2025-10-12 11:51:43,Medium
RA000326,42,2025-06-03 17:49:40,Medium
RA000327,38,2025-04-26 07:28:40,Medium
RA000328,52,2025-03-25 02:00:33,Medium
RA000329,80,2025-06-02 17:50:04,High
RA000330,25,2025-02-02 00:38:34,Low
RA000331,20,2025-10-12 18:39:08,Low
RA000332,53,2025-08-08 15:21:10,Medium
RA000333,51,2025-06-05 16:26:08,Medium
RA000334,53,2025-10-18 08:25:04,Medium
RA000335,54,2025-03-19 16:25:05,Medium
RA000336,45,2025-08-14 12:43:23,Medium
RA000337,79,2025-03-06 08:58:47,High
RA000338,17,2025-08-31 11:15:28,Low
RA000339,33,2025-06-04 16:29:04,Medium
RA000340,47,2025-07-16 19:32:32,Medium
RA000341,17,2024-12-13 21:58:20,Low
RA000342,46,2025-08-10 23:05:11,Medium
RA000343,83,2025-06-26 23:21:09,High
RA000344,50,2025-08-02 22:29:48,Medium
RA000345,54,2025-06-23 11:28:27,Medium
RA000346,24,2025-02-12 10:53:26,Low
RA000347,37,2025-09-24 13:18:42,Medium
RA000348,42,2025-11-11 19:55:26,Medium
RA000349,43,2025-06-12 08:04:14,Medium
RA000350,75,2025-01-12 11:27:50,High
RA000351,61,2025-02-25 00:27:18,Medium
RA000352,27,2025-06-07 01:39:09,Low
RA000353,54,2025-05-03 11:16:49,Medium
RA000354,59,2025-06-01 03:25:16,Medium
RA000355,72,2025-03-25 00:35:16,High
RA000356,81,2025-05-30 22:09:37,High
RA000357,29,2025-01-19 14:35:19,Low
RA000358,33,2025-01-01 20:06:45,Medium
RA000359,24,2025-05-05 06:40:55,Low
RA000360,45,2025-03-15 17:33:30,Medium
RA000361,59,2025-10-03 20:05:04,Medium
RA000362,69,2025-01-19 22:27:35,Medium
RA000363,48,2025-03-14 17:59:33,Medium
RA000364,43,2025-09-10 10:52:58,Medium
RA000365,53,2025-11-05 22:23:10,Medium
RA000366,33,2025-09-30 05:20:38,Medium
RA000367,91,2025-08-31 20:30:42,High
RA000368,17,2024-12-12 13:21:05,Low
RA000369,53,2025-03-11 06:00:12,Medium
RA000370,90,2025-09-23 17:32:07,High
RA000371,50,2025-03-13 05:37:15,Medium
RA000372,46,2025-09-25 20:04:11,Medium
RA000373,42,2024-12-30 14:34:26,Medium
RA000374,46,2025-08-29 15:26:23,Medium
RA000375,77,2025-02-23 19:04:32,High
RA000376,5,2025-03-17 12:52:44,Low
RA000377,80,2025-01-10 07:59:49,High
RA000378,21,2025-06-11 12:50:47,Low
RA000379,44,2025-06-26 10:29:01,Medium
RA000380,41,2025-05-11 09:17:50,Medium
RA000381,61,2024-12-15 19:53:03,Medium
RA000382,18,2025-01-07 04:09:13,Low
RA000383,59,2025-06-03 07:34:10,Medium
RA000384,90,2025-03-04 10:34:17,High
RA000385,22,2025-01-05 18:37:35,Low
RA000386,53,2025-05-05 02:25:56,Medium
RA000387,36,2025-04-19 00:34:49,Medium
RA000388,58,2025-06-16 13:08:54,Medium
RA000389,50,2025-04-12 22:48:47,Medium
RA000390,37,2024-12-27 19:18:35,Medium
RA000391,59,2025-05-26 23:55:41,Medium
RA000392,86,2025-07-21 07:54:04,High
RA000393,46,2025-07-17 08:31:01,Medium
RA000394,64,2025-05-25 04:24:43,Medium
RA000395,24,2025-09-02 19:32:18,Low
RA000396,30,2025-02-09 23:25:16,Medium
RA000397,59,2025-07-24 20:18:41,Medium
RA000398,79,2025-11-04 10:20:53,High
RA000399,57,2025-07-12 02:50:35,Medium
RA000400,43,2025-11-03 02:20:01,Medium
RA000401,49,2025-02-02 20:32:26,Medium
RA000402,24,2025-10-02 06:15:49,Low
RA000403,62,2025-10-25 09:57:17,Medium
RA000404,67,2025-03-27 10:43:23,Medium
RA000405,40,2025-08-25 13:43:49,Medium
RA000406,40,2025-06-26 00:19:09,Medium
RA000407,55,2025-10-20 00:17:30,Medium
RA000408,41,2025-07-03 06:11:18,Medium
RA000409,48,2025-08-03 04:56:02,Medium
RA000410,91,2025-07-02 18:54:44,High
RA000411,45,2025-03-30 14:01:49,Medium
RA000412,42,2025-06-22 21:02:54,Medium
RA000413,37,2025-03-10 01:48:05,Medium
RA000414,64,2025-05-09 16:57:03,Medium
RA000415,46,2025-10-14 07:32:57,Medium
RA000416,37,2025-10-03 07:49:32,Medium
RA000417,76,2025-07-14 15:30:42,High
RA000418,78,2025-04-19 01:35:56,High
RA000419,37,2025-11-05 22:15:59,Medium
RA000420,12,2025-03-30 19:40:55,Low
RA000421,70,2025-04-16 02:10:08,High
RA000422,36,2025-08-14 08:17:40,Medium
RA000423,65,2025-11-14 18:31:35,Medium
RA000424,10,2025-10-26 22:25:15,Low
RA000425,67,2025-07-16 12:40:01,Medium
RA000426,25,2025-07-23 01:56:47,Low
RA000427,64,2025-03-13 03:33:45,Medium
RA000428,50,2025-06-19 15:10:46,Medium
RA000429,30,2025-09-10 04:41:02,Medium
RA000430,41,2025-03-31 16:30:06,Medium
RA000431,63,2025-05-15 10:39:20,Medium
RA000432,52,2025-05-12 19:01:22,Medium
RA000433,61,2025-11-01 09:12:31,Medium
RA000434,89,2024-12-03 20:06:30,High
RA000435,18,2025-06-04 05:27:05,Low
RA000436,82,2025-09-25 17:57:33,High
RA000437,52,2024-12-12 09:48:13,Medium
RA000438,32,2025-03-09 17:09:51,Medium
RA000439,23,2025-03-25 02:15:59,Low
RA000440,46,2025-11-07 16:04:05,Medium
RA000441,68,2025-02-11 20:11:48,Medium
RA000442,47,2024-12-28 17:57:33,Medium
RA000443,80,2025-04-19 04:24:03,High
RA000444,20,2025-07-22 19:52:58,Low
RA000445,49,2025-02-08 12:39:16,Medium
RA000446,24,2025-10-14 12:00:00,Low
RA000447,57,2025-01-24 21:45:16,Medium
RA000448,67,2025-07-14 18:22:26,Medium
RA000449,41,2025-01-17 16:48:54,Medium
RA000450,0,2025-03-12 23:54:39,Low
RA000451,53,2025-05-28 00:43:57,Medium
RA000452,58,2025-11-10 19:38:46,Medium
RA000453,58,2025-02-26 11:50:30,Medium
RA000454,74,2025-01-03 13:41:44,High
RA000455,28,2025-11-15 15:28:21,Low
RA000456,63,2025-03-25 19:09:17,Medium
RA000457,73,2025-11-17 07:38:38,High
RA000458,14,2025-03-25 13:04:28,Low
RA000459,56,2025-10-21 18:51:59,Medium
RA000460,39,2025-04-18 12:38:42,Medium
RA000461,48,2025-11-04 14:34:19,Medium
RA000462,56,2025-05-09 15:25:50,Medium
RA000463,40,2025-05-31 00:46:51,Medium
RA000464,36,2025-09-07 03:54:54,Medium
RA000465,50,2025-05-28 17:36:08,Medium
RA000466,28,2025-03-06 19:42:03,Low
RA000467,28,2025-11-18 00:32:51,Low
RA000468,63,2025-01-27 04:47:36,Medium
RA000469,27,2025-02-07 14:34:43,Low
RA000470,63,2025-04-02 15:13:34,Medium
RA000471,59,2025-02-14 13:39:30,Medium
RA000472,15,2025-01-19 03:19:07,Low
RA000473,36,2025-03-27 18:55:28,Medium
RA000474,73,2025-09-30 21:13:03,High
RA000475,30,2025-08-20 04:14:53,Medium
RA000476,40,2025-09-05 00:21:38,Medium
RA000477,59,2025-07-04 22:46:25,Medium
RA000478,65,2025-10-31 22:26:11,Medium
RA000479,44,2025-01-27 08:08:39,Medium
RA000480,38,2025-11-28 07:42:24,Medium
RA000481,78,2025-03-15 06:56:52,High
RA000482,84,2025-09-18 02:22:56,High
RA000483,69,2025-08-17 16:10:14,Medium
RA000484,51,2025-08-02 05:18:17,Medium
RA000485,33,2025-09-21 18:53:08,Medium
RA000486,33,2025-03-26 04:11:42,Medium
RA000487,60,2024-12-23 14:50:55,Medium
RA000488,58,2024-12-17 23:29:11,Medium
RA000489,78,2025-08-18 18:55:59,High
RA000490,63,2025-04-18 05:33:58,Medium
RA000491,19,2025-10-18 09:15:59,Low
RA000492,71,2025-07-13 06:25:02,High
RA000493,30,2025-01-04 20:36:45,Medium
RA000494,42,2025-10-07 02:57:25,Medium
RA000495,55,2025-05-22 21:00:49,Medium
RA000496,89,2025-05-04 08:16:27,High
RA000497,100,2024-12-26 00:10:25,High
RA000498,62,2025-07-22 06:18:15,Medium
RA000499,46,2025-11-02 06:13:53,Medium
RA000500,60,2025-05-17 13:23:54,Medium
RA000501,67,2025-07-25 00:31:57,Medium
RA000502,43,2025-08-25 10:35:56,Medium
RA000503,85,2025-05-27 00:40:13,High
RA000504,54,2025-08-10 09:37:10,Medium
RA000505,59,2025-05-24 14:29:52,Medium
RA000506,63,2025-03-05 18:47:36,Medium
RA000507,58,2025-08-12 05:35:57,Medium
RA000508,66,2025-11-10 19:34:51,Medium
RA000509,37,2025-05-25 05:24:51,Medium
RA000510,38,2025-04-12 11:49:11,Medium
RA000511,27,2025-06-26 00:38:16,Low
RA000512,58,2025-06-16 02:57:01,Medium
RA000513,65,2024-12-06 18:48:04,Medium
RA000514,59,2025-08-06 01:01:48,Medium
RA000515,83,2024-12-11 21:46:48,High
RA000516,49,2025-10-10 17:11:40,Medium
RA000517,63,2025-03-05 06:17:07,Medium
RA000518,28,2025-03-06 02:31:03,Low
RA000519,42,2025-06-03 02:24:27,Medium
RA000520,63,2025-01-12 15:47:23,Medium
RA000521,66,2025-04-19 02:28:48,Medium
RA000522,44,2025-10-08 02:04:44,Medium
RA000523,48,2025-02-10 16:11:33,Medium
RA000524,19,2025-08-29 22:07:10,Low
RA000525,42,2024-12-04 16:47:58,Medium
RA000526,67,2025-10-14 12:34:58,Medium
RA000527,61,2025-01-19 12:54:19,Medium
RA000528,60,2025-10-31 06:12:09,Medium
RA000529,50,2025-04-12 11:06:58,Medium
RA000530,50,2025-11-06 17:27:07,Medium
RA000531,36,2025-01-30 19:01:57,Medium
RA000532,63,2025-09-04 09:14:46,Medium
RA000533,58,2025-06-11 11:33:26,Medium
RA000534,59,2025-11-28 13:21:51,Medium
RA000535,39,2025-07-28 07:01:08,Medium
RA000536,6,2025-03-23 23:28:57,Low
RA000537,71,2025-07-05 22:46:11,High
RA000538,40,2025-06-02 05:32:43,Medium
RA000539,32,2025-11-06 09:18:11,Medium
RA000540,63,2025-10-16 08:56:58,Medium
RA000541,42,2025-05-22 22:01:05,Medium
RA000542,71,2025-08-19 09:30:56,High
RA000543,62,2024-12-21 15:57:17,Medium
RA000544,63,2025-07-20 16:55:53,Medium
RA000545,22,2025-09-17 08:02:13,Low
RA000546,74,2024-12-07 02:11:06,High
RA000547,55,2025-01-01 13:04:52,Medium
RA000548,42,2025-04-13 18:55:32,Medium
RA000549,52,2025-09-19 08:57:17,Medium
RA000550,14,2025-05-06 04:48:28,Low
RA000551,58,2025-01-17 22:08:18,Medium
RA000552,29,2025-11-30 06:42:18,Low
RA000553,22,2024-12-28 15:45:13,Low
RA000554,19,2025-02-22 14:24:48,Low
RA000555,72,2025-10-31 03:57:23,High
RA000556,37,2025-06-15 22:37:18,Medium
RA000557,80,2025-02-09 01:24:20,High
RA000558,39,2025-02-27 05:22:05,Medium
RA000559,15,2025-09-09 16:44:58,Low
RA000560,27,2025-11-08 03:09:59,Low
RA000561,74,2025-06-13 17:10:28,High
RA000562,46,2025-02-13 04:09:31,Medium
RA000563,39,2025-05-13 21:35:05,Medium
RA000564,53,2025-04-01 11:57:27,Medium
RA000565,60,2024-12-28 07:24:17,Medium
RA000566,72,2025-04-12 20:56:27,High
RA000567,78,2025-02-03 23:55:46,High
RA000568,42,2025-09-22 13:23:33,Medium
RA000569,23,2025-05-10 15:41:12,Low
RA000570,41,2025-03-10 04:07:34,Medium
RA000571,55,2025-07-04 06:29:29,Medium
RA000572,30,2025-07-31 07:03:31,Medium
RA000573,30,2025-10-23 08:05:19,Medium
RA000574,56,2025-07-16 05:02:33,Medium
RA000575,49,2025-10-20 05:37:37,Medium
RA000576,50,2025-02-28 16:13:19,Medium
RA000577,34,2025-04-29 08:02:35,Medium
RA000578,45,2025-10-18 01:11:33,Medium
RA000579,31,2025-02-08 12:29:47,Medium
RA000580,67,2025-01-06 05:09:23,Medium
RA000581,70,2025-04-21 00:16:01,High
RA000582,13,2025-08-01 00:32:15,Low
RA000583,31,2025-08-30 11:34:16,Medium
RA000584,20,2024-12-03 18:20:22,Low
RA000585,36,2025-09-23 20:06:29,Medium
RA000586,48,2025-09-23 23:34:55,Medium
RA000587,21,2025-04-22 16:02:01,Low
RA000588,31,2025-06-17 20:52:58,Medium
RA000589,29,2025-01-05 06:07:23,Low
RA000590,54,2025-04-23 19:48:28,Medium
RA000591,51,2025-04-30 21:50:44,Medium
RA000592,35,2025-05-12 22:16:54,Medium
RA000593,53,2025-02-22 23:30:58,Medium
RA000594,39,2025-01-17 08:10:07,Medium
RA000595,44,2025-07-02 23:45:34,Medium
RA000596,83,2025-09-06 00:29:00,High
RA000597,76,2025-09-28 16:26:26,High
RA000598,24,2025-09-15 08:10:10,Low
RA000599,66,2025-06-02 12:46:49,Medium
RA000600,66,2025-09-07 10:41:13,Medium
RA000601,27,2025-01-11 17:31:39,Low
RA000602,66,2025-05-28 13:06:35,Medium
RA000603,80,2025-12-02 21:27:34,High
RA000604,27,2025-06-06 11:54:02,Low
RA000605,31,2025-08-17 06:33:38,Medium
RA000606,70,2025-08-22 15:00:34,High
RA000607,55,2025-08-14 21:04:08,Medium
RA000608,61,2025-03-25 09:16:11,Medium
RA000609,56,2025-01-25 15:52:40,Medium
RA000610,57,2025-02-28 14:57:06,Medium
RA000611,23,2025-05-26 14:49:16,Low
RA000612,70,2025-07-13 17:20:58,High
RA000613,73,2025-10-02 11:21:54,High
RA000614,45,2025-08-22 07:52:05,Medium
RA000615,49,2024-12-22 14:13:30,Medium
RA000616,19,2025-01-21 20:02:20,Low
RA000617,60,2025-06-27 00:20:40,Medium
RA000618,61,2025-02-16 15:04:58,Medium
RA000619,48,2025-07-08 07:39:03,Medium
RA000620,72,2025-05-11 22:17:46,High
RA000621,43,2025-07-29 07:43:07,Medium
RA000622,61,2025-09-21 01:21:59,Medium
RA000623,29,2025-06-26 02:09:07,Low
RA000624,49,2025-07-27 16:48:41,Medium
RA000625,46,2024-12-31 16:01:21,Medium
RA000626,54,2025-09-23 13:30:29,Medium
RA000627,42,2025-01-20 08:27:10,Medium
RA000628,47,2025-06-27 14:45:49,Medium
RA000629,66,2025-01-09 20:13:36,Medium
RA000630,41,2025-06-29 12:55:39,Medium
RA000631,17,2025-11-26 14:33:09,Low
RA000632,84,2025-08-15 05:26:15,High
RA000633,77,2025-01-29 03:29:28,High
RA000634,24,2025-06-14 12:53:47,Low
RA000635,63,2025-01-13 17:58:52,Medium
RA000636,39,2025-08-20 18:43:26,Medium
RA000637,55,2025-09-07 03:26:26,Medium
RA000638,55,2025-09-28 07:51:56,Medium
RA000639,45,2025-08-01 14:23:53,Medium
RA000640,34,2025-03-25 18:03:13,Medium
RA000641,36,2025-09-15 01:36:39,Medium
RA000642,31,2025-10-23 05:08:14,Medium
RA000643,33,2025-02-11 23:25:22,Medium
RA000644,48,2025-05-06 02:40:45,Medium
RA000645,35,2025-04-17 22:12:11,Medium
RA000646,63,2025-02-10 20:15:01,Medium
RA000647,79,2025-02-27 22:19:26,High
RA000648,38,2025-06-10 14:39:43,Medium
RA000649,54,2025-11-14 18:49:41,Medium
RA000650,59,2024-12-22 19:57:45,Medium
RA000651,59,2025-03-15 05:47:41,Medium
RA000652,51,2025-10-30 13:58:46,Medium
RA000653,64,2025-03-03 22:39:56,Medium
RA000654,59,2025-10-01 21:44:46,Medium
RA000655,25,2025-08-15 00:50:28,Low
RA000656,67,2025-11-04 08:22:09,Medium
RA000657,67,2025-11-26 01:43:16,Medium
RA000658,34,2024-12-08 12:16:33,Medium
RA000659,50,2025-10-23 23:00:07,Medium
RA000660,63,2025-03-23 03:42:51,Medium
RA000661,45,2024-12-07 15:53:23,Medium
RA000662,71,2025-08-05 06:41:34,High
RA000663,97,2025-03-10 02:38:06,High
RA000664,34,2025-06-04 19:43:10,Medium
RA000665,22,2024-12-09 14:22:19,Low
RA000666,56,2025-10-19 23:14:05,Medium
RA000667,64,2025-11-26 16:54:50,Medium
RA000668,45,2025-03-08 19:30:02,Medium
RA000669,79,2025-06-16 04:36:24,High
RA000670,23,2025-09-30 13:34:47,Low
RA000671,63,2025-02-01 10:19:47,Medium
RA000672,37,2025-03-02 16:11:22,Medium
RA000673,84,2025-08-29 16:47:23,High
RA000674,89,2025-02-13 00:26:11,High
RA000675,34,2025-07-07 06:09:27,Medium
RA000676,39,2025-01-16 15:35:14,Medium
RA000677,67,2025-07-29 02:54:55,Medium
RA000678,42,2025-08-20 09:43:24,Medium
RA000679,49,2025-11-10 16:55:07,Medium
RA000680,50,2025-10-19 19:13:29,Medium
RA000681,11,2025-05-07 04:53:51,Low
RA000682,49,2025-05-21 21:55:50,Medium
RA000683,36,2025-10-27 17:40:32,Medium
RA000684,40,2024-12-26 06:48:56,Medium
RA000685,78,2025-08-22 17:43:37,High
RA000686,24,2025-05-15 01:11:35,Low
RA000687,66,2024-12-31 00:31:02,Medium
RA000688,44,2025-05-13 20:45:19,Medium
RA000689,44,2025-03-05 20:37:36,Medium
RA000690,65,2025-11-27 14:00:01,Medium
RA000691,56,2025-10-28 01:20:01,Medium
RA000692,61,2025-07-10 16:10:05,Medium
RA000693,69,2024-12-03 18:20:46,Medium
RA000694,43,2025-08-08 13:59:41,Medium
RA000695,37,2025-05-13 14:48:49,Medium
RA000696,28,2025-02-20 16:21:44,Low
RA000697,33,2025-06-04 04:05:28,Medium
RA000698,100,2025-04-11 00:20:31,High
RA000699,74,2025-08-06 02:40:18,High
RA000700,22,2025-08-02 22:58:27,Low
RA000701,23,2025-08-27 17:21:48,Low
RA000702,59,2025-03-13 15:26:41,Medium
RA000703,60,2025-04-27 16:01:42,Medium
RA000704,60,2025-04-14 08:03:33,Medium
RA000705,44,2025-09-24 03:40:09,Medium
RA000706,47,2025-11-12 18:27:39,Medium
RA000707,56,2025-04-12 17:08:57,Medium
RA000708,51,2025-03-09 16:09:54,Medium
RA000709,5,2025-01-13 17:57:33,Low
RA000710,45,2025-05-26 16:48:29,Medium
RA000711,32,2025-08-29 12:22:44,Medium
RA000712,53,2025-07-12 17:43:23,Medium
RA000713,100,2025-09-20 14:57:00,High
RA000714,57,2025-03-08 07:57:47,Medium
RA000715,43,2025-01-22 12:02:04,Medium
RA000716,68,2025-03-17 08:33:30,Medium
RA000717,59,2025-09-10 18:49:10,Medium
RA000718,58,2024-12-09 08:18:02,Medium
RA000719,62,2025-05-03 11:06:55,Medium
RA000720,91,2025-06-10 08:20:17,High
RA000721,27,2025-04-21 21:34:11,Low
RA000722,59,2025-10-07 12:21:54,Medium
RA000723,31,2025-07-18 04:46:00,Medium
RA000724,61,2025-02-21 03:58:39,Medium
RA000725,31,2025-10-12 15:19:23,Medium
RA000726,41,2025-10-09 00:55:34,Medium
RA000727,44,2025-10-22 08:38:43,Medium
RA000728,69,2025-09-26 13:03:42,Medium
RA000729,68,2025-07-21 05:21:40,Medium
RA000730,25,2025-02-26 15:07:36,Low
RA000731,51,2025-11-20 10:01:58,Medium
RA000732,35,2025-01-18 10:58:33,Medium
RA000733,24,2025-01-26 08:29:27,Low
RA000734,45,2025-08-23 11:36:45,Medium
RA000735,43,2025-06-06 03:46:55,Medium
RA000736,98,2025-04-20 03:54:36,High
RA000737,58,2025-10-30 04:12:48,Medium
RA000738,22,2025-06-06 09:07:18,Low
RA000739,38,2025-03-20 16:27:19,Medium
RA000740,70,2025-07-21 07:10:55,High
RA000741,91,2025-02-09 18:36:50,High
RA000742,18,2024-12-17 18:21:45,Low
RA000743,12,2025-03-01 08:32:03,Low
RA000744,87,2025-10-04 09:13:01,High
RA000745,57,2025-03-09 20:08:14,Medium
RA000746,32,2025-06-22 03:11:17,Medium
RA000747,60,2025-11-20 08:19:16,Medium
RA000748,0,2025-04-17 14:29:05,Low
RA000749,50,2025-07-30 14:52:12,Medium
RA000750,56,2025-11-27 11:59:08,Medium
RA000751,68,2025-03-26 10:38:05,Medium
RA000752,29,2025-05-29 22:52:21,Low
RA000753,51,2025-05-06 14:15:10,Medium
RA000754,31,2025-01-13 18:57:17,Medium
RA000755,55,2025-02-04 04:50:42,Medium
RA000756,32,2025-10-11 18:40:15,Medium
RA000757,41,2025-02-06 06:11:16,Medium
RA000758,30,2025-09-13 07:54:35,Medium
RA000759,63,2025-10-02 03:26:26,Medium
RA000760,67,2025-06-09 17:52:42,Medium
RA000761,45,2025-06-29 01:11:25,Medium
RA000762,50,2025-07-01 18:17:37,Medium
RA000763,21,2024-12-21 01:10:49,Low
RA000764,44,2025-04-13 21:00:39,Medium
RA000765,48,2025-11-21 17:11:01,Medium
RA000766,100,2025-09-09 07:48:59,High
RA000767,27,2025-08-26 21:15:27,Low
RA000768,79,2025-09-29 09:09:37,High
RA000769,69,2025-05-28 09:43:15,Medium
RA000770,55,2024-12-19 17:54:03,Medium
RA000771,85,2024-12-10 04:23:30,High
RA000772,57,2025-03-26 15:35:06,Medium
RA000773,57,2025-03-19 00:47:55,Medium
RA000774,48,2025-08-03 10:35:18,Medium
RA000775,74,2025-02-09 17:09:27,High
RA000776,71,2025-03-04 17:10:31,High
RA000777,37,2025-11-05 16:18:49,Medium
RA000778,23,2024-12-12 11:41:22,Low
RA000779,45,2025-08-12 10:06:16,Medium
RA000780,33,2024-12-27 07:06:11,Medium
RA000781,48,2025-05-16 21:35:31,Medium
RA000782,74,2025-05-30 12:34:31,High
RA000783,40,2025-09-07 02:42:03,Medium
RA000784,49,2025-06-13 20:26:16,Medium
RA000785,51,2025-07-22 09:41:48,Medium
RA000786,66,2025-10-27 06:44:48,Medium
RA000787,5,2024-12-08 14:23:16,Low
RA000788,37,2025-02-11 04:50:07,Medium
RA000789,54,2025-01-03 21:34:32,Medium
RA000790,74,2025-07-14 09:57:36,High
RA000791,40,2025-08-29 10:57:25,Medium
RA000792,12,2025-07-18 23:08:14,Low
RA000793,62,2025-07-09 21:30:14,Medium
RA000794,37,2025-04-10 03:53:55,Medium
RA000795,26,2024-12-26 04:46:42,Low
RA000796,37,2025-08-20 13:57:31,Medium
RA000797,46,2025-01-05 19:23:51,Medium
RA000798,37,2025-11-20 00:04:51,Medium
RA000799,5,2025-05-31 12:52:41,Low
RA000800,67,2025-04-21 06:52:27,Medium
RA000801,75,2024-12-30 15:00:41,High
RA000802,63,2025-06-22 18:40:38,Medium
RA000803,27,2025-05-08 21:44:02,Low
RA000804,45,2025-09-04 15:30:38,Medium
RA000805,49,2025-09-21 02:39:48,Medium
RA000806,61,2025-10-21 17:39:21,Medium
RA000807,63,2025-10-01 10:24:05,Medium
RA000808,35,2025-05-18 02:17:53,Medium
RA000809,51,2025-05-20 13:50:17,Medium
RA000810,59,2025-02-16 10:50:05,Medium
RA000811,79,2024-12-12 10:15:58,High
RA000812,64,2025-08-29 23:55:23,Medium
RA000813,65,2025-05-13 19:24:26,Medium
RA000814,51,2025-03-01 20:12:31,Medium
RA000815,78,2025-04-01 02:24:26,High
RA000816,58,2025-07-03 06:42:13,Medium
RA000817,32,2025-03-02 08:38:18,Medium
RA000818,78,2025-01-28 19:27:24,High
RA000819,63,2025-05-18 04:00:31,Medium
RA000820,41,2025-10-11 12:22:49,Medium
RA000821,40,2025-08-05 21:32:19,Medium
RA000822,55,2025-10-14 23:24:16,Medium
RA000823,59,2025-02-19 14:53:00,Medium
RA000824,53,2025-03-11 20:00:47,Medium
RA000825,56,2025-10-14 20:07:12,Medium
RA000826,83,2025-07-07 09:13:06,High
RA000827,71,2025-10-21 22:34:08,High
RA000828,53,2025-06-18 23:29:51,Medium
RA000829,68,2025-08-31 22:32:34,Medium
RA000830,29,2024-12-11 10:05:08,Low
RA000831,57,2025-07-27 10:04:25,Medium
RA000832,86,2025-05-12 10:37:47,High
RA000833,45,2025-08-14 15:56:21,Medium
RA000834,33,2025-08-08 16:03:56,Medium
RA000835,36,2025-02-14 23:54:54,Medium
RA000836,28,2025-03-25 14:48:49,Low
RA000837,34,2025-05-06 17:27:28,Medium
RA000838,42,2024-12-14 03:23:04,Medium
RA000839,21,2025-04-09 23:39:28,Low
RA000840,50,2025-09-29 11:17:08,Medium
RA000841,68,2025-11-28 22:51:50,Medium
RA000842,31,2024-12-22 15:41:42,Medium
RA000843,80,2025-10-12 09:37:22,High
RA000844,60,2025-08-12 13:01:00,Medium
RA000845,70,2025-05-24 05:15:54,High
RA000846,36,2025-06-08 11:18:33,Medium
RA000847,67,2025-07-07 07:47:28,Medium
RA000848,28,2025-03-20 22:17:48,Low
RA000849,67,2025-10-15 00:14:39,Medium
RA000850,53,2025-11-02 03:05:05,Medium
RA000851,61,2025-09-07 13:10:27,Medium
RA000852,26,2025-07-25 14:19:53,Low
RA000853,32,2025-03-22 13:08:16,Medium
RA000854,61,2025-06-09 19:35:22,Medium
RA000855,31,2025-09-28 08:40:35,Medium
RA000856,59,2025-08-05 23:44:03,Medium
RA000857,22,2025-10-18 00:28:25,Low
RA000858,66,2024-12-23 23:39:06,Medium
RA000859,25,2025-04-17 19:38:14,Low
RA000860,61,2025-02-03 21:37:23,Medium
RA000861,62,2025-08-07 16:33:11,Medium
RA000862,36,2025-02-06 05:20:50,Medium
RA000863,61,2025-02-01 16:40:48,Medium
RA000864,55,2025-08-25 23:56:23,Medium
RA000865,39,2025-03-09 02:51:21,Medium
RA000866,29,2024-12-23 16:23:03,Low
RA000867,10,2025-02-27 00:13:14,Low
RA000868,56,2025-07-02 07:51:47,Medium
RA000869,18,2025-11-22 06:16:18,Low
RA000870,51,2025-05-20 12:33:09,Medium
RA000871,44,2025-01-25 17:38:48,Medium
RA000872,63,2025-09-22 00:57:53,Medium
RA000873,43,2025-07-18 15:20:07,Medium
RA000874,43,2025-08-20 03:14:18,Medium
RA000875,64,2025-07-26 00:00:17,Medium
RA000876,56,2025-09-24 18:19:18,Medium
RA000877,56,2025-06-08 09:33:46,Medium
RA000878,59,2025-02-12 09:41:41,Medium
RA000879,19,2025-01-04 09:57:59,Low
RA000880,65,2025-06-18 21:45:02,Medium
RA000881,62,2025-01-05 06:53:44,Medium
RA000882,29,2025-09-29 03:49:40,Low
RA000883,45,2025-03-06 04:37:11,Medium
RA000884,49,2025-08-09 03:07:52,Medium
RA000885,47,2025-02-02 02:59:15,Medium
RA000886,56,2025-03-19 02:25:33,Medium
RA000887,78,2025-11-15 23:43:56,High
RA000888,71,2025-07-05 07:53:22,High
RA000889,23,2025-02-09 19:10:46,Low
RA000890,62,2025-01-19 03:21:07,Medium
RA000891,76,2025-08-10 03:19:50,High
RA000892,57,2025-01-07 21:09:13,Medium
RA000893,71,2025-01-28 20:49:54,High
RA000894,90,2025-01-13 12:35:51,High
RA000895,70,2025-10-16 19:16:20,High
RA000896,54,2025-06-05 17:20:09,Medium
RA000897,70,2025-06-30 11:31:46,High
RA000898,52,2024-12-15 23:13:22,Medium
RA000899,50,2025-11-11 08:36:35,Medium
RA000900,42,2025-05-08 01:11:19,Medium
RA000901,81,2025-11-10 02:49:44,High
RA000902,33,2025-08-12 01:33:08,Medium
RA000903,80,2025-01-03 23:23:28,High
RA000904,59,2025-01-06 22:50:34,Medium
RA000905,22,2025-08-17 10:43:51,Low
RA000906,57,2025-03-05 02:18:11,Medium
RA000907,7,2025-10-15 04:10:29,Low
RA000908,62,2025-07-28 08:11:14,Medium
RA000909,67,2025-03-25 00:04:42,Medium
RA000910,38,2025-02-07 22:03:37,Medium
RA000911,52,2024-12-08 22:48:48,Medium
RA000912,89,2025-01-26 09:53:46,High
RA000913,39,2025-05-02 13:47:46,Medium
RA000914,28,2025-06-04 01:42:20,Low
RA000915,79,2025-09-21 02:48:20,High
RA000916,89,2025-05-07 05:19:52,High
RA000917,50,2025-04-21 19:47:40,Medium
RA000918,70,2025-05-12 04:27:21,High
RA000919,76,2025-08-25 11:10:56,High
RA000920,35,2025-11-11 02:14:35,Medium
RA000921,40,2025-01-15 16:02:50,Medium
RA000922,74,2025-03-09 23:37:11,High
RA000923,83,2025-08-10 07:30:36,High
RA000924,61,2025-04-23 04:55:25,Medium
RA000925,32,2025-11-18 04:48:59,Medium
RA000926,89,2025-05-21 16:35:48,High
RA000927,39,2025-10-07 17:05:44,Medium
RA000928,43,2025-01-27 23:02:00,Medium
RA000929,56,2025-03-24 22:41:43,Medium
RA000930,81,2025-03-28 21:12:30,High
RA000931,67,2025-04-14 04:11:56,Medium
RA000932,58,2025-03-21 22:26:04,Medium
RA000933,59,2025-08-26 15:56:28,Medium
RA000934,50,2025-06-22 01:12:04,Medium
RA000935,61,2025-05-26 20:34:59,Medium
RA000936,0,2025-11-04 11:44:13,Low
RA000937,44,2025-10-13 03:21:16,Medium
RA000938,54,2025-09-13 05:24:38,Medium
RA000939,26,2025-08-14 10:29:49,Low
RA000940,57,2025-07-31 12:12:53,Medium
RA000941,45,2025-05-18 18:50:40,Medium
RA000942,85,2025-08-01 05:08:06,High
RA000943,81,2025-01-28 07:34:30,High
RA000944,40,2025-05-31 08:34:04,Medium
RA000945,46,2025-02-13 00:00:33,Medium
RA000946,48,2024-12-29 08:21:58,Medium
RA000947,40,2025-10-07 19:39:22,Medium
RA000948,53,2025-05-28 05:15:06,Medium
RA000949,34,2025-06-13 13:23:52,Medium
RA000950,27,2025-08-28 08:43:48,Low
RA000951,62,2025-05-22 21:17:44,Medium
RA000952,62,2025-03-02 21:45:51,Medium
RA000953,33,2025-04-07 07:03:33,Medium
RA000954,67,2025-11-16 10:36:55,Medium
RA000955,37,2025-02-12 17:22:06,Medium
RA000956,55,2025-02-01 13:39:48,Medium
RA000957,66,2025-03-13 17:11:55,Medium
RA000958,49,2024-12-29 14:02:39,Medium
RA000959,59,2025-08-28 12:53:28,Medium
RA000960,39,2025-06-27 11:29:48,Medium
RA000961,46,2025-06-27 02:35:41,Medium
RA000962,45,2025-06-12 04:17:04,Medium
RA000963,35,2025-11-27 08:32:12,Medium
RA000964,46,2025-02-19 17:55:06,Medium
RA000965,19,2025-10-23 00:54:26,Low
RA000966,40,2025-01-09 10:50:51,Medium
RA000967,44,2025-11-08 04:26:05,Medium
RA000968,44,2025-11-26 19:36:26,Medium
RA000969,45,2025-03-05 19:18:25,Medium
RA000970,48,2025-04-06 03:48:35,Medium
RA000971,59,2025-01-06 07:49:13,Medium
RA000972,67,2025-08-16 07:21:28,Medium
RA000973,37,2025-09-16 03:17:15,Medium
RA000974,25,2025-05-27 05:14:45,Low
RA000975,29,2025-03-05 23:00:35,Low
RA000976,40,2025-09-02 04:24:04,Medium
RA000977,42,2025-09-25 07:07:21,Medium
RA000978,34,2024-12-03 22:45:44,Medium
RA000979,24,2025-05-26 08:39:05,Low
RA000980,40,2025-08-29 22:17:49,Medium
RA000981,53,2025-08-04 10:59:16,Medium
RA000982,61,2025-01-06 22:42:40,Medium
RA000983,38,2025-08-30 09:31:07,Medium
RA000984,41,2025-01-05 01:11:55,Medium
RA000985,31,2025-04-19 07:55:06,Medium
RA000986,49,2025-03-13 18:47:13,Medium
RA000987,33,2025-07-02 07:02:53,Medium
RA000988,61,2025-02-21 16:26:50,Medium
RA000989,14,2025-01-20 18:29:19,Low
RA000990,42,2025-06-15 23:36:19,Medium
RA000991,56,2025-06-02 02:36:38,Medium
RA000992,53,2025-07-23 10:10:22,Medium
RA000993,100,2025-08-14 03:17:52,High
RA000994,56,2025-11-25 20:53:36,Medium
RA000995,29,2025-09-21 08:25:28,Low
RA000996,48,2025-01-19 07:47:50,Medium
RA000997,14,2025-10-05 18:35:54,Low
RA000998,48,2025-08-17 11:41:13,Medium
RA000999,33,2025-01-20 09:24:19,Medium
RA001000,68,2025-06-06 07:26:39,Medium
RA001001,39,2025-11-24 17:00:07,Medium
RA001002,47,2024-12-06 22:56:43,Medium
RA001003,37,2025-11-24 16:29:03,Medium
RA001004,84,2025-02-02 15:14:41,High
RA001005,43,2025-08-18 14:43:14,Medium
RA001006,86,2025-07-13 17:04:10,High
RA001007,66,2025-03-12 08:48:09,Medium
RA001008,59,2025-09-24 16:29:30,Medium
RA001009,57,2025-04-20 06:20:57,Medium
RA001010,57,2025-09-16 22:27:33,Medium
RA001011,11,2025-04-24 00:20:09,Low
RA001012,44,2025-08-11 08:21:29,Medium
RA001013,66,2025-10-02 07:31:24,Medium
RA001014,49,2025-11-25 12:08:02,Medium
RA001015,21,2025-07-02 13:23:17,Low
RA001016,48,2025-08-10 11:47:18,Medium
RA001017,84,2025-06-23 23:06:14,High
RA001018,74,2025-09-22 09:35:16,High
RA001019,48,2025-09-13 02:13:21,Medium
RA001020,69,2024-12-27 03:43:00,Medium
RA001021,42,2025-09-07 15:39:44,Medium
RA001022,15,2025-04-27 21:09:18,Low
RA001023,31,2025-10-09 07:10:50,Medium
RA001024,81,2024-12-04 14:22:57,High
RA001025,44,2025-01-17 07:22:07,Medium
RA001026,45,2025-10-27 05:03:45,Medium
RA001027,44,2025-11-26 18:03:55,Medium
RA001028,88,2025-11-29 16:42:21,High
RA001029,82,2025-07-20 17:29:30,High
RA001030,94,2024-12-17 09:15:56,High
RA001031,46,2025-02-07 16:10:39,Medium
RA001032,55,2025-08-10 02:21:38,Medium
RA001033,19,2025-01-03 06:33:42,Low
RA001034,79,2025-09-02 18:50:25,High
RA001035,26,2025-05-10 18:33:38,Low
RA001036,54,2025-10-26 10:43:46,Medium
RA001037,28,2025-06-16 07:11:12,Low
RA001038,38,2025-06-19 14:17:41,Medium
RA001039,33,2025-09-24 00:27:04,Medium
RA001040,37,2025-02-01 07:16:27,Medium
RA001041,39,2025-02-06 04:00:03,Medium
RA001042,39,2025-10-25 05:55:07,Medium
RA001043,66,2025-06-04 18:07:14,Medium
RA001044,27,2025-09-26 06:04:49,Low
RA001045,54,2025-11-24 01:24:24,Medium
RA001046,74,2025-07-22 12:10:45,High
RA001047,39,2025-10-19 09:42:16,Medium
RA001048,35,2025-01-16 22:23:12,Medium
RA001049,45,2025-01-08 05:17:37,Medium
RA001050,73,2025-01-16 06:47:34,High
RA001051,53,2025-09-26 20:02:27,Medium
RA001052,39,2025-10-30 13:44:12,Medium
RA001053,59,2024-12-27 00:38:37,Medium
RA001054,27,2025-01-21 15:46:16,Low
RA001055,63,2024-12-03 09:44:45,Medium
RA001056,58,2025-10-01 15:40:03,Medium
RA001057,43,2025-08-25 07:51:17,Medium
RA001058,33,2025-01-19 22:19:47,Medium
RA001059,32,2024-12-09 15:48:49,Medium
RA001060,60,2025-01-28 03:47:56,Medium
RA001061,74,2025-07-21 22:33:32,High
RA001062,37,2025-08-22 11:16:49,Medium
RA001063,59,2025-04-13 11:02:20,Medium
RA001064,8,2025-12-02 13:34:09,Low
RA001065,38,2025-11-06 21:11:32,Medium
RA001066,49,2025-07-05 14:37:29,Medium
RA001067,31,2024-12-10 10:52:50,Medium
RA001068,31,2025-10-16 09:00:05,Medium
RA001069,36,2025-10-27 14:45:04,Medium
RA001070,55,2025-05-06 15:14:27,Medium
RA001071,46,2025-11-09 11:21:22,Medium
RA001072,5,2025-09-29 09:32:33,Low
RA001073,7,2024-12-12 20:04:56,Low
RA001074,37,2025-02-22 17:03:14,Medium
RA001075,59,2025-05-12 07:50:03,Medium
RA001076,0,2025-05-08 17:09:30,Low
RA001077,40,2025-06-30 22:36:44,Medium
RA001078,39,2025-07-11 15:11:07,Medium
RA001079,77,2025-10-06 17:38:30,High
RA001080,42,2025-03-21 03:26:27,Medium
RA001081,57,2025-11-24 11:54:37,Medium
RA001082,52,2025-09-10 02:37:00,Medium
RA001083,7,2025-03-12 03:04:56,Low
RA001084,65,2025-05-05 23:26:54,Medium
RA001085,54,2025-02-19 00:49:49,Medium
RA001086,60,2025-06-24 19:32:49,Medium
RA001087,100,2025-11-13 23:46:16,High
RA001088,8,2025-01-04 20:43:45,Low
RA001089,84,2025-11-20 19:12:17,High
RA001090,44,2025-07-27 00:08:10,Medium
RA001091,55,2025-10-04 15:17:40,Medium
RA001092,49,2025-07-14 23:33:18,Medium
RA001093,41,2025-11-28 01:28:14,Medium
RA001094,38,2025-03-20 03:10:02,Medium
RA001095,56,2025-09-06 05:58:34,Medium
RA001096,19,2025-03-03 16:00:33,Low
RA001097,65,2025-05-14 15:36:49,Medium
RA001098,41,2025-04-19 03:56:25,Medium
RA001099,27,2025-09-14 02:14:27,Low
RA001100,40,2025-03-31 02:23:13,Medium
RA001101,75,2025-06-21 09:10:45,High
RA001102,39,2025-07-27 03:38:40,Medium
RA001103,57,2024-12-09 21:52:21,Medium
RA001104,35,2025-02-17 14:04:00,Medium
RA001105,65,2025-02-10 06:49:11,Medium
RA001106,63,2025-10-03 19:11:34,Medium
RA001107,86,2025-04-14 17:21:22,High
RA001108,46,2024-12-11 19:55:36,Medium
RA001109,63,2025-04-17 15:26:53,Medium
RA001110,51,2025-02-01 19:52:49,Medium
RA001111,75,2025-07-10 21:20:18,High
RA001112,35,2025-04-20 08:16:03,Medium
RA001113,64,2025-07-16 01:31:46,Medium
RA001114,46,2025-01-03 07:39:51,Medium
RA001115,48,2025-08-16 13:56:41,Medium
RA001116,51,2024-12-26 14:57:08,Medium
RA001117,55,2025-02-14 00:31:51,Medium
RA001118,47,2025-10-18 00:27:18,Medium
RA001119,54,2025-07-19 19:20:23,Medium
RA001120,81,2025-08-18 07:30:55,High
RA001121,69,2025-07-29 23:12:23,Medium
RA001122,67,2025-09-10 10:41:01,Medium
RA001123,40,2025-08-06 22:55:55,Medium
RA001124,32,2025-11-08 08:14:26,Medium
RA001125,69,2024-12-28 22:19:47,Medium
RA001126,67,2025-05-26 20:33:08,Medium
RA001127,79,2025-02-13 04:58:55,High
RA001128,37,2025-04-13 14:15:47,Medium
RA001129,45,2025-01-12 07:12:32,Medium
RA001130,17,2025-08-20 14:59:57,Low
RA001131,42,2025-05-13 04:57:09,Medium
RA001132,69,2024-12-18 05:09:52,Medium
RA001133,40,2025-03-09 14:51:58,Medium
RA001134,62,2025-01-19 08:10:20,Medium
RA001135,46,2025-03-02 01:12:35,Medium
RA001136,56,2024-12-08 14:21:07,Medium
RA001137,27,2025-02-17 03:21:29,Low
RA001138,51,2025-04-14 00:18:11,Medium
RA001139,0,2024-12-11 13:24:16,Low
RA001140,46,2024-12-26 05:38:07,Medium
RA001141,17,2025-02-22 04:31:06,Low
RA001142,74,2025-06-30 21:50:48,High
RA001143,65,2024-12-26 17:57:57,Medium
RA001144,59,2025-07-14 01:48:42,Medium
RA001145,80,2025-04-16 21:23:24,High
RA001146,31,2025-09-01 04:23:24,Medium
RA001147,84,2025-04-05 12:08:41,High
RA001148,68,2025-08-06 14:52:07,Medium
RA001149,45,2025-04-08 18:19:09,Medium
RA001150,72,2025-06-29 09:02:09,High
RA001151,27,2025-05-08 12:12:56,Low
RA001152,33,2025-01-02 01:43:30,Medium
RA001153,37,2025-11-24 10:43:32,Medium
RA001154,39,2024-12-27 14:56:23,Medium
RA001155,28,2025-05-15 07:39:29,Low
RA001156,74,2025-02-05 03:50:55,High
RA001157,44,2025-09-29 03:56:57,Medium
RA001158,57,2025-02-22 11:10:23,Medium
RA001159,38,2025-08-31 22:37:54,Medium
RA001160,13,2025-08-09 07:07:12,Low
RA001161,55,2025-03-15 10:49:23,Medium
RA001162,11,2025-01-20 05:49:49,Low
RA001163,48,2025-09-03 02:39:00,Medium
RA001164,22,2024-12-31 23:07:58,Low
RA001165,89,2025-07-08 20:20:13,High
RA001166,68,2025-10-25 14:59:55,Medium
RA001167,52,2025-05-09 19:37:53,Medium
RA001168,75,2025-01-01 14:27:35,High
RA001169,33,2025-08-03 12:58:39,Medium
RA001170,60,2025-09-23 06:16:13,Medium
RA001171,53,2025-10-10 02:26:46,Medium
RA001172,55,2025-11-24 12:44:46,Medium
RA001173,75,2025-03-08 18:07:38,High
RA001174,64,2025-07-08 22:25:22,Medium
RA001175,55,2025-12-02 06:21:41,Medium
RA001176,16,2025-08-20 11:21:48,Low
RA001177,30,2025-10-03 03:10:00,Medium
RA001178,47,2025-04-23 11:31:42,Medium
RA001179,51,2024-12-11 01:54:48,Medium
RA001180,27,2025-08-31 03:40:51,Low
RA001181,98,2025-10-31 06:14:21,High
RA001182,80,2025-06-07 12:50:38,High
RA001183,62,2024-12-12 08:37:41,Medium
RA001184,51,2025-07-25 11:05:00,Medium
RA001185,45,2025-03-08 07:13:31,Medium
RA001186,30,2025-04-01 10:42:45,Medium
RA001187,51,2025-11-04 17:27:09,Medium
RA001188,55,2025-11-04 00:06:51,Medium
RA001189,25,2025-04-21 15:34:14,Low
RA001190,56,2025-09-04 16:18:24,Medium
RA001191,46,2025-10-31 11:17:58,Medium
RA001192,11,2025-05-19 13:38:47,Low
RA001193,32,2025-08-12 06:35:24,Medium
RA001194,41,2025-04-12 20:44:01,Medium
RA001195,87,2025-02-24 04:09:46,High
RA001196,61,2025-07-14 13:38:10,Medium
RA001197,23,2025-01-29 20:31:56,Low
RA001198,59,2025-09-10 15:44:06,Medium
RA001199,19,2025-02-14 10:30:55,Low
RA001200,71,2024-12-26 00:12:02,High
RA001201,40,2025-11-13 10:24:02,Medium
RA001202,48,2025-06-02 22:11:49,Medium
RA001203,76,2025-06-05 03:46:36,High
RA001204,24,2025-01-10 22:22:13,Low
RA001205,22,2025-02-21 22:09:26,Low
RA001206,38,2025-11-04 09:30:31,Medium
RA001207,70,2025-07-26 23:32:33,High
RA001208,19,2025-10-15 19:08:51,Low
RA001209,0,2025-02-22 12:37:14,Low
RA001210,40,2025-03-09 19:29:35,Medium
RA001211,61,2025-02-14 10:01:48,Medium
RA001212,74,2025-10-31 00:32:29,High
RA001213,40,2025-01-20 05:22:59,Medium
RA001214,41,2025-03-02 10:17:58,Medium
RA001215,73,2025-09-23 19:31:32,High
RA001216,12,2024-12-21 01:51:52,Low
RA001217,42,2025-08-06 21:29:11,Medium
RA001218,53,2025-06-16 00:56:47,Medium
RA001219,58,2025-07-30 22:30:49,Medium
RA001220,39,2025-05-08 11:21:57,Medium
RA001221,50,2025-02-18 14:38:43,Medium
RA001222,0,2025-09-05 15:33:44,Low
RA001223,36,2025-10-16 07:13:51,Medium
RA001224,59,2025-03-09 03:32:29,Medium
RA001225,30,2025-01-31 21:12:34,Medium
RA001226,51,2024-12-18 19:18:11,Medium
RA001227,58,2025-05-01 03:38:57,Medium
RA001228,43,2025-05-09 04:32:39,Medium
RA001229,53,2025-05-12 15:21:27,Medium
RA001230,30,2025-04-17 14:28:04,Medium
RA001231,45,2025-04-28 13:52:29,Medium
RA001232,62,2025-01-27 22:49:09,Medium
RA001233,53,2025-02-28 09:51:40,Medium
RA001234,38,2025-03-24 15:41:56,Medium
RA001235,54,2025-07-27 04:50:57,Medium
RA001236,64,2025-01-12 19:02:23,Medium
RA001237,9,2025-05-09 02:54:56,Low
RA001238,73,2025-11-04 07:45:11,High
RA001239,43,2025-10-09 18:34:05,Medium
RA001240,58,2025-11-15 07:10:18,Medium
RA001241,73,2025-07-08 01:01:13,High
RA001242,22,2025-05-10 02:13:48,Low
RA001243,35,2025-01-18 23:51:42,Medium
RA001244,44,2025-10-29 22:59:48,Medium
RA001245,34,2025-07-18 22:17:10,Medium
RA001246,84,2025-01-05 09:26:25,High
RA001247,32,2024-12-03 09:43:26,Medium
RA001248,38,2025-11-14 05:16:00,Medium
RA001249,54,2025-07-30 22:35:37,Medium
RA001250,25,2025-08-12 20:37:54,Low
RA001251,42,2025-05-06 14:00:59,Medium
RA001252,56,2025-09-13 22:45:43,Medium
RA001253,43,2025-06-08 21:42:05,Medium
RA001254,48,2025-06-13 12:20:49,Medium
RA001255,39,2025-04-25 18:34:16,Medium
RA001256,19,2025-08-18 00:16:24,Low
RA001257,56,2025-09-21 18:15:34,Medium
RA001258,85,2024-12-18 04:33:10,High
RA001259,50,2025-03-10 19:05:48,Medium
RA001260,54,2025-07-10 03:35:26,Medium
RA001261,63,2025-07-09 17:32:51,Medium
RA001262,24,2025-02-28 08:19:30,Low
RA001263,84,2024-12-06 08:38:22,High
RA001264,54,2025-09-03 12:50:54,Medium
RA001265,82,2025-03-14 22:58:58,High
RA001266,35,2025-02-04 18:55:37,Medium
RA001267,86,2025-02-17 12:13:54,High
RA001268,65,2025-03-20 19:05:56,Medium
RA001269,61,2025-06-19 13:08:35,Medium
RA001270,54,2025-03-19 01:23:41,Medium
RA001271,45,2024-12-16 18:08:36,Medium
RA001272,74,2025-06-17 22:20:30,High
RA001273,52,2024-12-25 01:48:42,Medium
RA001274,10,2025-11-03 20:21:15,Low
RA001275,27,2025-06-04 21:01:02,Low
RA001276,46,2025-04-25 12:55:28,Medium
RA001277,56,2025-01-14 00:54:00,Medium
RA001278,48,2025-02-10 15:21:05,Medium
RA001279,74,2025-01-29 04:17:31,High
RA001280,10,2025-01-07 14:13:03,Low
RA001281,52,2025-06-07 20:03:40,Medium
RA001282,13,2025-02-18 07:36:00,Low
RA001283,65,2025-04-23 01:38:34,Medium
RA001284,48,2025-11-30 20:26:46,Medium
RA001285,58,2025-08-05 04:22:14,Medium
RA001286,32,2025-06-20 05:28:03,Medium
RA001287,75,2025-07-20 03:51:31,High
RA001288,70,2025-10-20 21:58:38,High
RA001289,61,2025-05-04 16:28:41,Medium
RA001290,47,2025-10-06 16:16:37,Medium
RA001291,61,2025-02-20 10:46:19,Medium
RA001292,35,2025-05-28 01:01:33,Medium
RA001293,67,2025-10-03 00:18:59,Medium
RA001294,82,2025-05-28 03:18:24,High
RA001295,71,2025-11-24 08:46:58,High
RA001296,35,2025-07-09 12:53:30,Medium
RA001297,57,2025-05-27 17:29:04,Medium
RA001298,24,2024-12-22 12:41:30,Low
RA001299,61,2025-07-16 23:57:48,Medium
RA001300,59,2025-05-24 10:38:44,Medium
RA001301,12,2025-01-27 20:11:42,Low
RA001302,26,2024-12-06 07:00:18,Low
RA001303,44,2025-11-05 06:19:20,Medium
RA001304,43,2025-01-11 04:53:56,Medium
RA001305,25,2025-06-13 18:09:12,Low
RA001306,57,2025-09-29 16:30:55,Medium
RA001307,55,2025-01-16 17:22:17,Medium
RA001308,46,2025-06-27 17:39:55,Medium
RA001309,34,2025-07-22 17:28:06,Medium
RA001310,70,2025-07-17 13:42:48,High
RA001311,83,2025-10-29 16:47:36,High
RA001312,40,2025-10-03 07:27:23,Medium
RA001313,37,2025-03-15 14:40:41,Medium
RA001314,59,2024-12-11 02:36:52,Medium
RA001315,42,2025-06-21 00:26:24,Medium
RA001316,47,2025-01-05 00:29:54,Medium
RA001317,64,2025-07-27 02:45:16,Medium
RA001318,11,2025-10-30 10:21:10,Low
RA001319,76,2025-09-30 18:15:18,High
RA001320,51,2025-04-15 02:17:12,Medium
RA001321,41,2025-08-17 09:23:55,Medium
RA001322,48,2025-07-04 11:56:25,Medium
RA001323,49,2025-04-18 01:33:28,Medium
RA001324,15,2025-11-11 05:51:37,Low
RA001325,79,2025-08-10 03:52:19,High
RA001326,50,2025-06-02 16:28:38,Medium
RA001327,58,2025-03-29 10:17:02,Medium
RA001328,69,2025-03-04 23:43:45,Medium
RA001329,29,2025-11-13 21:09:14,Low
RA001330,59,2025-07-11 06:15:08,Medium
RA001331,44,2025-02-13 16:21:12,Medium
RA001332,66,2025-10-02 05:58:50,Medium
RA001333,7,2025-10-05 10:56:57,Low
RA001334,48,2025-04-11 14:45:25,Medium
RA001335,37,2025-02-06 19:40:15,Medium
RA001336,58,2025-03-07 13:07:24,Medium
RA001337,59,2024-12-04 08:22:12,Medium
RA001338,35,2025-04-08 21:10:03,Medium
RA001339,35,2025-11-24 21:02:35,Medium
RA001340,47,2025-05-27 19:42:13,Medium
RA001341,32,2025-09-28 09:14:48,Medium
RA001342,66,2025-07-28 21:08:53,Medium
RA001343,42,2025-10-16 07:20:54,Medium
RA001344,0,2025-06-13 00:55:33,Low
RA001345,42,2025-05-05 05:21:46,Medium
RA001346,29,2025-03-30 08:07:43,Low
RA001347,17,2025-06-01 05:20:12,Low
RA001348,25,2025-04-04 17:08:32,Low
RA001349,52,2025-11-18 19:20:34,Medium
RA001350,76,2025-11-14 02:47:07,High
RA001351,56,2025-05-07 00:58:45,Medium
RA001352,37,2025-03-01 18:00:08,Medium
RA001353,59,2024-12-14 19:36:45,Medium
RA001354,40,2025-08-26 03:15:16,Medium
RA001355,36,2025-05-24 13:23:31,Medium
RA001356,26,2025-01-22 03:48:27,Low
RA001357,14,2025-05-15 07:48:39,Low
RA001358,42,2025-11-13 03:21:10,Medium
RA001359,53,2024-12-19 06:08:37,Medium
RA001360,48,2025-10-17 09:47:40,Medium
RA001361,41,2024-12-30 18:05:51,Medium
RA001362,31,2025-02-16 06:50:25,Medium
RA001363,62,2025-10-09 10:13:08,Medium
RA001364,23,2025-07-13 13:56:37,Low
RA001365,65,2024-12-23 12:21:39,Medium
RA001366,29,2025-04-02 20:39:22,Low
RA001367,34,2025-05-27 18:43:33,Medium
RA001368,20,2024-12-14 18:41:54,Low
RA001369,39,2025-05-27 14:24:02,Medium
RA001370,69,2025-01-23 16:15:30,Medium
RA001371,60,2025-06-23 22:22:33,Medium
RA001372,69,2025-03-24 06:01:34,Medium
RA001373,60,2025-04-13 13:04:24,Medium
RA001374,27,2025-05-06 18:57:34,Low
RA001375,43,2025-03-03 17:27:22,Medium
RA001376,34,2024-12-10 22:38:41,Medium
RA001377,76,2025-01-25 14:53:47,High
RA001378,26,2025-09-14 02:40:00,Low
RA001379,67,2025-09-13 09:54:04,Medium
RA001380,67,2025-10-23 21:05:24,Medium
RA001381,86,2025-06-25 19:52:25,High
RA001382,41,2025-02-17 05:16:33,Medium
RA001383,64,2025-06-06 23:29:01,Medium
RA001384,95,2025-06-29 14:58:43,High
RA001385,37,2024-12-16 11:52:20,Medium
RA001386,19,2025-09-21 20:44:45,Low
RA001387,12,2025-09-20 22:41:01,Low
RA001388,64,2024-12-06 18:24:22,Medium
RA001389,12,2025-10-08 11:17:52,Low
RA001390,42,2025-09-15 01:43:24,Medium
RA001391,58,2025-11-13 12:14:22,Medium
RA001392,53,2025-10-15 21:31:13,Medium
RA001393,58,2025-04-13 14:06:55,Medium
RA001394,54,2025-05-20 19:17:09,Medium
RA001395,75,2025-02-01 17:19:41,High
RA001396,30,2025-04-10 21:05:30,Medium
RA001397,36,2024-12-15 17:32:40,Medium
RA001398,34,2025-10-29 18:07:11,Medium
RA001399,66,2025-04-21 21:20:21,Medium
RA001400,68,2025-02-23 04:54:01,Medium
RA001401,59,2025-01-02 19:21:53,Medium
RA001402,73,2025-11-12 08:08:20,High
RA001403,26,2025-09-28 13:09:37,Low
RA001404,83,2025-05-30 05:59:00,High
RA001405,80,2025-04-14 18:35:24,High
RA001406,64,2025-04-19 22:59:02,Medium
RA001407,85,2025-03-11 10:42:09,High
RA001408,16,2025-04-13 17:30:04,Low
RA001409,39,2025-06-21 22:57:16,Medium
RA001410,35,2025-09-03 14:32:02,Medium
RA001411,64,2025-05-06 11:58:15,Medium
RA001412,28,2025-09-27 23:17:20,Low
RA001413,65,2025-07-25 15:08:04,Medium
RA001414,77,2025-04-15 02:25:41,High
RA001415,63,2025-07-17 04:14:58,Medium
RA001416,55,2025-01-28 03:42:38,Medium
RA001417,30,2025-10-15 03:45:26,Medium
RA001418,33,2025-06-09 06:28:25,Medium
RA001419,74,2025-04-23 05:18:41,High
RA001420,65,2025-03-31 11:56:23,Medium
RA001421,49,2025-09-10 08:42:13,Medium
RA001422,41,2025-02-04 07:23:58,Medium
RA001423,9,2024-12-26 23:00:01,Low
RA001424,28,2025-08-05 08:21:59,Low
RA001425,88,2025-06-18 05:28:23,High
RA001426,24,2024-12-29 06:10:36,Low
RA001427,53,2025-06-19 21:45:15,Medium
RA001428,70,2025-02-28 03:57:50,High
RA001429,24,2025-10-22 03:22:44,Low
RA001430,53,2025-05-29 06:09:11,Medium
RA001431,68,2025-09-04 17:03:05,Medium
RA001432,50,2025-01-08 01:44:17,Medium
RA001433,100,2025-02-02 02:59:08,High
RA001434,16,2025-06-16 09:22:55,Low
RA001435,71,2025-07-05 02:25:25,High
RA001436,46,2025-06-20 19:38:59,Medium
RA001437,65,2025-05-29 10:11:21,Medium
RA001438,58,2025-04-29 13:32:34,Medium
RA001439,35,2025-10-11 08:56:43,Medium
RA001440,54,2025-08-01 14:03:58,Medium
RA001441,12,2025-01-17 07:30:44,Low
RA001442,62,2025-02-11 16:13:26,Medium
RA001443,55,2025-03-13 22:34:51,Medium
RA001444,62,2025-06-24 12:21:51,Medium
RA001445,71,2024-12-24 16:23:53,High
RA001446,57,2025-10-03 08:17:38,Medium
RA001447,52,2025-06-25 11:14:43,Medium
RA001448,32,2025-08-08 11:41:18,Medium
RA001449,35,2025-02-15 22:38:27,Medium
RA001450,73,2025-08-26 13:51:40,High
RA001451,78,2024-12-11 08:42:19,High
RA001452,45,2025-03-17 13:27:53,Medium
RA001453,50,2025-02-28 15:53:51,Medium
RA001454,31,2025-07-25 22:30:15,Medium
RA001455,73,2025-05-02 09:16:29,High
RA001456,63,2025-11-13 06:52:41,Medium
RA001457,88,2025-03-26 06:15:43,High
RA001458,32,2025-10-01 22:11:34,Medium
RA001459,42,2024-12-16 05:28:16,Medium
RA001460,54,2025-07-14 08:38:14,Medium
RA001461,62,2024-12-25 22:29:22,Medium
RA001462,45,2025-11-12 15:17:00,Medium
RA001463,32,2025-09-22 06:23:20,Medium
RA001464,67,2025-03-23 20:04:37,Medium
RA001465,64,2025-02-11 05:18:20,Medium
RA001466,31,2025-10-12 15:35:48,Medium
RA001467,77,2025-04-04 21:26:19,High
RA001468,73,2025-05-31 20:51:47,High
RA001469,52,2025-04-07 01:08:59,Medium
RA001470,51,2025-10-20 02:10:35,Medium
RA001471,61,2025-10-16 12:12:43,Medium
RA001472,32,2025-06-30 23:29:07,Medium
RA001473,50,2025-02-21 14:08:13,Medium
RA001474,6,2025-08-29 00:24:41,Low
RA001475,67,2025-05-14 02:41:13,Medium
RA001476,18,2024-12-24 04:03:54,Low
RA001477,80,2025-01-01 14:32:03,High
RA001478,43,2025-09-05 05:37:16,Medium
RA001479,45,2025-04-07 00:47:56,Medium
RA001480,37,2025-03-11 08:21:52,Medium
RA001481,44,2025-04-21 22:22:41,Medium
RA001482,78,2025-04-27 21:41:10,High
RA001483,0,2025-03-22 05:27:08,Low
RA001484,75,2025-05-28 08:19:02,High
RA001485,56,2025-09-25 12:41:19,Medium
RA001486,25,2025-10-29 22:46:33,Low
RA001487,28,2025-08-26 16:52:24,Low
RA001488,83,2025-03-31 22:28:41,High
RA001489,31,2025-06-06 15:39:03,Medium
RA001490,26,2025-02-20 18:00:57,Low
RA001491,72,2025-01-10 04:17:40,High
RA001492,56,2025-07-27 12:45:06,Medium
RA001493,31,2025-06-18 22:22:03,Medium
RA001494,54,2025-07-02 09:38:37,Medium
RA001495,29,2025-02-21 08:30:12,Low
RA001496,72,2025-01-08 16:04:23,High
RA001497,71,2025-09-24 20:28:00,High
RA001498,60,2025-02-10 01:17:17,Medium
RA001499,57,2025-04-20 07:48:31,Medium
RA001500,85,2025-10-01 06:38:09,High
RA001501,49,2025-05-03 04:00:31,Medium
RA001502,26,2025-08-17 20:23:14,Low
RA001503,58,2025-07-17 06:23:36,Medium
RA001504,91,2024-12-08 03:44:41,High
RA001505,29,2025-06-17 21:12:45,Low
RA001506,42,2025-09-06 07:19:46,Medium
RA001507,58,2025-03-12 06:11:48,Medium
RA001508,48,2025-05-17 02:53:02,Medium
RA001509,30,2025-05-24 19:43:35,Medium
RA001510,72,2025-10-09 03:41:57,High
RA001511,96,2025-07-05 17:15:16,High
RA001512,53,2025-03-05 10:32:08,Medium
RA001513,31,2025-11-20 15:05:57,Medium
RA001514,19,2025-04-05 02:44:55,Low
RA001515,55,2025-05-03 15:33:48,Medium
RA001516,72,2025-04-08 21:50:39,High
RA001517,59,2025-05-02 05:12:47,Medium
RA001518,49,2025-11-08 02:07:35,Medium
RA001519,38,2025-04-11 03:15:08,Medium
RA001520,28,2025-11-03 19:22:08,Low
RA001521,66,2025-10-24 19:24:28,Medium
RA001522,68,2025-05-03 16:58:46,Medium
RA001523,19,2024-12-13 02:03:13,Low
RA001524,81,2025-06-14 05:45:04,High
RA001525,61,2025-09-02 01:14:43,Medium
RA001526,77,2025-02-13 21:01:12,High
RA001527,23,2025-02-22 03:55:03,Low
RA001528,22,2025-08-29 14:49:39,Low
RA001529,47,2024-12-20 19:35:47,Medium
RA001530,60,2025-06-17 04:17:43,Medium
RA001531,85,2025-03-31 10:53:37,High
RA001532,64,2025-01-14 08:49:48,Medium
RA001533,45,2025-07-17 15:55:35,Medium
RA001534,29,2025-11-09 01:22:20,Low
RA001535,74,2025-01-08 17:45:52,High
RA001536,30,2025-06-25 15:29:06,Medium
RA001537,82,2025-06-01 08:55:35,High
RA001538,44,2025-03-10 19:07:19,Medium
RA001539,81,2025-11-04 05:31:40,High
RA001540,63,2025-11-10 16:04:57,Medium
RA001541,47,2025-04-14 05:35:27,Medium
RA001542,39,2025-03-13 16:47:14,Medium
RA001543,43,2025-05-17 22:21:10,Medium
RA001544,58,2025-05-26 07:12:41,Medium
RA001545,51,2025-01-26 22:11:28,Medium
RA001546,38,2025-11-09 08:30:00,Medium
RA001547,46,2024-12-31 17:19:23,Medium
RA001548,51,2025-03-01 22:58:17,Medium
RA001549,7,2025-10-09 08:16:02,Low
RA001550,59,2025-06-15 01:49:37,Medium
RA001551,30,2025-02-25 02:52:40,Medium
RA001552,26,2025-10-03 06:31:27,Low
RA001553,16,2025-01-05 13:04:57,Low
RA001554,14,2025-04-17 01:42:03,Low
RA001555,22,2025-07-19 18:50:45,Low
RA001556,35,2024-12-31 21:42:22,Medium
RA001557,89,2025-03-21 20:02:36,High
RA001558,39,2025-08-26 21:33:37,Medium
RA001559,53,2025-10-04 16:15:08,Medium
RA001560,58,2025-01-11 05:23:36,Medium
RA001561,52,2025-04-20 10:26:09,Medium
RA001562,48,2025-02-01 22:06:37,Medium
RA001563,26,2025-11-16 22:00:23,Low
RA001564,79,2025-06-13 01:54:37,High
RA001565,86,2025-04-28 04:25:06,High
RA001566,16,2025-08-14 17:01:13,Low
RA001567,29,2025-09-02 10:51:09,Low
RA001568,44,2025-07-17 18:54:07,Medium
RA001569,30,2025-07-14 21:59:46,Medium
RA001570,60,2025-06-18 09:57:47,Medium
RA001571,35,2025-08-31 14:29:23,Medium
RA001572,93,2025-04-25 04:04:38,High
RA001573,73,2025-05-04 20:57:50,High
RA001574,54,2025-04-18 10:45:11,Medium
RA001575,70,2025-08-12 10:46:38,High
RA001576,72,2025-02-01 21:27:28,High
RA001577,38,2025-02-09 07:09:03,Medium
RA001578,33,2025-06-19 07:43:28,Medium
RA001579,51,2025-08-31 01:16:34,Medium
RA001580,67,2025-08-13 21:36:38,Medium
RA001581,52,2025-06-08 08:02:37,Medium
RA001582,18,2025-01-24 09:24:35,Low
RA001583,33,2025-03-24 21:17:26,Medium
RA001584,48,2025-04-12 16:27:31,Medium
RA001585,48,2025-06-07 07:55:51,Medium
RA001586,89,2025-03-28 09:16:26,High
RA001587,22,2025-03-30 19:55:44,Low
RA001588,60,2025-05-11 23:36:13,Medium
RA001589,79,2025-06-30 00:36:52,High
RA001590,95,2025-04-17 07:58:11,High
RA001591,41,2024-12-04 10:18:34,Medium
RA001592,59,2025-01-04 17:40:38,Medium
RA001593,61,2025-05-19 17:40:31,Medium
RA001594,53,2025-05-14 07:56:57,Medium
RA001595,48,2025-01-03 17:07:57,Medium
RA001596,58,2025-06-14 03:44:36,Medium
RA001597,0,2025-04-28 19:09:07,Low
RA001598,63,2025-07-31 23:24:53,Medium
RA001599,52,2024-12-18 07:13:20,Medium
RA001600,45,2025-05-30 01:28:33,Medium
RA001601,90,2025-06-18 05:41:17,High
RA001602,36,2025-09-22 17:37:12,Medium
RA001603,41,2025-03-13 17:45:12,Medium
RA001604,89,2025-06-30 09:11:09,High
RA001605,33,2025-01-12 07:45:08,Medium
RA001606,38,2025-01-04 11:55:33,Medium
RA001607,47,2024-12-18 00:33:51,Medium
RA001608,66,2025-10-14 15:36:35,Medium
RA001609,54,2025-05-26 14:06:59,Medium
RA001610,24,2025-05-11 23:56:15,Low
RA001611,39,2025-02-14 08:56:43,Medium
RA001612,37,2025-03-23 10:20:39,Medium
RA001613,48,2025-08-06 20:22:47,Medium
RA001614,58,2025-03-19 05:22:56,Medium
RA001615,58,2025-06-13 07:26:11,Medium
RA001616,14,2025-07-22 06:58:09,Low
RA001617,71,2025-08-10 23:03:30,High
RA001618,55,2025-05-10 22:35:39,Medium
RA001619,77,2025-11-28 17:24:52,High
RA001620,58,2025-09-04 07:40:08,Medium
RA001621,72,2025-08-15 17:17:37,High
RA001622,59,2025-05-05 01:23:18,Medium
RA001623,76,2025-04-07 19:17:52,High
RA001624,60,2024-12-28 06:39:40,Medium
RA001625,48,2025-07-07 15:20:54,Medium
RA001626,95,2025-07-31 17:07:10,High
RA001627,67,2024-12-08 12:07:18,Medium
RA001628,61,2025-03-04 03:22:45,Medium
RA001629,24,2025-03-04 09:52:28,Low
RA001630,24,2025-09-07 02:09:27,Low
RA001631,55,2025-11-18 10:18:00,Medium
RA001632,52,2025-06-01 10:58:36,Medium
RA001633,37,2025-08-28 19:06:31,Medium
RA001634,52,2025-03-09 01:50:54,Medium
RA001635,81,2025-01-28 20:44:20,High
RA001636,63,2025-11-29 13:01:28,Medium
RA001637,27,2025-08-15 08:45:26,Low
RA001638,47,2025-10-31 17:11:11,Medium
RA001639,33,2025-08-03 13:27:01,Medium
RA001640,42,2025-04-09 11:44:34,Medium
RA001641,41,2025-06-29 14:57:52,Medium
RA001642,40,2025-04-28 15:58:10,Medium
RA001643,24,2025-07-28 05:27:38,Low
RA001644,47,2025-08-02 01:33:54,Medium
RA001645,38,2025-02-21 16:29:38,Medium
RA001646,0,2025-06-11 15:22:24,Low
RA001647,91,2025-06-11 21:39:46,High
RA001648,71,2025-06-25 18:37:29,High
RA001649,42,2025-03-25 19:14:01,Medium
RA001650,50,2025-05-13 13:22:21,Medium
RA001651,26,2025-08-19 14:32:15,Low
RA001652,83,2025-01-22 16:29:44,High
RA001653,87,2025-05-04 09:31:49,High
RA001654,53,2025-08-19 22:40:56,Medium
RA001655,70,2025-05-14 18:38:32,High
RA001656,53,2025-07-07 13:20:12,Medium
RA001657,23,2025-03-27 09:00:30,Low
RA001658,41,2025-03-05 12:07:06,Medium
RA001659,52,2025-06-23 04:45:43,Medium
RA001660,40,2025-03-03 21:14:17,Medium
RA001661,45,2025-07-20 12:00:19,Medium
RA001662,48,2024-12-15 04:16:49,Medium
RA001663,48,2025-04-06 00:18:46,Medium
RA001664,51,2025-02-04 14:03:01,Medium
RA001665,28,2025-05-10 02:03:13,Low
RA001666,35,2025-10-29 15:17:09,Medium
RA001667,24,2025-10-20 13:28:06,Low
RA001668,69,2025-02-08 02:42:20,Medium
RA001669,7,2025-02-28 00:52:52,Low
RA001670,73,2025-04-25 23:54:39,High
RA001671,77,2025-05-24 11:44:31,High
RA001672,43,2024-12-21 11:19:27,Medium
RA001673,0,2025-02-25 07:54:19,Low
RA001674,42,2025-09-29 21:33:35,Medium
RA001675,48,2025-08-22 02:06:36,Medium
RA001676,29,2025-05-03 04:15:58,Low
RA001677,39,2025-03-31 03:41:13,Medium
RA001678,80,2025-06-06 08:22:00,High
RA001679,63,2025-07-08 14:41:38,Medium
RA001680,31,2024-12-19 05:54:48,Medium
RA001681,18,2025-03-28 14:34:34,Low
RA001682,43,2025-09-17 05:37:00,Medium
RA001683,45,2025-04-27 06:20:25,Medium
RA001684,59,2025-11-13 10:38:21,Medium
RA001685,39,2025-08-02 10:14:04,Medium
RA001686,60,2025-11-26 10:29:02,Medium
RA001687,88,2025-02-25 13:29:02,High
RA001688,66,2025-02-01 21:36:33,Medium
RA001689,49,2025-04-22 19:54:58,Medium
RA001690,46,2025-04-10 16:12:31,Medium
RA001691,42,2025-08-02 02:37:34,Medium
RA001692,73,2024-12-06 21:55:18,High
RA001693,37,2025-07-22 17:23:04,Medium
RA001694,50,2025-01-03 15:41:04,Medium
RA001695,51,2025-12-02 18:34:11,Medium
RA001696,39,2025-10-13 12:03:53,Medium
RA001697,22,2025-02-26 03:31:47,Low
RA001698,56,2025-07-15 16:33:36,Medium
RA001699,48,2025-05-04 06:16:20,Medium
RA001700,60,2025-05-09 02:55:46,Medium
RA001701,39,2024-12-03 08:20:34,Medium
RA001702,74,2025-09-13 20:41:23,High
RA001703,32,2025-02-05 10:39:52,Medium
RA001704,84,2025-11-28 14:41:15,High
RA001705,15,2025-09-16 09:47:41,Low
RA001706,58,2025-01-03 05:57:43,Medium
RA001707,59,2025-08-17 20:39:32,Medium
RA001708,34,2025-07-22 07:18:09,Medium
RA001709,58,2025-10-09 05:51:53,Medium
RA001710,75,2025-10-10 05:16:59,High
RA001711,5,2025-05-01 07:30:47,Low
RA001712,60,2025-05-30 16:11:29,Medium
RA001713,0,2025-09-19 17:25:16,Low
RA001714,30,2025-11-12 00:10:15,Medium
RA001715,82,2025-06-06 16:14:05,High
RA001716,38,2025-04-29 22:10:03,Medium
RA001717,26,2025-04-18 20:48:24,Low
RA001718,46,2025-10-18 21:01:43,Medium
RA001719,91,2025-11-05 00:49:46,High
RA001720,13,2025-02-12 21:03:21,Low
RA001721,28,2025-02-09 12:31:38,Low
RA001722,79,2025-07-15 15:36:07,High
RA001723,87,2024-12-22 08:57:47,High
RA001724,47,2025-03-01 03:40:09,Medium
RA001725,25,2025-03-02 03:43:50,Low
RA001726,91,2025-03-12 06:23:23,High
RA001727,81,2025-08-29 06:36:02,High
RA001728,63,2025-05-06 06:34:25,Medium
RA001729,33,2025-11-24 13:29:38,Medium
RA001730,49,2025-05-09 14:47:54,Medium
RA001731,46,2024-12-21 23:10:41,Medium
RA001732,56,2024-12-26 01:44:58,Medium
RA001733,79,2025-07-31 23:19:39,High
RA001734,67,2025-01-27 09:33:13,Medium
RA001735,28,2025-08-27 00:29:13,Low
RA001736,77,2025-04-10 22:32:35,High
RA001737,56,2025-03-24 07:54:30,Medium
RA001738,63,2025-07-16 18:01:36,Medium
RA001739,79,2025-10-14 15:21:49,High
RA001740,27,2025-04-30 06:01:57,Low
RA001741,49,2025-04-07 12:50:49,Medium
RA001742,39,2025-11-10 07:27:00,Medium
RA001743,18,2025-06-27 19:15:42,Low
RA001744,56,2025-05-08 02:10:41,Medium
RA001745,100,2025-06-23 06:43:38,High
RA001746,13,2025-07-28 18:13:29,Low
RA001747,49,2025-07-20 17:56:35,Medium
RA001748,62,2025-11-18 10:22:30,Medium
RA001749,52,2025-02-13 19:46:57,Medium
RA001750,47,2025-04-30 00:30:15,Medium
RA001751,24,2025-05-20 11:15:01,Low
RA001752,54,2025-07-17 16:44:19,Medium
RA001753,34,2025-01-31 15:11:44,Medium
RA001754,6,2025-06-06 02:03:09,Low
RA001755,73,2025-09-26 17:41:31,High
RA001756,69,2025-11-05 14:23:23,Medium
RA001757,51,2025-08-17 17:41:31,Medium
RA001758,54,2025-09-12 03:36:51,Medium
RA001759,71,2025-01-03 13:59:33,High
RA001760,54,2025-06-25 20:37:01,Medium
RA001761,68,2025-08-11 14:29:22,Medium
RA001762,44,2024-12-05 04:56:06,Medium
RA001763,76,2025-03-27 07:28:20,High
RA001764,56,2025-05-18 03:55:18,Medium
RA001765,53,2025-09-04 06:43:33,Medium
RA001766,24,2025-07-04 23:34:46,Low
RA001767,55,2025-04-15 04:41:14,Medium
RA001768,33,2025-05-21 05:40:46,Medium
RA001769,37,2025-03-05 09:52:42,Medium
RA001770,33,2025-06-12 14:19:07,Medium
RA001771,28,2025-04-12 14:18:55,Low
RA001772,92,2025-08-09 05:12:57,High
RA001773,76,2025-03-19 07:05:55,High
RA001774,88,2025-10-23 11:10:22,High
RA001775,25,2025-11-30 22:00:14,Low
RA001776,51,2025-10-30 10:13:58,Medium
RA001777,24,2025-10-15 13:53:47,Low
RA001778,36,2024-12-17 15:53:29,Medium
RA001779,31,2025-09-14 16:17:41,Medium
RA001780,74,2024-12-15 10:08:55,High
RA001781,42,2025-05-16 17:56:05,Medium
RA001782,71,2025-02-19 05:45:07,High
RA001783,62,2025-08-04 20:03:40,Medium
RA001784,96,2025-03-25 12:00:58,High
RA001785,20,2025-02-19 22:28:12,Low
RA001786,75,2025-07-02 00:32:36,High
RA001787,72,2025-09-11 06:05:37,High
RA001788,30,2025-09-16 00:27:34,Medium
RA001789,70,2025-07-14 10:45:03,High
RA001790,56,2025-02-14 15:13:16,Medium
RA001791,45,2025-07-24 05:54:37,Medium
RA001792,33,2025-10-14 21:33:38,Medium
RA001793,35,2025-01-28 23:13:00,Medium
RA001794,90,2025-08-06 18:01:33,High
RA001795,50,2025-04-10 10:20:08,Medium
RA001796,65,2025-03-04 03:44:57,Medium
RA001797,34,2025-11-18 08:05:35,Medium
RA001798,34,2025-04-01 11:28:47,Medium
RA001799,71,2025-08-18 09:50:16,High
RA001800,23,2025-06-04 15:03:12,Low
RA001801,41,2025-03-28 14:31:16,Medium
RA001802,50,2025-01-11 17:42:07,Medium
RA001803,52,2025-01-06 13:33:35,Medium
RA001804,46,2025-01-21 08:11:42,Medium
RA001805,57,2024-12-26 02:36:28,Medium
RA001806,63,2025-05-20 23:53:38,Medium
RA001807,64,2025-09-08 07:08:00,Medium
RA001808,30,2025-05-30 04:11:46,Medium
RA001809,44,2025-09-04 14:35:45,Medium
RA001810,73,2025-07-19 04:02:03,High
RA001811,67,2025-01-06 10:25:33,Medium
RA001812,22,2025-10-22 22:51:45,Low
RA001813,57,2025-05-08 03:13:41,Medium
RA001814,10,2025-04-10 20:55:56,Low
RA001815,50,2025-08-08 15:42:14,Medium
RA001816,87,2025-01-19 16:38:30,High
RA001817,31,2025-03-04 00:04:26,Medium
RA001818,33,2025-06-12 19:11:33,Medium
RA001819,65,2025-01-13 14:29:34,Medium
RA001820,19,2025-10-09 10:27:33,Low
RA001821,37,2025-01-15 02:29:18,Medium
RA001822,61,2024-12-12 09:39:21,Medium
RA001823,37,2024-12-27 10:51:07,Medium
RA001824,45,2025-04-17 14:12:24,Medium
RA001825,64,2025-01-28 23:15:16,Medium
RA001826,58,2025-05-01 08:46:34,Medium
RA001827,55,2025-06-28 14:50:52,Medium
RA001828,43,2025-07-12 02:08:38,Medium
RA001829,57,2025-03-28 22:42:37,Medium
RA001830,47,2025-03-06 20:49:14,Medium
RA001831,59,2025-05-21 18:38:13,Medium
RA001832,40,2025-02-26 03:39:25,Medium
RA001833,46,2025-02-07 19:50:13,Medium
RA001834,30,2025-07-26 02:07:41,Medium
RA001835,49,2025-05-06 12:51:41,Medium
RA001836,33,2024-12-25 20:28:04,Medium
RA001837,27,2024-12-09 12:35:10,Low
RA001838,55,2025-09-28 03:34:38,Medium
RA001839,54,2025-04-19 22:55:21,Medium
RA001840,65,2025-10-19 20:12:28,Medium
RA001841,41,2025-02-24 01:15:34,Medium
RA001842,58,2025-03-13 01:30:13,Medium
RA001843,61,2025-07-22 21:39:50,Medium
RA001844,58,2024-12-15 07:12:53,Medium
RA001845,33,2025-04-30 08:33:41,Medium
RA001846,52,2025-04-04 21:58:31,Medium
RA001847,57,2025-05-06 19:11:20,Medium
RA001848,50,2025-04-29 17:32:18,Medium
RA001849,8,2025-10-14 11:47:17,Low
RA001850,53,2025-08-31 06:47:36,Medium
RA001851,94,2025-04-09 22:42:15,High
RA001852,42,2025-08-08 08:19:23,Medium
RA001853,35,2025-02-11 03:21:40,Medium
RA001854,57,2025-04-11 11:15:28,Medium
RA001855,56,2025-04-14 21:47:26,Medium
RA001856,73,2025-11-12 17:59:44,High
RA001857,24,2025-07-04 18:32:12,Low
RA001858,64,2025-10-27 02:27:31,Medium
RA001859,61,2025-06-29 21:48:50,Medium
RA001860,47,2025-10-08 17:12:02,Medium
RA001861,56,2025-01-21 10:28:44,Medium
RA001862,70,2024-12-24 00:21:28,High
RA001863,67,2025-01-20 16:00:32,Medium
RA001864,27,2025-02-09 11:25:14,Low
RA001865,66,2024-12-25 06:49:08,Medium
RA001866,48,2025-07-17 12:39:46,Medium
RA001867,51,2025-02-10 18:43:19,Medium
RA001868,51,2025-01-19 10:43:58,Medium
RA001869,46,2025-01-17 06:19:45,Medium
RA001870,73,2024-12-21 14:33:27,High
RA001871,48,2025-09-30 12:05:52,Medium
RA001872,27,2025-08-24 20:52:49,Low
RA001873,42,2025-06-28 03:01:49,Medium
RA001874,53,2025-11-26 16:44:19,Medium
RA001875,74,2025-02-21 23:32:17,High
RA001876,62,2025-11-26 04:04:13,Medium
RA001877,32,2024-12-31 12:55:59,Medium
RA001878,99,2025-09-07 05:16:40,High
RA001879,55,2025-09-19 08:07:23,Medium
RA001880,75,2025-02-15 04:04:37,High
RA001881,46,2025-03-11 13:28:51,Medium
RA001882,60,2025-11-19 05:03:00,Medium
RA001883,66,2025-06-15 03:26:52,Medium
RA001884,74,2025-01-20 17:51:05,High
RA001885,71,2025-08-22 19:53:28,High
RA001886,67,2025-06-17 11:32:11,Medium
RA001887,43,2025-10-30 05:33:47,Medium
RA001888,38,2025-05-20 18:04:43,Medium
RA001889,56,2025-08-24 01:26:33,Medium
RA001890,68,2025-09-21 12:56:14,Medium
RA001891,45,2024-12-29 13:02:42,Medium
RA001892,71,2025-07-01 11:05:53,High
RA001893,79,2025-02-11 03:12:09,High
RA001894,31,2025-11-14 09:20:39,Medium
RA001895,33,2025-02-21 08:11:15,Medium
RA001896,47,2025-08-11 22:38:24,Medium
RA001897,56,2025-02-20 04:08:44,Medium
RA001898,39,2025-06-13 12:29:35,Medium
RA001899,77,2025-09-02 19:59:34,High
RA001900,58,2025-08-01 20:49:28,Medium
RA001901,50,2025-07-29 08:14:24,Medium
RA001902,21,2025-04-25 05:36:08,Low
RA001903,23,2025-07-25 04:47:00,Low
RA001904,55,2025-01-08 05:34:08,Medium
RA001905,7,2025-11-13 16:30:17,Low
RA001906,70,2025-03-29 02:42:42,High
RA001907,46,2025-07-03 18:05:12,Medium
RA001908,100,2025-06-04 05:45:26,High
RA001909,96,2025-02-28 13:49:10,High
RA001910,46,2025-08-21 15:45:31,Medium
RA001911,47,2025-04-11 19:25:59,Medium
RA001912,69,2025-05-16 03:15:56,Medium
RA001913,84,2025-01-16 06:44:58,High
RA001914,17,2025-04-05 13:28:24,Low
RA001915,14,2025-09-11 18:40:04,Low
RA001916,37,2025-02-27 11:02:36,Medium
RA001917,61,2025-06-06 05:15:46,Medium
RA001918,59,2025-10-26 17:15:41,Medium
RA001919,71,2025-04-15 16:20:48,High
RA001920,26,2025-10-08 00:10:43,Low
RA001921,3,2024-12-06 15:09:27,Low
RA001922,67,2025-01-20 00:19:53,Medium
RA001923,33,2025-04-19 11:01:12,Medium
RA001924,9,2025-01-14 09:53:36,Low
RA001925,52,2024-12-04 12:09:06,Medium
RA001926,65,2025-11-03 10:24:31,Medium
RA001927,47,2024-12-03 11:10:06,Medium
RA001928,40,2025-09-14 00:47:19,Medium
RA001929,46,2025-05-26 21:19:39,Medium
RA001930,42,2025-03-29 19:53:10,Medium
RA001931,23,2025-07-30 20:48:29,Low
RA001932,35,2025-10-21 04:24:32,Medium
RA001933,60,2025-05-11 19:06:52,Medium
RA001934,56,2025-01-14 15:58:31,Medium
RA001935,53,2025-05-20 09:22:48,Medium
RA001936,30,2025-05-31 03:49:51,Medium
RA001937,46,2024-12-20 19:27:44,Medium
RA001938,6,2025-08-12 05:49:08,Low
RA001939,53,2025-03-01 10:45:26,Medium
RA001940,78,2025-10-02 08:09:27,High
RA001941,20,2025-03-20 08:26:02,Low
RA001942,38,2025-05-31 16:59:26,Medium
RA001943,56,2025-08-12 14:31:40,Medium
RA001944,75,2025-10-28 05:06:58,High
RA001945,41,2025-10-05 20:07:58,Medium
RA001946,36,2025-08-05 00:20:57,Medium
RA001947,10,2025-05-27 15:16:58,Low
RA001948,52,2025-05-18 12:36:22,Medium
RA001949,90,2025-06-11 09:45:27,High
RA001950,55,2024-12-03 04:53:04,Medium
RA001951,49,2025-03-18 17:51:48,Medium
RA001952,56,2025-06-19 22:54:12,Medium
RA001953,49,2025-07-10 21:40:25,Medium
RA001954,33,2025-05-25 09:41:28,Medium
RA001955,66,2025-10-10 13:45:13,Medium
RA001956,54,2025-03-12 07:19:51,Medium
RA001957,50,2025-10-24 20:56:01,Medium
RA001958,30,2025-01-27 18:06:59,Medium
RA001959,76,2025-07-08 01:36:23,High
RA001960,63,2025-06-26 17:01:20,Medium
RA001961,38,2025-02-04 03:30:40,Medium
RA001962,70,2025-09-22 03:42:35,High
RA001963,40,2025-06-17 14:34:17,Medium
RA001964,34,2025-09-23 19:48:49,Medium
RA001965,34,2025-07-31 12:19:27,Medium
RA001966,14,2025-02-01 15:11:01,Low
RA001967,59,2025-05-10 21:10:38,Medium
RA001968,13,2025-03-22 01:01:31,Low
RA001969,25,2025-05-02 08:39:28,Low
RA001970,8,2025-02-06 13:25:41,Low
RA001971,48,2025-06-19 20:11:33,Medium
RA001972,46,2025-12-02 14:34:07,Medium
RA001973,43,2025-06-17 01:10:35,Medium
RA001974,29,2025-02-02 01:03:38,Low
RA001975,26,2025-03-27 02:01:32,Low
RA001976,59,2025-03-18 10:49:54,Medium
RA001977,38,2025-06-05 21:12:54,Medium
RA001978,56,2024-12-11 01:36:04,Medium
RA001979,32,2025-08-16 20:29:23,Medium
RA001980,53,2025-07-28 12:05:56,Medium
RA001981,76,2025-08-07 17:03:59,High
RA001982,61,2025-04-23 00:13:07,Medium
RA001983,41,2025-03-13 00:11:47,Medium
RA001984,55,2025-09-17 15:40:06,Medium
RA001985,45,2025-08-04 19:13:49,Medium
RA001986,50,2025-11-05 21:50:07,Medium
RA001987,43,2024-12-21 10:17:19,Medium
RA001988,46,2025-11-16 15:55:22,Medium
RA001989,54,2025-11-24 20:40:15,Medium
RA001990,30,2025-06-06 08:51:54,Medium
RA001991,29,2025-05-06 03:19:44,Low
RA001992,22,2025-07-05 04:37:46,Low
RA001993,17,2025-01-06 01:19:30,Low
RA001994,25,2025-07-07 21:43:27,Low
RA001995,53,2025-08-09 00:46:28,Medium
RA001996,32,2025-11-17 12:51:45,Medium
RA001997,60,2025-09-18 12:30:23,Medium
RA001998,50,2025-01-09 03:53:44,Medium
RA001999,10,2025-10-27 11:39:37,Low
